txn_id,date,amount,narration,type
bnk_000001,2026-08-03,15784.44,RAZORPAY SETTLEMENT UTR:UTR100001 ORD:order_000001,credit
bnk_000011,2026-08-03,10850.25,RAZORPAY SETTLEMENT UTR:UTR100011 ORD:order_000011,credit
bnk_000056,2026-08-03,21079.6,RAZORPAY SETTLEMENT UTR:UTR100059 ORD:order_000059,credit
bnk_000071,2026-08-03,8242.59,RAZORPAY SETTLEMENT UTR:UTR100074 ORD:order_000074,credit
bnk_000113,2026-08-03,24392.83,RAZORPAY SETTLEMENT UTR:UTR100116 ORD:order_000116,credit
bnk_000181,2026-08-03,21573.27,RAZORPAY SETTLEMENT UTR:UTR100184 ORD:order_000184,credit
bnk_000195,2026-08-03,8409.9,RAZORPAY SETTLEMENT UTR:UTR100198 ORD:order_000198,credit
bnk_000203,2026-08-03,17443.63,RAZORPAY SETTLEMENT UTR:UTR100206 ORD:order_000206,credit
bnk_000216,2026-08-03,10202.24,RAZORPAY SETTLEMENT UTR:UTR100219 ORD:order_000219,credit
bnk_000233,2026-08-03,4018.37,RAZORPAY SETTLEMENT UTR:UTR100237 ORD:order_000237,credit
bnk_000261,2026-08-03,23119.71,RAZORPAY SETTLEMENT UTR:UTR100265 ORD:order_000265,credit
bnk_000263,2026-08-03,9587.6,RAZORPAY SETTLEMENT UTR:UTR100267 ORD:order_000267,credit
bnk_000269,2026-08-03,10914.18,RAZORPAY SETTLEMENT UTR:UTR100273 ORD:order_000273,credit
bnk_000274,2026-08-03,14647.33,RAZORPAY SETTLEMENT UTR:UTR100278 ORD:order_000278,credit
bnk_000287,2026-08-03,1451.24,RAZORPAY SETTLEMENT UTR:UTR100291 ORD:order_000291,credit
bnk_000357,2026-08-03,2942.28,RAZORPAY SETTLEMENT UTR:UTR100361 ORD:order_000361,credit
bnk_000380,2026-08-03,2283.89,RAZORPAY SETTLEMENT UTR:UTR100384 ORD:order_000384,credit
bnk_000403,2026-08-03,14533.24,RAZORPAY SETTLEMENT UTR:UTR100407 ORD:order_000407,credit
bnk_000420,2026-08-03,21178.41,RAZORPAY SETTLEMENT UTR:UTR100424 ORD:order_000424,credit
bnk_000445,2026-08-03,6879.46,IMPS/cust_0450/razorpay payout ref UTR100450,credit
bnk_000493,2026-08-03,6596.07,RAZORPAY SETTLEMENT UTR:UTR100498 ORD:order_000498,credit
bnk_000576,2026-08-03,3117.85,RAZORPAY SETTLEMENT UTR:UTR100581 ORD:order_000581,credit
bnk_000579,2026-08-03,14574.62,RAZORPAY SETTLEMENT UTR:UTR100584 ORD:order_000584,credit
bnk_000658,2026-08-03,8337.48,RAZORPAY SETTLEMENT UTR:UTR100663 ORD:order_000663,credit
bnk_000728,2026-08-03,12652.16,RAZORPAY SETTLEMENT UTR:UTR100734 ORD:order_000734,credit
bnk_000777,2026-08-03,11219.56,RAZORPAY SETTLEMENT UTR:UTR100783 ORD:order_000783,credit
bnk_000778,2026-08-03,22157.94,RAZORPAY SETTLEMENT UTR:UTR100784 ORD:order_000784,credit
bnk_000787,2026-08-03,14763.28,RAZORPAY SETTLEMENT UTR:UTR100793 ORD:order_000793,credit
bnk_000790,2026-08-03,7455.95,RAZORPAY SETTLEMENT UTR:UTR100796 ORD:order_000796,credit
bnk_000800,2026-08-03,6555.97,RAZORPAY SETTLEMENT UTR:UTR100806 ORD:order_000806,credit
bnk_000853,2026-08-03,23465.57,RAZORPAY SETTLEMENT UTR:UTR100859 ORD:order_000859,credit
bnk_000900,2026-08-03,1473.64,RAZORPAY SETTLEMENT UTR:UTR100907 ORD:order_000907,credit
bnk_000963,2026-08-03,7659.73,RAZORPAY SETTLEMENT UTR:UTR100970 ORD:order_000970,credit
bnk_001030,2026-08-03,21461.48,RAZORPAY SETTLEMENT UTR:UTR101037 ORD:order_001037,credit
bnk_001086,2026-08-03,6575.28,RAZORPAY SETTLEMENT UTR:UTR101093 ORD:order_001093,credit
bnk_001104,2026-08-03,20458.64,RAZORPAY SETTLEMENT UTR:UTR101111 ORD:order_001111,credit
bnk_001111,2026-08-03,15198.27,RAZORPAY SETTLEMENT UTR:UTR101119 ORD:order_001119,credit
bnk_001151,2026-08-03,7741.01,RAZORPAY SETTLEMENT UTR:UTR101159 ORD:order_001159,credit
bnk_001168,2026-08-03,18220.29,RAZORPAY SETTLEMENT UTR:UTR101176 ORD:order_001176,credit
bnk_001193,2026-08-03,13684.5,RAZORPAY SETTLEMENT UTR:UTR101201 ORD:order_001201,credit
bnk_001253,2026-08-03,10249.35,RAZORPAY SETTLEMENT UTR:UTR101261 ORD:order_001261,credit
bnk_001318,2026-08-03,8740.44,RAZORPAY SETTLEMENT UTR:UTR101326 ORD:order_001326,credit
bnk_001416,2026-08-03,8317.55,RAZORPAY SETTLEMENT UTR:UTR101425 ORD:order_001425,credit
bnk_001430,2026-08-03,11044.56,RAZORPAY SETTLEMENT UTR:UTR101439 ORD:order_001439,credit
bnk_001441,2026-08-03,17321.92,RAZORPAY SETTLEMENT UTR:UTR101450 ORD:order_001450,credit
bnk_001469,2026-08-03,7304.02,RAZORPAY SETTLEMENT UTR:UTR101478 ORD:order_001478,credit
bnk_001478,2026-08-03,21748.08,RAZORPAY SETTLEMENT UTR:UTR101487 ORD:order_001487,credit
bnk_001512,2026-08-03,18942.2,RAZORPAY SETTLEMENT UTR:UTR101521 ORD:order_001521,credit
bnk_001523,2026-08-03,549.64,RAZORPAY SETTLEMENT UTR:UTR101532 ORD:order_001532,credit
bnk_001547,2026-08-03,8737.0,RAZORPAY SETTLEMENT UTR:UTR101557 ORD:order_001557,credit
bnk_001619,2026-08-03,6957.51,RAZORPAY SETTLEMENT UTR:UTR101629 ORD:order_001629,credit
bnk_001632,2026-08-03,22352.25,RAZORPAY SETTLEMENT UTR:UTR101642 ORD:order_001642,credit
bnk_001660,2026-08-03,3534.6,RAZORPAY SETTLEMENT UTR:UTR101670 ORD:order_001670,credit
bnk_001692,2026-08-03,21855.78,RAZORPAY SETTLEMENT UTR:UTR101702 ORD:order_001702,credit
bnk_001744,2026-08-03,11448.14,RAZORPAY SETTLEMENT UTR:UTR101754 ORD:order_001754,credit
bnk_001762,2026-08-03,21946.8,RAZORPAY SETTLEMENT UTR:UTR101772 ORD:order_001772,credit
bnk_001776,2026-08-03,21523.42,RAZORPAY SETTLEMENT UTR:UTR101787 ORD:order_001787,credit
bnk_001783,2026-08-03,22569.77,RAZORPAY SETTLEMENT UTR:UTR101794 ORD:order_001794,credit
bnk_001796,2026-08-03,12766.81,RAZORPAY SETTLEMENT UTR:UTR101807 ORD:order_001807,credit
bnk_001807,2026-08-03,14470.19,RAZORPAY SETTLEMENT UTR:UTR101818 ORD:order_001818,credit
bnk_001819,2026-08-03,16773.11,RAZORPAY SETTLEMENT UTR:UTR101830 ORD:order_001830,credit
bnk_001864,2026-08-03,5047.14,RAZORPAY SETTLEMENT UTR:UTR101875 ORD:order_001875,credit
bnk_001880,2026-08-03,5540.25,RAZORPAY SETTLEMENT UTR:UTR101891 ORD:order_001891,credit
bnk_001909,2026-08-03,8396.83,RAZORPAY SETTLEMENT UTR:UTR101920 ORD:order_001920,credit
bnk_000004,2026-08-04,14613.85,NEFT-RZPY-100005/settlemnt,credit
bnk_000018,2026-08-04,14930.41,RAZORPAY SETTLEMENT UTR:UTR100018 ORD:order_000018,credit
bnk_000036,2026-08-04,16865.41,RAZORPAY SETTLEMENT UTR:UTR100038 ORD:order_000038,credit
bnk_000037,2026-08-04,5967.45,RAZORPAY SETTLEMENT UTR:UTR100039 ORD:order_000039,credit
bnk_000103,2026-08-04,21152.73,RAZORPAY SETTLEMENT UTR:UTR100106 ORD:order_000106,credit
bnk_000123,2026-08-04,5696.0,RAZORPAY SETTLEMENT UTR:UTR100126 ORD:order_000126,credit
bnk_000161,2026-08-04,12174.76,RAZORPAY SETTLEMENT UTR:UTR100164 ORD:order_000164,credit
bnk_000163,2026-08-04,20327.7,RAZORPAY SETTLEMENT UTR:UTR100166 ORD:order_000166,credit
bnk_000172,2026-08-04,10769.46,RAZORPAY SETTLEMENT UTR:UTR100175 ORD:order_000175,credit
bnk_000173,2026-08-04,7862.29,RAZORPAY SETTLEMENT UTR:UTR100176 ORD:order_000176,credit
bnk_000186,2026-08-04,9639.28,RAZORPAY SETTLEMENT UTR:UTR100189 ORD:order_000189,credit
bnk_000202,2026-08-04,5035.22,RAZORPAY SETTLEMENT UTR:UTR100205 ORD:order_000205,credit
bnk_000353,2026-08-04,3516.28,RAZORPAY SETTLEMENT UTR:UTR100357 ORD:order_000357,credit
bnk_000360,2026-08-04,4898.51,RAZORPAY SETTLEMENT UTR:UTR100364 ORD:order_000364,credit
bnk_000364,2026-08-04,14291.59,RAZORPAY SETTLEMENT UTR:UTR100368 ORD:order_000368,credit
bnk_000374,2026-08-04,14090.84,RAZORPAY SETTLEMENT UTR:UTR100378 ORD:order_000378,credit
bnk_000382,2026-08-04,11729.35,RAZORPAY SETTLEMENT UTR:UTR100386 ORD:order_000386,credit
bnk_000422,2026-08-04,11539.5,RAZORPAY SETTLEMENT UTR:UTR100426 ORD:order_000426,credit
bnk_000425,2026-08-04,15449.1,RAZORPAY SETTLEMENT UTR:UTR100429 ORD:order_000429,credit
bnk_000474,2026-08-04,21357.17,RAZORPAY SETTLEMENT UTR:UTR100479 ORD:order_000479,credit
bnk_000481,2026-08-04,22099.73,RAZORPAY SETTLEMENT UTR:UTR100486 ORD:order_000486,credit
bnk_000482,2026-08-04,8247.83,RAZORPAY SETTLEMENT UTR:UTR100487 ORD:order_000487,credit
bnk_000507,2026-08-04,21182.17,RAZORPAY SETTLEMENT UTR:UTR100512 ORD:order_000512,credit
bnk_000516,2026-08-04,19353.18,RAZORPAY SETTLEMENT UTR:UTR100521 ORD:order_000521,credit
bnk_000545,2026-08-04,3831.92,RAZORPAY SETTLEMENT UTR:UTR100550 ORD:order_000550,credit
bnk_000565,2026-08-04,23718.5,RAZORPAY SETTLEMENT UTR:UTR100570 ORD:order_000570,credit
bnk_000580,2026-08-04,4656.48,RAZORPAY SETTLEMENT UTR:UTR100585 ORD:order_000585,credit
bnk_000586,2026-08-04,23104.24,RAZORPAY SETTLEMENT UTR:UTR100591 ORD:order_000591,credit
bnk_000589,2026-08-04,23549.44,RAZORPAY SETTLEMENT UTR:UTR100594 ORD:order_000594,credit
bnk_000618,2026-08-04,21254.52,RAZORPAY SETTLEMENT UTR:UTR100623 ORD:order_000623,credit
bnk_000643,2026-08-04,14750.94,RAZORPAY SETTLEMENT UTR:UTR100648 ORD:order_000648,credit
bnk_000654,2026-08-04,24037.91,RAZORPAY SETTLEMENT UTR:UTR100659 ORD:order_000659,credit
bnk_000696,2026-08-04,11533.92,RAZORPAY SETTLEMENT UTR:UTR100702 ORD:order_000702,credit
bnk_000701,2026-08-04,13748.44,RAZORPAY SETTLEMENT UTR:UTR100707 ORD:order_000707,credit
bnk_000705,2026-08-04,4097.07,RAZORPAY SETTLEMENT UTR:UTR100711 ORD:order_000711,credit
bnk_000714,2026-08-04,16728.65,RAZORPAY SETTLEMENT UTR:UTR100720 ORD:order_000720,credit
bnk_000743,2026-08-04,17740.19,RAZORPAY SETTLEMENT UTR:UTR100749 ORD:order_000749,credit
bnk_000756,2026-08-04,21371.98,RAZORPAY SETTLEMENT UTR:UTR100762 ORD:order_000762,credit
bnk_000783,2026-08-04,7692.28,RAZORPAY SETTLEMENT UTR:UTR100789 ORD:order_000789,credit
bnk_000798,2026-08-04,21379.86,RAZORPAY SETTLEMENT UTR:UTR100804 ORD:order_000804,credit
bnk_000816,2026-08-04,11812.77,RAZORPAY SETTLEMENT UTR:UTR100822 ORD:order_000822,credit
bnk_000818,2026-08-04,7332.5,RAZORPAY SETTLEMENT UTR:UTR100824 ORD:order_000824,credit
bnk_000834,2026-08-04,8897.83,RAZORPAY SETTLEMENT UTR:UTR100840 ORD:order_000840,credit
bnk_000837,2026-08-04,7056.06,RAZORPAY SETTLEMENT UTR:UTR100843 ORD:order_000843,credit
bnk_000846,2026-08-04,23201.16,RAZORPAY SETTLEMENT UTR:UTR100852 ORD:order_000852,credit
bnk_000921,2026-08-04,3858.24,RAZORPAY SETTLEMENT UTR:UTR100928 ORD:order_000928,credit
bnk_000952,2026-08-04,12450.96,RAZORPAY SETTLEMENT UTR:UTR100959 ORD:order_000959,credit
bnk_000970,2026-08-04,14306.25,RAZORPAY SETTLEMENT UTR:UTR100977 ORD:order_000977,credit
bnk_000980,2026-08-04,22508.71,RAZORPAY SETTLEMENT UTR:UTR100987 ORD:order_000987,credit
bnk_001009,2026-08-04,6212.26,RAZORPAY SETTLEMENT UTR:UTR101016 ORD:order_001016,credit
bnk_001023,2026-08-04,13290.01,RAZORPAY SETTLEMENT UTR:UTR101030 ORD:order_001030,credit
bnk_001026,2026-08-04,22829.31,RAZORPAY SETTLEMENT UTR:UTR101033 ORD:order_001033,credit
bnk_001080,2026-08-04,11144.95,RAZORPAY SETTLEMENT UTR:UTR101087 ORD:order_001087,credit
bnk_001090,2026-08-04,13433.81,RAZORPAY SETTLEMENT UTR:UTR101097 ORD:order_001097,credit
bnk_001113,2026-08-04,2901.83,RAZORPAY SETTLEMENT UTR:UTR101121 ORD:order_001121,credit
bnk_001114,2026-08-04,11167.87,RAZORPAY SETTLEMENT UTR:UTR101122 ORD:order_001122,credit
bnk_001115,2026-08-04,6342.68,RAZORPAY SETTLEMENT UTR:UTR101123 ORD:order_001123,credit
bnk_001117,2026-08-04,13400.23,RAZORPAY SETTLEMENT UTR:UTR101125 ORD:order_001125,credit
bnk_001128,2026-08-04,13785.14,RAZORPAY SETTLEMENT UTR:UTR101136 ORD:order_001136,credit
bnk_001136,2026-08-04,19763.82,RAZORPAY SETTLEMENT UTR:UTR101144 ORD:order_001144,credit
bnk_001166,2026-08-04,7973.86,RAZORPAY SETTLEMENT UTR:UTR101174 ORD:order_001174,credit
bnk_001182,2026-08-04,24178.52,RAZORPAY SETTLEMENT UTR:UTR101190 ORD:order_001190,credit
bnk_001184,2026-08-04,23098.8,RAZORPAY SETTLEMENT UTR:UTR101192 ORD:order_001192,credit
bnk_001189,2026-08-04,11396.78,RAZORPAY SETTLEMENT UTR:UTR101197 ORD:order_001197,credit
bnk_001210,2026-08-04,13709.82,RAZORPAY SETTLEMENT UTR:UTR101218 ORD:order_001218,credit
bnk_001215,2026-08-04,21893.21,RAZORPAY SETTLEMENT UTR:UTR101223 ORD:order_001223,credit
bnk_001217,2026-08-04,11863.02,RAZORPAY SETTLEMENT UTR:UTR101225 ORD:order_001225,credit
bnk_001382,2026-08-04,13454.85,RAZORPAY SETTLEMENT UTR:UTR101391 ORD:order_001391,credit
bnk_001387,2026-08-04,21415.22,RAZORPAY SETTLEMENT UTR:UTR101396 ORD:order_001396,credit
bnk_001396,2026-08-04,19949.3,RAZORPAY SETTLEMENT UTR:UTR101405 ORD:order_001405,credit
bnk_001426,2026-08-04,19345.84,RAZORPAY SETTLEMENT UTR:UTR101435 ORD:order_001435,credit
bnk_001473,2026-08-04,7558.09,RAZORPAY SETTLEMENT UTR:UTR101482 ORD:order_001482,credit
bnk_001486,2026-08-04,1440.93,RAZORPAY SETTLEMENT UTR:UTR101495 ORD:order_001495,credit
bnk_001526,2026-08-04,4769.27,RAZORPAY SETTLEMENT UTR:UTR101535 ORD:order_001535,credit
bnk_001532,2026-08-04,12497.92,RAZORPAY SETTLEMENT UTR:UTR101541 ORD:order_001541,credit
bnk_001552,2026-08-04,12258.42,RAZORPAY SETTLEMENT UTR:UTR101562 ORD:order_001562,credit
bnk_001587,2026-08-04,3393.58,RAZORPAY SETTLEMENT UTR:UTR101597 ORD:order_001597,credit
bnk_001605,2026-08-04,21621.28,RAZORPAY SETTLEMENT UTR:UTR101615 ORD:order_001615,credit
bnk_001626,2026-08-04,6864.0,RAZORPAY SETTLEMENT UTR:UTR101636 ORD:order_001636,credit
bnk_001675,2026-08-04,17721.79,RAZORPAY SETTLEMENT UTR:UTR101685 ORD:order_001685,credit
bnk_001684,2026-08-04,19606.37,RAZORPAY SETTLEMENT UTR:UTR101694 ORD:order_001694,credit
bnk_001716,2026-08-04,4951.59,RAZORPAY SETTLEMENT UTR:UTR101726 ORD:order_001726,credit
bnk_001724,2026-08-04,5930.71,RAZORPAY SETTLEMENT UTR:UTR101734 ORD:order_001734,credit
bnk_001730,2026-08-04,9932.64,RAZORPAY SETTLEMENT UTR:UTR101740 ORD:order_001740,credit
bnk_001760,2026-08-04,17006.54,RAZORPAY SETTLEMENT UTR:UTR101770 ORD:order_001770,credit
bnk_001772,2026-08-04,21232.92,RAZORPAY SETTLEMENT UTR:UTR101783 ORD:order_001783,credit
bnk_001779,2026-08-04,1279.32,RAZORPAY SETTLEMENT UTR:UTR101790 ORD:order_001790,credit
bnk_001822,2026-08-04,10166.94,RAZORPAY SETTLEMENT UTR:UTR101833 ORD:order_001833,credit
bnk_001852,2026-08-04,7985.63,RAZORPAY SETTLEMENT UTR:UTR101863 ORD:order_001863,credit
bnk_001860,2026-08-04,9657.81,RAZORPAY SETTLEMENT UTR:UTR101871 ORD:order_001871,credit
bnk_001886,2026-08-04,1650.48,RAZORPAY SETTLEMENT UTR:UTR101897 ORD:order_001897,credit
bnk_001888,2026-08-04,20489.69,RAZORPAY SETTLEMENT UTR:UTR101899 ORD:order_001899,credit
bnk_001917,2026-08-04,6806.54,RAZORPAY SETTLEMENT UTR:UTR101928 ORD:order_001928,credit
bnk_001922,2026-08-04,2760.73,RAZORPAY SETTLEMENT UTR:UTR101933 ORD:order_001933,credit
bnk_001935,2026-08-04,3192.72,RAZORPAY SETTLEMENT UTR:UTR101946 ORD:order_001946,credit
bnk_001976,2026-08-04,9180.0,RAZORPAY SETTLEMENT UTR:UTR101987 ORD:order_001987,credit
bnk_001985,2026-08-04,17283.59,RAZORPAY SETTLEMENT UTR:UTR101996 ORD:order_001996,credit
bnk_000022,2026-08-05,14299.51,RAZORPAY SETTLEMENT UTR:UTR100024 ORD:order_000024,credit
bnk_000024,2026-08-05,18981.39,RAZORPAY SETTLEMENT UTR:UTR100026 ORD:order_000026,credit
bnk_000050,2026-08-05,12676.98,RAZORPAY SETTLEMENT UTR:UTR100052 ORD:order_000052,credit
bnk_000075,2026-08-05,21491.78,RAZORPAY SETTLEMENT UTR:UTR100078 ORD:order_000078,credit
bnk_000092,2026-08-05,1896.57,RAZORPAY SETTLEMENT UTR:UTR100095 ORD:order_000095,credit
bnk_000110,2026-08-05,11555.1,RAZORPAY SETTLEMENT UTR:UTR100113 ORD:order_000113,credit
bnk_000130,2026-08-05,2127.35,RAZORPAY SETTLEMENT UTR:UTR100133 ORD:order_000133,credit
bnk_000134,2026-08-05,1438.9,RAZORPAY SETTLEMENT UTR:UTR100137 ORD:order_000137,credit
bnk_000142,2026-08-05,22711.99,RAZORPAY SETTLEMENT UTR:UTR100145 ORD:order_000145,credit
bnk_000147,2026-08-05,22813.44,RAZORPAY SETTLEMENT UTR:UTR100150 ORD:order_000150,credit
bnk_000206,2026-08-05,9201.04,RAZORPAY SETTLEMENT UTR:UTR100209 ORD:order_000209,credit
bnk_000223,2026-08-05,15302.03,NEFT-RZPY-100227/settlemnt,credit
bnk_000229,2026-08-05,20815.45,RAZORPAY SETTLEMENT UTR:UTR100233 ORD:order_000233,credit
bnk_000250,2026-08-05,7057.07,RAZORPAY SETTLEMENT UTR:UTR100254 ORD:order_000254,credit
bnk_000253,2026-08-05,21851.02,RAZORPAY SETTLEMENT UTR:UTR100257 ORD:order_000257,credit
bnk_000256,2026-08-05,17387.01,RAZORPAY SETTLEMENT UTR:UTR100260 ORD:order_000260,credit
bnk_000282,2026-08-05,6522.99,RAZORPAY SETTLEMENT UTR:UTR100286 ORD:order_000286,credit
bnk_000285,2026-08-05,5851.99,RAZORPAY SETTLEMENT UTR:UTR100289 ORD:order_000289,credit
bnk_000319,2026-08-05,20360.78,RAZORPAY SETTLEMENT UTR:UTR100323 ORD:order_000323,credit
bnk_000330,2026-08-05,23167.56,RAZORPAY SETTLEMENT UTR:UTR100334 ORD:order_000334,credit
bnk_000335,2026-08-05,19456.58,RAZORPAY SETTLEMENT UTR:UTR100339 ORD:order_000339,credit
bnk_000362,2026-08-05,3217.37,RAZORPAY SETTLEMENT UTR:UTR100366 ORD:order_000366,credit
bnk_000363,2026-08-05,10073.84,RAZORPAY SETTLEMENT UTR:UTR100367 ORD:order_000367,credit
bnk_000366,2026-08-05,23193.0,RAZORPAY SETTLEMENT UTR:UTR100370 ORD:order_000370,credit
bnk_000401,2026-08-05,6477.45,RAZORPAY SETTLEMENT UTR:UTR100405 ORD:order_000405,credit
bnk_000417,2026-08-05,1366.06,RAZORPAY SETTLEMENT UTR:UTR100421 ORD:order_000421,credit
bnk_000467,2026-08-05,23691.31,RAZORPAY SETTLEMENT UTR:UTR100472 ORD:order_000472,credit
bnk_000477,2026-08-05,24348.43,RAZORPAY SETTLEMENT UTR:UTR100482 ORD:order_000482,credit
bnk_000487,2026-08-05,4554.52,RAZORPAY SETTLEMENT UTR:UTR100492 ORD:order_000492,credit
bnk_000541,2026-08-05,5783.71,RAZORPAY SETTLEMENT UTR:UTR100546 ORD:order_000546,credit
bnk_000582,2026-08-05,13073.12,RAZORPAY SETTLEMENT UTR:UTR100587 ORD:order_000587,credit
bnk_000593,2026-08-05,2246.23,RAZORPAY SETTLEMENT UTR:UTR100598 ORD:order_000598,credit
bnk_000611,2026-08-05,2094.15,RAZORPAY SETTLEMENT UTR:UTR100616 ORD:order_000616,credit
bnk_000637,2026-08-05,23735.65,RAZORPAY SETTLEMENT UTR:UTR100642 ORD:order_000642,credit
bnk_000645,2026-08-05,1678.61,RAZORPAY SETTLEMENT UTR:UTR100650 ORD:order_000650,credit
bnk_000673,2026-08-05,10067.68,RAZORPAY SETTLEMENT UTR:UTR100679 ORD:order_000679,credit
bnk_000698,2026-08-05,2323.74,RAZORPAY SETTLEMENT UTR:UTR100704 ORD:order_000704,credit
bnk_000707,2026-08-05,23988.63,RAZORPAY SETTLEMENT UTR:UTR100713 ORD:order_000713,credit
bnk_000723,2026-08-05,3572.96,RAZORPAY SETTLEMENT UTR:UTR100729 ORD:order_000729,credit
bnk_000793,2026-08-05,16381.16,RAZORPAY SETTLEMENT UTR:UTR100799 ORD:order_000799,credit
bnk_000801,2026-08-05,9030.52,RAZORPAY SETTLEMENT UTR:UTR100807 ORD:order_000807,credit
bnk_000826,2026-08-05,6868.65,RAZORPAY SETTLEMENT UTR:UTR100832 ORD:order_000832,credit
bnk_000827,2026-08-05,17881.29,RAZORPAY SETTLEMENT UTR:UTR100833 ORD:order_000833,credit
bnk_000843,2026-08-05,1320.65,RAZORPAY SETTLEMENT UTR:UTR100849 ORD:order_000849,credit
bnk_000849,2026-08-05,11108.02,RAZORPAY SETTLEMENT UTR:UTR100855 ORD:order_000855,credit
bnk_000864,2026-08-05,16464.13,RAZORPAY SETTLEMENT UTR:UTR100870 ORD:order_000870,credit
bnk_000875,2026-08-05,3592.56,RAZORPAY SETTLEMENT UTR:UTR100881 ORD:order_000881,credit
bnk_000879,2026-08-05,20183.96,RAZORPAY SETTLEMENT UTR:UTR100885 ORD:order_000885,credit
bnk_000890,2026-08-05,21896.44,RAZORPAY SETTLEMENT UTR:UTR100897 ORD:order_000897,credit
bnk_000894,2026-08-05,15186.43,RAZORPAY SETTLEMENT UTR:UTR100901 ORD:order_000901,credit
bnk_000909,2026-08-05,7603.36,RAZORPAY SETTLEMENT UTR:UTR100916 ORD:order_000916,credit
bnk_000930,2026-08-05,12386.19,RAZORPAY SETTLEMENT UTR:UTR100937 ORD:order_000937,credit
bnk_001002,2026-08-05,23341.03,RAZORPAY SETTLEMENT UTR:UTR101009 ORD:order_001009,credit
bnk_001021,2026-08-05,1903.47,RAZORPAY SETTLEMENT UTR:UTR101028 ORD:order_001028,credit
bnk_001045,2026-08-05,12814.64,RAZORPAY SETTLEMENT UTR:UTR101052 ORD:order_001052,credit
bnk_001069,2026-08-05,21375.16,RAZORPAY SETTLEMENT UTR:UTR101076 ORD:order_001076,credit
bnk_001071,2026-08-05,17323.55,RAZORPAY SETTLEMENT UTR:UTR101078 ORD:order_001078,credit
bnk_001089,2026-08-05,8729.95,RAZORPAY SETTLEMENT UTR:UTR101096 ORD:order_001096,credit
bnk_001091,2026-08-05,22845.1,RAZORPAY SETTLEMENT UTR:UTR101098 ORD:order_001098,credit
bnk_001112,2026-08-05,6245.36,RAZORPAY SETTLEMENT UTR:UTR101120 ORD:order_001120,credit
bnk_001142,2026-08-05,20753.15,RAZORPAY SETTLEMENT UTR:UTR101150 ORD:order_001150,credit
bnk_001146,2026-08-05,1434.25,RAZORPAY SETTLEMENT UTR:UTR101154 ORD:order_001154,credit
bnk_001183,2026-08-05,13021.9,RAZORPAY SETTLEMENT UTR:UTR101191 ORD:order_001191,credit
bnk_001206,2026-08-05,7664.13,RAZORPAY SETTLEMENT UTR:UTR101214 ORD:order_001214,credit
bnk_001208,2026-08-05,18658.85,RAZORPAY SETTLEMENT UTR:UTR101216 ORD:order_001216,credit
bnk_001229,2026-08-05,19398.34,RAZORPAY SETTLEMENT UTR:UTR101237 ORD:order_001237,credit
bnk_001232,2026-08-05,6041.51,RAZORPAY SETTLEMENT UTR:UTR101240 ORD:order_001240,credit
bnk_001241,2026-08-05,16292.66,RAZORPAY SETTLEMENT UTR:UTR101249 ORD:order_001249,credit
bnk_001243,2026-08-05,19579.11,RAZORPAY SETTLEMENT UTR:UTR101251 ORD:order_001251,credit
bnk_001250,2026-08-05,2933.76,RAZORPAY SETTLEMENT UTR:UTR101258 ORD:order_001258,credit
bnk_001258,2026-08-05,9765.07,RAZORPAY SETTLEMENT UTR:UTR101266 ORD:order_001266,credit
bnk_001267,2026-08-05,12071.89,RAZORPAY SETTLEMENT UTR:UTR101275 ORD:order_001275,credit
bnk_001292,2026-08-05,20373.95,RAZORPAY SETTLEMENT UTR:UTR101300 ORD:order_001300,credit
bnk_001303,2026-08-05,14693.45,RAZORPAY SETTLEMENT UTR:UTR101311 ORD:order_001311,credit
bnk_001320,2026-08-05,10439.08,RAZORPAY SETTLEMENT UTR:UTR101328 ORD:order_001328,credit
bnk_001341,2026-08-05,5410.94,RAZORPAY SETTLEMENT UTR:UTR101350 ORD:order_001350,credit
bnk_001373,2026-08-05,12178.78,RAZORPAY SETTLEMENT UTR:UTR101382 ORD:order_001382,credit
bnk_001389,2026-08-05,21113.56,RAZORPAY SETTLEMENT UTR:UTR101398 ORD:order_001398,credit
bnk_001412,2026-08-05,2294.69,RAZORPAY SETTLEMENT UTR:UTR101421 ORD:order_001421,credit
bnk_001417,2026-08-05,21274.04,RAZORPAY SETTLEMENT UTR:UTR101426 ORD:order_001426,credit
bnk_001440,2026-08-05,10756.18,RAZORPAY SETTLEMENT UTR:UTR101449 ORD:order_001449,credit
bnk_001442,2026-08-05,5593.62,RAZORPAY SETTLEMENT UTR:UTR101451 ORD:order_001451,credit
bnk_001460,2026-08-05,21060.05,RAZORPAY SETTLEMENT UTR:UTR101469 ORD:order_001469,credit
bnk_001466,2026-08-05,7113.77,RAZORPAY SETTLEMENT UTR:UTR101475 ORD:order_001475,credit
bnk_001483,2026-08-05,23320.44,RAZORPAY SETTLEMENT UTR:UTR101492 ORD:order_001492,credit
bnk_001484,2026-08-05,887.44,RAZORPAY SETTLEMENT UTR:UTR101493 ORD:order_001493,credit
bnk_001498,2026-08-05,16780.27,RAZORPAY SETTLEMENT UTR:UTR101507 ORD:order_001507,credit
bnk_001501,2026-08-05,1873.42,RAZORPAY SETTLEMENT UTR:UTR101510 ORD:order_001510,credit
bnk_001514,2026-08-05,6994.46,RAZORPAY SETTLEMENT UTR:UTR101523 ORD:order_001523,credit
bnk_001530,2026-08-05,6977.17,RAZORPAY SETTLEMENT UTR:UTR101539 ORD:order_001539,credit
bnk_001554,2026-08-05,17512.21,RAZORPAY SETTLEMENT UTR:UTR101564 ORD:order_001564,credit
bnk_001558,2026-08-05,11455.34,RAZORPAY SETTLEMENT UTR:UTR101568 ORD:order_001568,credit
bnk_001591,2026-08-05,22916.69,RAZORPAY SETTLEMENT UTR:UTR101601 ORD:order_001601,credit
bnk_001593,2026-08-05,22434.74,RAZORPAY SETTLEMENT UTR:UTR101603 ORD:order_001603,credit
bnk_001594,2026-08-05,1009.7,RAZORPAY SETTLEMENT UTR:UTR101604 ORD:order_001604,credit
bnk_001609,2026-08-05,11947.48,RAZORPAY SETTLEMENT UTR:UTR101619 ORD:order_001619,credit
bnk_001638,2026-08-05,12220.32,RAZORPAY SETTLEMENT UTR:UTR101648 ORD:order_001648,credit
bnk_001648,2026-08-05,21076.96,RAZORPAY SETTLEMENT UTR:UTR101658 ORD:order_001658,credit
bnk_001667,2026-08-05,3852.63,RAZORPAY SETTLEMENT UTR:UTR101677 ORD:order_001677,credit
bnk_001669,2026-08-05,4504.37,RAZORPAY SETTLEMENT UTR:UTR101679 ORD:order_001679,credit
bnk_001673,2026-08-05,5504.22,RAZORPAY SETTLEMENT UTR:UTR101683 ORD:order_001683,credit
bnk_001683,2026-08-05,4379.23,RAZORPAY SETTLEMENT UTR:UTR101693 ORD:order_001693,credit
bnk_001690,2026-08-05,23018.57,RAZORPAY SETTLEMENT UTR:UTR101700 ORD:order_001700,credit
bnk_001704,2026-08-05,579.47,RAZORPAY SETTLEMENT UTR:UTR101714 ORD:order_001714,credit
bnk_001729,2026-08-05,11881.25,RAZORPAY SETTLEMENT UTR:UTR101739 ORD:order_001739,credit
bnk_001740,2026-08-05,6657.32,RAZORPAY SETTLEMENT UTR:UTR101750 ORD:order_001750,credit
bnk_001789,2026-08-05,18404.7,RAZORPAY SETTLEMENT UTR:UTR101800 ORD:order_001800,credit
bnk_001856,2026-08-05,12199.77,RAZORPAY SETTLEMENT UTR:UTR101867 ORD:order_001867,credit
bnk_001869,2026-08-05,7811.02,RAZORPAY SETTLEMENT UTR:UTR101880 ORD:order_001880,credit
bnk_001910,2026-08-05,793.19,RAZORPAY SETTLEMENT UTR:UTR101921 ORD:order_001921,credit
bnk_001927,2026-08-05,21502.92,RAZORPAY SETTLEMENT UTR:UTR101938 ORD:order_001938,credit
bnk_001944,2026-08-05,11030.24,RAZORPAY SETTLEMENT UTR:UTR101955 ORD:order_001955,credit
bnk_001958,2026-08-05,21286.19,RAZORPAY SETTLEMENT UTR:UTR101969 ORD:order_001969,credit
bnk_001971,2026-08-05,13623.63,RAZORPAY SETTLEMENT UTR:UTR101982 ORD:order_001982,credit
bnk_000002,2026-08-06,5799.12,RAZORPAY SETTLEMENT UTR:UTR100003 ORD:order_000003,credit
bnk_000025,2026-08-06,20948.93,RAZORPAY SETTLEMENT UTR:UTR100027 ORD:order_000027,credit
bnk_000051,2026-08-06,18567.87,RAZORPAY SETTLEMENT UTR:UTR100053 ORD:order_000053,credit
bnk_000057,2026-08-06,16761.8,RAZORPAY SETTLEMENT UTR:UTR100060 ORD:order_000060,credit
bnk_000064,2026-08-06,12632.86,RAZORPAY SETTLEMENT UTR:UTR100067 ORD:order_000067,credit
bnk_000100,2026-08-06,5043.15,RAZORPAY SETTLEMENT UTR:UTR100103 ORD:order_000103,credit
bnk_000106,2026-08-06,17908.38,RAZORPAY SETTLEMENT UTR:UTR100109 ORD:order_000109,credit
bnk_000144,2026-08-06,24373.03,RAZORPAY SETTLEMENT UTR:UTR100147 ORD:order_000147,credit
bnk_000153,2026-08-06,7649.87,RAZORPAY SETTLEMENT UTR:UTR100156 ORD:order_000156,credit
bnk_000155,2026-08-06,6814.7,RAZORPAY SETTLEMENT UTR:UTR100158 ORD:order_000158,credit
bnk_000168,2026-08-06,13906.11,RAZORPAY SETTLEMENT UTR:UTR100171 ORD:order_000171,credit
bnk_000175,2026-08-06,16804.46,RAZORPAY SETTLEMENT UTR:UTR100178 ORD:order_000178,credit
bnk_000185,2026-08-06,6870.68,RAZORPAY SETTLEMENT UTR:UTR100188 ORD:order_000188,credit
bnk_000208,2026-08-06,15395.2,RAZORPAY SETTLEMENT UTR:UTR100211 ORD:order_000211,credit
bnk_000234,2026-08-06,21842.24,RAZORPAY SETTLEMENT UTR:UTR100238 ORD:order_000238,credit
bnk_000238,2026-08-06,6449.47,RAZORPAY SETTLEMENT UTR:UTR100242 ORD:order_000242,credit
bnk_000291,2026-08-06,11816.63,RAZORPAY SETTLEMENT UTR:UTR100295 ORD:order_000295,credit
bnk_000295,2026-08-06,14982.24,RAZORPAY SETTLEMENT UTR:UTR100299 ORD:order_000299,credit
bnk_000297,2026-08-06,23566.06,RAZORPAY SETTLEMENT UTR:UTR100301 ORD:order_000301,credit
bnk_000309,2026-08-06,20159.84,RAZORPAY SETTLEMENT UTR:UTR100313 ORD:order_000313,credit
bnk_000349,2026-08-06,14764.5,RAZORPAY SETTLEMENT UTR:UTR100353 ORD:order_000353,credit
bnk_000367,2026-08-06,24264.51,RAZORPAY SETTLEMENT UTR:UTR100371 ORD:order_000371,credit
bnk_000375,2026-08-06,15071.67,RAZORPAY SETTLEMENT UTR:UTR100379 ORD:order_000379,credit
bnk_000412,2026-08-06,8168.49,RAZORPAY SETTLEMENT UTR:UTR100416 ORD:order_000416,credit
bnk_000434,2026-08-06,24224.77,RAZORPAY SETTLEMENT UTR:UTR100438 ORD:order_000438,credit
bnk_000435,2026-08-06,11526.86,RAZORPAY SETTLEMENT UTR:UTR100439 ORD:order_000439,credit
bnk_000462,2026-08-06,8430.11,RAZORPAY SETTLEMENT UTR:UTR100467 ORD:order_000467,credit
bnk_000478,2026-08-06,10869.57,RAZORPAY SETTLEMENT UTR:UTR100483 ORD:order_000483,credit
bnk_000479,2026-08-06,18677.62,RAZORPAY SETTLEMENT UTR:UTR100484 ORD:order_000484,credit
bnk_000537,2026-08-06,22981.68,RAZORPAY SETTLEMENT UTR:UTR100542 ORD:order_000542,credit
bnk_000544,2026-08-06,16019.18,RAZORPAY SETTLEMENT UTR:UTR100549 ORD:order_000549,credit
bnk_000561,2026-08-06,7087.79,RAZORPAY SETTLEMENT UTR:UTR100566 ORD:order_000566,credit
bnk_000584,2026-08-06,12765.77,RAZORPAY SETTLEMENT UTR:UTR100589 ORD:order_000589,credit
bnk_000591,2026-08-06,10685.43,RAZORPAY SETTLEMENT UTR:UTR100596 ORD:order_000596,credit
bnk_000601,2026-08-06,2860.72,RAZORPAY SETTLEMENT UTR:UTR100606 ORD:order_000606,credit
bnk_000607,2026-08-06,10026.54,RAZORPAY SETTLEMENT UTR:UTR100612 ORD:order_000612,credit
bnk_000612,2026-08-06,2718.44,RAZORPAY SETTLEMENT UTR:UTR100617 ORD:order_000617,credit
bnk_000616,2026-08-06,13924.68,RAZORPAY SETTLEMENT UTR:UTR100621 ORD:order_000621,credit
bnk_000620,2026-08-06,7962.54,RAZORPAY SETTLEMENT UTR:UTR100625 ORD:order_000625,credit
bnk_000623,2026-08-06,5852.54,RAZORPAY SETTLEMENT UTR:UTR100628 ORD:order_000628,credit
bnk_000649,2026-08-06,18547.8,RAZORPAY SETTLEMENT UTR:UTR100654 ORD:order_000654,credit
bnk_000650,2026-08-06,8745.36,RAZORPAY SETTLEMENT UTR:UTR100655 ORD:order_000655,credit
bnk_000671,2026-08-06,2596.43,RAZORPAY SETTLEMENT UTR:UTR100677 ORD:order_000677,credit
bnk_000734,2026-08-06,20688.45,RAZORPAY SETTLEMENT UTR:UTR100740 ORD:order_000740,credit
bnk_000758,2026-08-06,13753.81,RAZORPAY SETTLEMENT UTR:UTR100764 ORD:order_000764,credit
bnk_000781,2026-08-06,13113.44,RAZORPAY SETTLEMENT UTR:UTR100787 ORD:order_000787,credit
bnk_000869,2026-08-06,12658.56,RAZORPAY SETTLEMENT UTR:UTR100875 ORD:order_000875,credit
bnk_000919,2026-08-06,6271.01,RAZORPAY SETTLEMENT UTR:UTR100926 ORD:order_000926,credit
bnk_000937,2026-08-06,13326.8,RAZORPAY SETTLEMENT UTR:UTR100944 ORD:order_000944,credit
bnk_000946,2026-08-06,16764.56,RAZORPAY SETTLEMENT UTR:UTR100953 ORD:order_000953,credit
bnk_000947,2026-08-06,3566.05,RAZORPAY SETTLEMENT UTR:UTR100954 ORD:order_000954,credit
bnk_000964,2026-08-06,9299.98,RAZORPAY SETTLEMENT UTR:UTR100971 ORD:order_000971,credit
bnk_000975,2026-08-06,1243.43,RAZORPAY SETTLEMENT UTR:UTR100982 ORD:order_000982,credit
bnk_001037,2026-08-06,7014.96,RAZORPAY SETTLEMENT UTR:UTR101044 ORD:order_001044,credit
bnk_001046,2026-08-06,10076.85,RAZORPAY SETTLEMENT UTR:UTR101053 ORD:order_001053,credit
bnk_001055,2026-08-06,1974.33,RAZORPAY SETTLEMENT UTR:UTR101062 ORD:order_001062,credit
bnk_001072,2026-08-06,22430.35,RAZORPAY SETTLEMENT UTR:UTR101079 ORD:order_001079,credit
bnk_001109,2026-08-06,22912.74,RAZORPAY SETTLEMENT UTR:UTR101117 ORD:order_001117,credit
bnk_001153,2026-08-06,23502.82,RAZORPAY SETTLEMENT UTR:UTR101161 ORD:order_001161,credit
bnk_001198,2026-08-06,3048.22,RAZORPAY SETTLEMENT UTR:UTR101206 ORD:order_001206,credit
bnk_001214,2026-08-06,14024.51,RAZORPAY SETTLEMENT UTR:UTR101222 ORD:order_001222,credit
bnk_001247,2026-08-06,8063.72,RAZORPAY SETTLEMENT UTR:UTR101255 ORD:order_001255,credit
bnk_001311,2026-08-06,3022.59,RAZORPAY SETTLEMENT UTR:UTR101319 ORD:order_001319,credit
bnk_001344,2026-08-06,5202.57,RAZORPAY SETTLEMENT UTR:UTR101353 ORD:order_001353,credit
bnk_001379,2026-08-06,13638.63,RAZORPAY SETTLEMENT UTR:UTR101388 ORD:order_001388,credit
bnk_001390,2026-08-06,10991.54,RAZORPAY SETTLEMENT UTR:UTR101399 ORD:order_001399,credit
bnk_001402,2026-08-06,24062.85,RAZORPAY SETTLEMENT UTR:UTR101411 ORD:order_001411,credit
bnk_001449,2026-08-06,2625.16,RAZORPAY SETTLEMENT UTR:UTR101458 ORD:order_001458,credit
bnk_001475,2026-08-06,12326.8,RAZORPAY SETTLEMENT UTR:UTR101484 ORD:order_001484,credit
bnk_001502,2026-08-06,22606.96,RAZORPAY SETTLEMENT UTR:UTR101511 ORD:order_001511,credit
bnk_001511,2026-08-06,18021.34,RAZORPAY SETTLEMENT UTR:UTR101520 ORD:order_001520,credit
bnk_001520,2026-08-06,6591.03,RAZORPAY SETTLEMENT UTR:UTR101529 ORD:order_001529,credit
bnk_001521,2026-08-06,21880.72,RAZORPAY SETTLEMENT UTR:UTR101530 ORD:order_001530,credit
bnk_001531,2026-08-06,14160.37,RAZORPAY SETTLEMENT UTR:UTR101540 ORD:order_001540,credit
bnk_001569,2026-08-06,3095.02,RAZORPAY SETTLEMENT UTR:UTR101579 ORD:order_001579,credit
bnk_001571,2026-08-06,8000.44,RAZORPAY SETTLEMENT UTR:UTR101581 ORD:order_001581,credit
bnk_001574,2026-08-06,6827.67,RAZORPAY SETTLEMENT UTR:UTR101584 ORD:order_001584,credit
bnk_001585,2026-08-06,2754.19,RAZORPAY SETTLEMENT UTR:UTR101595 ORD:order_001595,credit
bnk_001674,2026-08-06,8872.34,RAZORPAY SETTLEMENT UTR:UTR101684 ORD:order_001684,credit
bnk_001686,2026-08-06,6734.85,RAZORPAY SETTLEMENT UTR:UTR101696 ORD:order_001696,credit
bnk_001695,2026-08-06,4246.4,RAZORPAY SETTLEMENT UTR:UTR101705 ORD:order_001705,credit
bnk_001700,2026-08-06,7602.56,RAZORPAY SETTLEMENT UTR:UTR101710 ORD:order_001710,credit
bnk_001720,2026-08-06,18483.01,RAZORPAY SETTLEMENT UTR:UTR101730 ORD:order_001730,credit
bnk_001749,2026-08-06,14426.89,RAZORPAY SETTLEMENT UTR:UTR101759 ORD:order_001759,credit
bnk_001765,2026-08-06,21018.71,RAZORPAY SETTLEMENT UTR:UTR101775 ORD:order_001775,credit
bnk_001830,2026-08-06,4821.29,RAZORPAY SETTLEMENT UTR:UTR101841 ORD:order_001841,credit
bnk_001839,2026-08-06,7522.42,RAZORPAY SETTLEMENT UTR:UTR101850 ORD:order_001850,credit
bnk_001867,2026-08-06,7954.0,RAZORPAY SETTLEMENT UTR:UTR101878 ORD:order_001878,credit
bnk_001890,2026-08-06,11117.0,RAZORPAY SETTLEMENT UTR:UTR101901 ORD:order_001901,credit
bnk_001898,2026-08-06,20358.91,RAZORPAY SETTLEMENT UTR:UTR101909 ORD:order_001909,credit
bnk_001900,2026-08-06,3304.63,RAZORPAY SETTLEMENT UTR:UTR101911 ORD:order_001911,credit
bnk_001914,2026-08-06,2283.49,RAZORPAY SETTLEMENT UTR:UTR101925 ORD:order_001925,credit
bnk_001921,2026-08-06,10678.77,RAZORPAY SETTLEMENT UTR:UTR101932 ORD:order_001932,credit
bnk_001967,2026-08-06,11182.88,RAZORPAY SETTLEMENT UTR:UTR101978 ORD:order_001978,credit
bnk_001980,2026-08-06,17614.14,RAZORPAY SETTLEMENT UTR:UTR101991 ORD:order_001991,credit
bnk_000049,2026-08-07,24346.03,RAZORPAY SETTLEMENT UTR:UTR100051 ORD:order_000051,credit
bnk_000067,2026-08-07,15055.86,RAZORPAY SETTLEMENT UTR:UTR100070 ORD:order_000070,credit
bnk_000078,2026-08-07,18808.33,RAZORPAY SETTLEMENT UTR:UTR100081 ORD:order_000081,credit
bnk_000096,2026-08-07,5613.12,RAZORPAY SETTLEMENT UTR:UTR100099 ORD:order_000099,credit
bnk_000108,2026-08-07,13317.12,RAZORPAY SETTLEMENT UTR:UTR100111 ORD:order_000111,credit
bnk_000146,2026-08-07,12589.88,RAZORPAY SETTLEMENT UTR:UTR100149 ORD:order_000149,credit
bnk_000154,2026-08-07,22949.1,RAZORPAY SETTLEMENT UTR:UTR100157 ORD:order_000157,credit
bnk_000156,2026-08-07,18248.15,RAZORPAY SETTLEMENT UTR:UTR100159 ORD:order_000159,credit
bnk_000164,2026-08-07,573.02,RAZORPAY SETTLEMENT UTR:UTR100167 ORD:order_000167,credit
bnk_000169,2026-08-07,2288.16,RAZORPAY SETTLEMENT UTR:UTR100172 ORD:order_000172,credit
bnk_000171,2026-08-07,14422.87,RAZORPAY SETTLEMENT UTR:UTR100174 ORD:order_000174,credit
bnk_000178,2026-08-07,23784.14,RAZORPAY SETTLEMENT UTR:UTR100181 ORD:order_000181,credit
bnk_000226,2026-08-07,19782.63,RAZORPAY SETTLEMENT UTR:UTR100230 ORD:order_000230,credit
bnk_000255,2026-08-07,9651.09,RAZORPAY SETTLEMENT UTR:UTR100259 ORD:order_000259,credit
bnk_000290,2026-08-07,4133.46,RAZORPAY SETTLEMENT UTR:UTR100294 ORD:order_000294,credit
bnk_000355,2026-08-07,7476.63,RAZORPAY SETTLEMENT UTR:UTR100359 ORD:order_000359,credit
bnk_000389,2026-08-07,5866.04,RAZORPAY SETTLEMENT UTR:UTR100393 ORD:order_000393,credit
bnk_000390,2026-08-07,22219.04,RAZORPAY SETTLEMENT UTR:UTR100394 ORD:order_000394,credit
bnk_000436,2026-08-07,15982.58,RAZORPAY SETTLEMENT UTR:UTR100440 ORD:order_000440,credit
bnk_000441,2026-08-07,11415.35,RAZORPAY SETTLEMENT UTR:UTR100445 ORD:order_000445,credit
bnk_000442,2026-08-07,12610.99,RAZORPAY SETTLEMENT UTR:UTR100447 ORD:order_000447,credit
bnk_000460,2026-08-07,23568.54,RAZORPAY SETTLEMENT UTR:UTR100465 ORD:order_000465,credit
bnk_000465,2026-08-07,855.35,RAZORPAY SETTLEMENT UTR:UTR100470 ORD:order_000470,credit
bnk_000513,2026-08-07,15341.03,RAZORPAY SETTLEMENT UTR:UTR100518 ORD:order_000518,credit
bnk_000517,2026-08-07,14352.65,RAZORPAY SETTLEMENT UTR:UTR100522 ORD:order_000522,credit
bnk_000520,2026-08-07,4689.83,RAZORPAY SETTLEMENT UTR:UTR100525 ORD:order_000525,credit
bnk_000528,2026-08-07,23522.34,RAZORPAY SETTLEMENT UTR:UTR100533 ORD:order_000533,credit
bnk_000548,2026-08-07,21713.03,RAZORPAY SETTLEMENT UTR:UTR100553 ORD:order_000553,credit
bnk_000551,2026-08-07,10514.47,RAZORPAY SETTLEMENT UTR:UTR100556 ORD:order_000556,credit
bnk_000571,2026-08-07,8347.94,RAZORPAY SETTLEMENT UTR:UTR100576 ORD:order_000576,credit
bnk_000573,2026-08-07,556.03,RAZORPAY SETTLEMENT UTR:UTR100578 ORD:order_000578,credit
bnk_000594,2026-08-07,8193.7,RAZORPAY SETTLEMENT UTR:UTR100599 ORD:order_000599,credit
bnk_000634,2026-08-07,634.26,RAZORPAY SETTLEMENT UTR:UTR100639 ORD:order_000639,credit
bnk_000656,2026-08-07,23102.05,RAZORPAY SETTLEMENT UTR:UTR100661 ORD:order_000661,credit
bnk_000720,2026-08-07,2437.87,RAZORPAY SETTLEMENT UTR:UTR100726 ORD:order_000726,credit
bnk_000732,2026-08-07,5081.32,RAZORPAY SETTLEMENT UTR:UTR100738 ORD:order_000738,credit
bnk_000755,2026-08-07,19655.76,RAZORPAY SETTLEMENT UTR:UTR100761 ORD:order_000761,credit
bnk_000772,2026-08-07,8508.95,RAZORPAY SETTLEMENT UTR:UTR100778 ORD:order_000778,credit
bnk_000775,2026-08-07,17139.49,RAZORPAY SETTLEMENT UTR:UTR100781 ORD:order_000781,credit
bnk_000779,2026-08-07,6610.37,RAZORPAY SETTLEMENT UTR:UTR100785 ORD:order_000785,credit
bnk_000789,2026-08-07,6275.79,RAZORPAY SETTLEMENT UTR:UTR100795 ORD:order_000795,credit
bnk_000809,2026-08-07,15600.46,RAZORPAY SETTLEMENT UTR:UTR100815 ORD:order_000815,credit
bnk_000841,2026-08-07,23280.63,RAZORPAY SETTLEMENT UTR:UTR100847 ORD:order_000847,credit
bnk_000860,2026-08-07,5276.82,RAZORPAY SETTLEMENT UTR:UTR100866 ORD:order_000866,credit
bnk_000870,2026-08-07,24054.34,RAZORPAY SETTLEMENT UTR:UTR100876 ORD:order_000876,credit
bnk_000884,2026-08-07,18834.78,RAZORPAY SETTLEMENT UTR:UTR100891 ORD:order_000891,credit
bnk_000916,2026-08-07,23820.91,RAZORPAY SETTLEMENT UTR:UTR100923 ORD:order_000923,credit
bnk_000956,2026-08-07,21853.53,RAZORPAY SETTLEMENT UTR:UTR100963 ORD:order_000963,credit
bnk_000977,2026-08-07,7992.29,RAZORPAY SETTLEMENT UTR:UTR100984 ORD:order_000984,credit
bnk_001000,2026-08-07,20065.27,RAZORPAY SETTLEMENT UTR:UTR101007 ORD:order_001007,credit
bnk_001007,2026-08-07,17141.88,RAZORPAY SETTLEMENT UTR:UTR101014 ORD:order_001014,credit
bnk_001014,2026-08-07,2893.41,RAZORPAY SETTLEMENT UTR:UTR101021 ORD:order_001021,credit
bnk_001035,2026-08-07,21760.9,RAZORPAY SETTLEMENT UTR:UTR101042 ORD:order_001042,credit
bnk_001047,2026-08-07,4908.5,RAZORPAY SETTLEMENT UTR:UTR101054 ORD:order_001054,credit
bnk_001062,2026-08-07,5730.15,RAZORPAY SETTLEMENT UTR:UTR101069 ORD:order_001069,credit
bnk_001075,2026-08-07,14188.26,RAZORPAY SETTLEMENT UTR:UTR101082 ORD:order_001082,credit
bnk_001094,2026-08-07,4793.68,RAZORPAY SETTLEMENT UTR:UTR101101 ORD:order_001101,credit
bnk_001102,2026-08-07,9890.87,RAZORPAY SETTLEMENT UTR:UTR101109 ORD:order_001109,credit
bnk_001122,2026-08-07,6155.38,RAZORPAY SETTLEMENT UTR:UTR101130 ORD:order_001130,credit
bnk_001135,2026-08-07,7682.36,RAZORPAY SETTLEMENT UTR:UTR101143 ORD:order_001143,credit
bnk_001138,2026-08-07,13819.51,RAZORPAY SETTLEMENT UTR:UTR101146 ORD:order_001146,credit
bnk_001187,2026-08-07,6024.51,RAZORPAY SETTLEMENT UTR:UTR101195 ORD:order_001195,credit
bnk_001228,2026-08-07,8423.77,RAZORPAY SETTLEMENT UTR:UTR101236 ORD:order_001236,credit
bnk_001244,2026-08-07,2450.69,RAZORPAY SETTLEMENT UTR:UTR101252 ORD:order_001252,credit
bnk_001264,2026-08-07,6908.98,RAZORPAY SETTLEMENT UTR:UTR101272 ORD:order_001272,credit
bnk_001271,2026-08-07,11441.08,RAZORPAY SETTLEMENT UTR:UTR101279 ORD:order_001279,credit
bnk_001277,2026-08-07,23793.42,RAZORPAY SETTLEMENT UTR:UTR101285 ORD:order_001285,credit
bnk_001294,2026-08-07,16587.03,RAZORPAY SETTLEMENT UTR:UTR101302 ORD:order_001302,credit
bnk_001296,2026-08-07,6532.8,RAZORPAY SETTLEMENT UTR:UTR101304 ORD:order_001304,credit
bnk_001317,2026-08-07,17004.7,RAZORPAY SETTLEMENT UTR:UTR101325 ORD:order_001325,credit
bnk_001321,2026-08-07,3264.79,RAZORPAY SETTLEMENT UTR:UTR101329 ORD:order_001329,credit
bnk_001353,2026-08-07,2515.61,RAZORPAY SETTLEMENT UTR:UTR101362 ORD:order_001362,credit
bnk_001356,2026-08-07,9418.35,RAZORPAY SETTLEMENT UTR:UTR101365 ORD:order_001365,credit
bnk_001405,2026-08-07,21229.55,RAZORPAY SETTLEMENT UTR:UTR101414 ORD:order_001414,credit
bnk_001406,2026-08-07,17267.58,RAZORPAY SETTLEMENT UTR:UTR101415 ORD:order_001415,credit
bnk_001432,2026-08-07,5328.01,RAZORPAY SETTLEMENT UTR:UTR101441 ORD:order_001441,credit
bnk_001451,2026-08-07,21563.05,RAZORPAY SETTLEMENT UTR:UTR101460 ORD:order_001460,credit
bnk_001452,2026-08-07,9643.58,RAZORPAY SETTLEMENT UTR:UTR101461 ORD:order_001461,credit
bnk_001453,2026-08-07,15835.86,RAZORPAY SETTLEMENT UTR:UTR101462 ORD:order_001462,credit
bnk_001461,2026-08-07,21936.32,RAZORPAY SETTLEMENT UTR:UTR101470 ORD:order_001470,credit
bnk_001492,2026-08-07,13349.89,RAZORPAY SETTLEMENT UTR:UTR101501 ORD:order_001501,credit
bnk_001495,2026-08-07,23795.54,RAZORPAY SETTLEMENT UTR:UTR101504 ORD:order_001504,credit
bnk_001505,2026-08-07,3345.48,RAZORPAY SETTLEMENT UTR:UTR101514 ORD:order_001514,credit
bnk_001509,2026-08-07,4482.25,RAZORPAY SETTLEMENT UTR:UTR101518 ORD:order_001518,credit
bnk_001525,2026-08-07,9195.17,RAZORPAY SETTLEMENT UTR:UTR101534 ORD:order_001534,credit
bnk_001553,2026-08-07,23753.57,RAZORPAY SETTLEMENT UTR:UTR101563 ORD:order_001563,credit
bnk_001562,2026-08-07,1978.12,RAZORPAY SETTLEMENT UTR:UTR101572 ORD:order_001572,credit
bnk_001586,2026-08-07,19718.86,RAZORPAY SETTLEMENT UTR:UTR101596 ORD:order_001596,credit
bnk_001596,2026-08-07,11095.88,RAZORPAY SETTLEMENT UTR:UTR101606 ORD:order_001606,credit
bnk_001610,2026-08-07,7180.94,RAZORPAY SETTLEMENT UTR:UTR101620 ORD:order_001620,credit
bnk_001645,2026-08-07,1912.89,RAZORPAY SETTLEMENT UTR:UTR101655 ORD:order_001655,credit
bnk_001646,2026-08-07,14520.94,RAZORPAY SETTLEMENT UTR:UTR101656 ORD:order_001656,credit
bnk_001651,2026-08-07,7706.96,RAZORPAY SETTLEMENT UTR:UTR101661 ORD:order_001661,credit
bnk_001719,2026-08-07,13985.99,RAZORPAY SETTLEMENT UTR:UTR101729 ORD:order_001729,credit
bnk_001747,2026-08-07,3179.86,RAZORPAY SETTLEMENT UTR:UTR101757 ORD:order_001757,credit
bnk_001797,2026-08-07,11829.45,RAZORPAY SETTLEMENT UTR:UTR101808 ORD:order_001808,credit
bnk_001815,2026-08-07,7635.82,RAZORPAY SETTLEMENT UTR:UTR101826 ORD:order_001826,credit
bnk_001845,2026-08-07,1781.46,RAZORPAY SETTLEMENT UTR:UTR101856 ORD:order_001856,credit
bnk_001874,2026-08-07,21730.13,RAZORPAY SETTLEMENT UTR:UTR101885 ORD:order_001885,credit
bnk_001879,2026-08-07,17883.39,RAZORPAY SETTLEMENT UTR:UTR101890 ORD:order_001890,credit
bnk_001912,2026-08-07,16492.41,RAZORPAY SETTLEMENT UTR:UTR101923 ORD:order_001923,credit
bnk_001923,2026-08-07,719.58,RAZORPAY SETTLEMENT UTR:UTR101934 ORD:order_001934,credit
bnk_001941,2026-08-07,15112.99,RAZORPAY SETTLEMENT UTR:UTR101952 ORD:order_001952,credit
bnk_000012,2026-08-08,18640.23,RAZORPAY SETTLEMENT UTR:UTR100012 ORD:order_000012,credit
bnk_000052,2026-08-08,4144.44,RAZORPAY SETTLEMENT UTR:UTR100054 ORD:order_000054,credit
bnk_000063,2026-08-08,23737.51,RAZORPAY SETTLEMENT UTR:UTR100066 ORD:order_000066,credit
bnk_000068,2026-08-08,9432.89,RAZORPAY SETTLEMENT UTR:UTR100071 ORD:order_000071,credit
bnk_000117,2026-08-08,22076.25,RAZORPAY SETTLEMENT UTR:UTR100120 ORD:order_000120,credit
bnk_000129,2026-08-08,2404.61,RAZORPAY SETTLEMENT UTR:UTR100132 ORD:order_000132,credit
bnk_000180,2026-08-08,21171.12,RAZORPAY SETTLEMENT UTR:UTR100183 ORD:order_000183,credit
bnk_000214,2026-08-08,16690.86,RAZORPAY SETTLEMENT UTR:UTR100217 ORD:order_000217,credit
bnk_000221,2026-08-08,11779.61,RAZORPAY SETTLEMENT UTR:UTR100225 ORD:order_000225,credit
bnk_000244,2026-08-08,11155.25,RAZORPAY SETTLEMENT UTR:UTR100248 ORD:order_000248,credit
bnk_000294,2026-08-08,18833.78,RAZORPAY SETTLEMENT UTR:UTR100298 ORD:order_000298,credit
bnk_000296,2026-08-08,19094.38,RAZORPAY SETTLEMENT UTR:UTR100300 ORD:order_000300,credit
bnk_000324,2026-08-08,20844.52,RAZORPAY SETTLEMENT UTR:UTR100328 ORD:order_000328,credit
bnk_000345,2026-08-08,23234.9,RAZORPAY SETTLEMENT UTR:UTR100349 ORD:order_000349,credit
bnk_000351,2026-08-08,5930.01,RAZORPAY SETTLEMENT UTR:UTR100355 ORD:order_000355,credit
bnk_000378,2026-08-08,16286.83,RAZORPAY SETTLEMENT UTR:UTR100382 ORD:order_000382,credit
bnk_000391,2026-08-08,2196.45,RAZORPAY SETTLEMENT UTR:UTR100395 ORD:order_000395,credit
bnk_000405,2026-08-08,14273.07,RAZORPAY SETTLEMENT UTR:UTR100409 ORD:order_000409,credit
bnk_000486,2026-08-08,16798.1,RAZORPAY SETTLEMENT UTR:UTR100491 ORD:order_000491,credit
bnk_000575,2026-08-08,6484.3,RAZORPAY SETTLEMENT UTR:UTR100580 ORD:order_000580,credit
bnk_000676,2026-08-08,8455.8,RAZORPAY SETTLEMENT UTR:UTR100682 ORD:order_000682,credit
bnk_000708,2026-08-08,12557.92,RAZORPAY SETTLEMENT UTR:UTR100714 ORD:order_000714,credit
bnk_000711,2026-08-08,12993.27,RAZORPAY SETTLEMENT UTR:UTR100717 ORD:order_000717,credit
bnk_000729,2026-08-08,9162.19,RAZORPAY SETTLEMENT UTR:UTR100735 ORD:order_000735,credit
bnk_000740,2026-08-08,4178.21,RAZORPAY SETTLEMENT UTR:UTR100746 ORD:order_000746,credit
bnk_000742,2026-08-08,19841.98,RAZORPAY SETTLEMENT UTR:UTR100748 ORD:order_000748,credit
bnk_000761,2026-08-08,2494.64,RAZORPAY SETTLEMENT UTR:UTR100767 ORD:order_000767,credit
bnk_000792,2026-08-08,14139.5,RAZORPAY SETTLEMENT UTR:UTR100798 ORD:order_000798,credit
bnk_000823,2026-08-08,8598.57,RAZORPAY SETTLEMENT UTR:UTR100829 ORD:order_000829,credit
bnk_000828,2026-08-08,10789.1,RAZORPAY SETTLEMENT UTR:UTR100834 ORD:order_000834,credit
bnk_000840,2026-08-08,19651.85,RAZORPAY SETTLEMENT UTR:UTR100846 ORD:order_000846,credit
bnk_000866,2026-08-08,21810.47,RAZORPAY SETTLEMENT UTR:UTR100872 ORD:order_000872,credit
bnk_000887,2026-08-08,4148.6,IMPS/cust_0894/razorpay payout ref UTR100894,credit
bnk_000895,2026-08-08,12510.65,RAZORPAY SETTLEMENT UTR:UTR100902 ORD:order_000902,credit
bnk_000910,2026-08-08,16961.07,RAZORPAY SETTLEMENT UTR:UTR100917 ORD:order_000917,credit
bnk_000924,2026-08-08,6427.27,RAZORPAY SETTLEMENT UTR:UTR100931 ORD:order_000931,credit
bnk_000971,2026-08-08,14447.12,RAZORPAY SETTLEMENT UTR:UTR100978 ORD:order_000978,credit
bnk_001016,2026-08-08,23881.58,RAZORPAY SETTLEMENT UTR:UTR101023 ORD:order_001023,credit
bnk_001024,2026-08-08,22334.3,RAZORPAY SETTLEMENT UTR:UTR101031 ORD:order_001031,credit
bnk_001025,2026-08-08,10484.76,RAZORPAY SETTLEMENT UTR:UTR101032 ORD:order_001032,credit
bnk_001028,2026-08-08,19337.64,RAZORPAY SETTLEMENT UTR:UTR101035 ORD:order_001035,credit
bnk_001039,2026-08-08,15996.35,RAZORPAY SETTLEMENT UTR:UTR101046 ORD:order_001046,credit
bnk_001056,2026-08-08,11621.29,RAZORPAY SETTLEMENT UTR:UTR101063 ORD:order_001063,credit
bnk_001126,2026-08-08,23178.51,RAZORPAY SETTLEMENT UTR:UTR101134 ORD:order_001134,credit
bnk_001197,2026-08-08,19773.19,RAZORPAY SETTLEMENT UTR:UTR101205 ORD:order_001205,credit
bnk_001211,2026-08-08,15720.36,RAZORPAY SETTLEMENT UTR:UTR101219 ORD:order_001219,credit
bnk_001220,2026-08-08,16231.37,RAZORPAY SETTLEMENT UTR:UTR101228 ORD:order_001228,credit
bnk_001261,2026-08-08,14170.52,RAZORPAY SETTLEMENT UTR:UTR101269 ORD:order_001269,credit
bnk_001262,2026-08-08,16882.2,RAZORPAY SETTLEMENT UTR:UTR101270 ORD:order_001270,credit
bnk_001280,2026-08-08,11946.98,RAZORPAY SETTLEMENT UTR:UTR101288 ORD:order_001288,credit
bnk_001329,2026-08-08,3104.35,IMPS/cust_1338/razorpay payout ref UTR101338,credit
bnk_001335,2026-08-08,15553.21,RAZORPAY SETTLEMENT UTR:UTR101344 ORD:order_001344,credit
bnk_001355,2026-08-08,7793.43,RAZORPAY SETTLEMENT UTR:UTR101364 ORD:order_001364,credit
bnk_001359,2026-08-08,9667.23,RAZORPAY SETTLEMENT UTR:UTR101368 ORD:order_001368,credit
bnk_001362,2026-08-08,22752.1,RAZORPAY SETTLEMENT UTR:UTR101371 ORD:order_001371,credit
bnk_001364,2026-08-08,7397.64,RAZORPAY SETTLEMENT UTR:UTR101373 ORD:order_001373,credit
bnk_001394,2026-08-08,15625.21,RAZORPAY SETTLEMENT UTR:UTR101403 ORD:order_001403,credit
bnk_001429,2026-08-08,877.67,RAZORPAY SETTLEMENT UTR:UTR101438 ORD:order_001438,credit
bnk_001504,2026-08-08,1804.59,RAZORPAY SETTLEMENT UTR:UTR101513 ORD:order_001513,credit
bnk_001506,2026-08-08,17269.34,RAZORPAY SETTLEMENT UTR:UTR101515 ORD:order_001515,credit
bnk_001519,2026-08-08,4480.3,RAZORPAY SETTLEMENT UTR:UTR101528 ORD:order_001528,credit
bnk_001581,2026-08-08,6711.86,RAZORPAY SETTLEMENT UTR:UTR101591 ORD:order_001591,credit
bnk_001602,2026-08-08,16831.89,RAZORPAY SETTLEMENT UTR:UTR101612 ORD:order_001612,credit
bnk_001603,2026-08-08,8955.16,RAZORPAY SETTLEMENT UTR:UTR101613 ORD:order_001613,credit
bnk_001624,2026-08-08,24400.56,RAZORPAY SETTLEMENT UTR:UTR101634 ORD:order_001634,credit
bnk_001629,2026-08-08,8975.77,RAZORPAY SETTLEMENT UTR:UTR101639 ORD:order_001639,credit
bnk_001637,2026-08-08,13456.79,RAZORPAY SETTLEMENT UTR:UTR101647 ORD:order_001647,credit
bnk_001654,2026-08-08,16017.76,RAZORPAY SETTLEMENT UTR:UTR101664 ORD:order_001664,credit
bnk_001658,2026-08-08,16408.92,RAZORPAY SETTLEMENT UTR:UTR101668 ORD:order_001668,credit
bnk_001687,2026-08-08,2263.21,RAZORPAY SETTLEMENT UTR:UTR101697 ORD:order_001697,credit
bnk_001688,2026-08-08,21729.11,RAZORPAY SETTLEMENT UTR:UTR101698 ORD:order_001698,credit
bnk_001734,2026-08-08,4623.77,RAZORPAY SETTLEMENT UTR:UTR101744 ORD:order_001744,credit
bnk_001773,2026-08-08,12814.38,RAZORPAY SETTLEMENT UTR:UTR101784 ORD:order_001784,credit
bnk_001785,2026-08-08,14698.8,RAZORPAY SETTLEMENT UTR:UTR101796 ORD:order_001796,credit
bnk_001828,2026-08-08,12624.09,RAZORPAY SETTLEMENT UTR:UTR101839 ORD:order_001839,credit
bnk_001833,2026-08-08,18738.58,RAZORPAY SETTLEMENT UTR:UTR101844 ORD:order_001844,credit
bnk_001849,2026-08-08,3914.38,RAZORPAY SETTLEMENT UTR:UTR101860 ORD:order_001860,credit
bnk_001851,2026-08-08,8445.29,RAZORPAY SETTLEMENT UTR:UTR101862 ORD:order_001862,credit
bnk_001854,2026-08-08,5497.0,RAZORPAY SETTLEMENT UTR:UTR101865 ORD:order_001865,credit
bnk_001855,2026-08-08,14273.82,RAZORPAY SETTLEMENT UTR:UTR101866 ORD:order_001866,credit
bnk_001881,2026-08-08,14594.71,RAZORPAY SETTLEMENT UTR:UTR101892 ORD:order_001892,credit
bnk_001918,2026-08-08,2875.81,RAZORPAY SETTLEMENT UTR:UTR101929 ORD:order_001929,credit
bnk_001924,2026-08-08,16356.85,RAZORPAY SETTLEMENT UTR:UTR101935 ORD:order_001935,credit
bnk_001934,2026-08-08,21685.88,RAZORPAY SETTLEMENT UTR:UTR101945 ORD:order_001945,credit
bnk_001936,2026-08-08,23969.1,RAZORPAY SETTLEMENT UTR:UTR101947 ORD:order_001947,credit
bnk_001939,2026-08-08,16716.59,RAZORPAY SETTLEMENT UTR:UTR101950 ORD:order_001950,credit
bnk_000005,2026-08-09,1201.0,IMPS/cust_0006/razorpay payout ref UTR100006,credit
bnk_000007,2026-08-09,872.99,RAZORPAY SETTLEMENT UTR:UTR100008 ORD:order_000008,credit
bnk_000014,2026-08-09,7135.38,RAZORPAY SETTLEMENT UTR:UTR100014 ORD:order_000014,credit
bnk_000039,2026-08-09,6893.05,RAZORPAY SETTLEMENT UTR:UTR100041 ORD:order_000041,credit
bnk_000083,2026-08-09,18555.51,RAZORPAY SETTLEMENT UTR:UTR100086 ORD:order_000086,credit
bnk_000107,2026-08-09,6436.51,RAZORPAY SETTLEMENT UTR:UTR100110 ORD:order_000110,credit
bnk_000137,2026-08-09,22848.05,RAZORPAY SETTLEMENT UTR:UTR100140 ORD:order_000140,credit
bnk_000145,2026-08-09,2240.73,RAZORPAY SETTLEMENT UTR:UTR100148 ORD:order_000148,credit
bnk_000174,2026-08-09,21992.1,RAZORPAY SETTLEMENT UTR:UTR100177 ORD:order_000177,credit
bnk_000190,2026-08-09,5820.94,RAZORPAY SETTLEMENT UTR:UTR100193 ORD:order_000193,credit
bnk_000205,2026-08-09,16919.06,RAZORPAY SETTLEMENT UTR:UTR100208 ORD:order_000208,credit
bnk_000212,2026-08-09,13750.75,RAZORPAY SETTLEMENT UTR:UTR100215 ORD:order_000215,credit
bnk_000217,2026-08-09,7757.44,RAZORPAY SETTLEMENT UTR:UTR100220 ORD:order_000220,credit
bnk_000278,2026-08-09,9557.04,RAZORPAY SETTLEMENT UTR:UTR100282 ORD:order_000282,credit
bnk_000288,2026-08-09,23204.62,RAZORPAY SETTLEMENT UTR:UTR100292 ORD:order_000292,credit
bnk_000292,2026-08-09,13979.36,RAZORPAY SETTLEMENT UTR:UTR100296 ORD:order_000296,credit
bnk_000300,2026-08-09,9976.89,RAZORPAY SETTLEMENT UTR:UTR100304 ORD:order_000304,credit
bnk_000343,2026-08-09,6003.09,RAZORPAY SETTLEMENT UTR:UTR100347 ORD:order_000347,credit
bnk_000376,2026-08-09,23156.26,RAZORPAY SETTLEMENT UTR:UTR100380 ORD:order_000380,credit
bnk_000387,2026-08-09,14597.02,RAZORPAY SETTLEMENT UTR:UTR100391 ORD:order_000391,credit
bnk_000500,2026-08-09,20709.39,RAZORPAY SETTLEMENT UTR:UTR100505 ORD:order_000505,credit
bnk_000512,2026-08-09,5727.18,RAZORPAY SETTLEMENT UTR:UTR100517 ORD:order_000517,credit
bnk_000563,2026-08-09,2681.19,RAZORPAY SETTLEMENT UTR:UTR100568 ORD:order_000568,credit
bnk_000569,2026-08-09,5443.78,RAZORPAY SETTLEMENT UTR:UTR100574 ORD:order_000574,credit
bnk_000604,2026-08-09,17731.99,RAZORPAY SETTLEMENT UTR:UTR100609 ORD:order_000609,credit
bnk_000621,2026-08-09,14313.05,RAZORPAY SETTLEMENT UTR:UTR100626 ORD:order_000626,credit
bnk_000638,2026-08-09,18336.54,RAZORPAY SETTLEMENT UTR:UTR100643 ORD:order_000643,credit
bnk_000648,2026-08-09,10396.22,RAZORPAY SETTLEMENT UTR:UTR100653 ORD:order_000653,credit
bnk_000749,2026-08-09,22112.89,RAZORPAY SETTLEMENT UTR:UTR100755 ORD:order_000755,credit
bnk_000754,2026-08-09,23603.08,RAZORPAY SETTLEMENT UTR:UTR100760 ORD:order_000760,credit
bnk_000811,2026-08-09,1372.92,RAZORPAY SETTLEMENT UTR:UTR100817 ORD:order_000817,credit
bnk_000812,2026-08-09,1536.13,RAZORPAY SETTLEMENT UTR:UTR100818 ORD:order_000818,credit
bnk_000817,2026-08-09,18508.28,RAZORPAY SETTLEMENT UTR:UTR100823 ORD:order_000823,credit
bnk_000857,2026-08-09,17330.05,RAZORPAY SETTLEMENT UTR:UTR100863 ORD:order_000863,credit
bnk_000926,2026-08-09,17738.9,RAZORPAY SETTLEMENT UTR:UTR100933 ORD:order_000933,credit
bnk_000950,2026-08-09,18548.33,RAZORPAY SETTLEMENT UTR:UTR100957 ORD:order_000957,credit
bnk_000978,2026-08-09,10366.95,RAZORPAY SETTLEMENT UTR:UTR100985 ORD:order_000985,credit
bnk_000989,2026-08-09,15082.33,RAZORPAY SETTLEMENT UTR:UTR100996 ORD:order_000996,credit
bnk_000993,2026-08-09,18936.07,RAZORPAY SETTLEMENT UTR:UTR101000 ORD:order_001000,credit
bnk_001018,2026-08-09,11909.63,RAZORPAY SETTLEMENT UTR:UTR101025 ORD:order_001025,credit
bnk_001042,2026-08-09,16621.09,RAZORPAY SETTLEMENT UTR:UTR101049 ORD:order_001049,credit
bnk_001067,2026-08-09,19673.36,RAZORPAY SETTLEMENT UTR:UTR101074 ORD:order_001074,credit
bnk_001074,2026-08-09,22086.9,RAZORPAY SETTLEMENT UTR:UTR101081 ORD:order_001081,credit
bnk_001077,2026-08-09,11057.82,RAZORPAY SETTLEMENT UTR:UTR101084 ORD:order_001084,credit
bnk_001108,2026-08-09,4198.98,IMPS/cust_1116/razorpay payout ref UTR101116,credit
bnk_001143,2026-08-09,13301.57,RAZORPAY SETTLEMENT UTR:UTR101151 ORD:order_001151,credit
bnk_001149,2026-08-09,5679.62,RAZORPAY SETTLEMENT UTR:UTR101157 ORD:order_001157,credit
bnk_001152,2026-08-09,5555.02,RAZORPAY SETTLEMENT UTR:UTR101160 ORD:order_001160,credit
bnk_001171,2026-08-09,7549.73,RAZORPAY SETTLEMENT UTR:UTR101179 ORD:order_001179,credit
bnk_001222,2026-08-09,862.77,RAZORPAY SETTLEMENT UTR:UTR101230 ORD:order_001230,credit
bnk_001270,2026-08-09,14693.12,RAZORPAY SETTLEMENT UTR:UTR101278 ORD:order_001278,credit
bnk_001279,2026-08-09,23148.81,RAZORPAY SETTLEMENT UTR:UTR101287 ORD:order_001287,credit
bnk_001290,2026-08-09,23045.86,RAZORPAY SETTLEMENT UTR:UTR101298 ORD:order_001298,credit
bnk_001323,2026-08-09,11380.58,RAZORPAY SETTLEMENT UTR:UTR101331 ORD:order_001331,credit
bnk_001340,2026-08-09,594.66,RAZORPAY SETTLEMENT UTR:UTR101349 ORD:order_001349,credit
bnk_001395,2026-08-09,15227.65,RAZORPAY SETTLEMENT UTR:UTR101404 ORD:order_001404,credit
bnk_001485,2026-08-09,818.16,RAZORPAY SETTLEMENT UTR:UTR101494 ORD:order_001494,credit
bnk_001494,2026-08-09,2378.54,RAZORPAY SETTLEMENT UTR:UTR101503 ORD:order_001503,credit
bnk_001543,2026-08-09,24357.05,RAZORPAY SETTLEMENT UTR:UTR101552 ORD:order_001552,credit
bnk_001567,2026-08-09,6076.61,RAZORPAY SETTLEMENT UTR:UTR101577 ORD:order_001577,credit
bnk_001572,2026-08-09,13308.48,RAZORPAY SETTLEMENT UTR:UTR101582 ORD:order_001582,credit
bnk_001635,2026-08-09,3887.55,RAZORPAY SETTLEMENT UTR:UTR101645 ORD:order_001645,credit
bnk_001642,2026-08-09,22445.93,RAZORPAY SETTLEMENT UTR:UTR101652 ORD:order_001652,credit
bnk_001696,2026-08-09,8408.58,RAZORPAY SETTLEMENT UTR:UTR101706 ORD:order_001706,credit
bnk_001706,2026-08-09,14846.43,RAZORPAY SETTLEMENT UTR:UTR101716 ORD:order_001716,credit
bnk_001707,2026-08-09,2808.31,RAZORPAY SETTLEMENT UTR:UTR101717 ORD:order_001717,credit
bnk_001735,2026-08-09,23744.14,RAZORPAY SETTLEMENT UTR:UTR101745 ORD:order_001745,credit
bnk_001777,2026-08-09,4644.32,RAZORPAY SETTLEMENT UTR:UTR101788 ORD:order_001788,credit
bnk_001780,2026-08-09,22449.15,RAZORPAY SETTLEMENT UTR:UTR101791 ORD:order_001791,credit
bnk_001792,2026-08-09,19143.14,RAZORPAY SETTLEMENT UTR:UTR101803 ORD:order_001803,credit
bnk_001794,2026-08-09,5873.28,RAZORPAY SETTLEMENT UTR:UTR101805 ORD:order_001805,credit
bnk_001842,2026-08-09,2191.81,RAZORPAY SETTLEMENT UTR:UTR101853 ORD:order_001853,credit
bnk_001846,2026-08-09,3774.22,RAZORPAY SETTLEMENT UTR:UTR101857 ORD:order_001857,credit
bnk_001876,2026-08-09,9082.13,RAZORPAY SETTLEMENT UTR:UTR101887 ORD:order_001887,credit
bnk_001892,2026-08-09,17278.14,RAZORPAY SETTLEMENT UTR:UTR101903 ORD:order_001903,credit
bnk_001902,2026-08-09,5240.18,RAZORPAY SETTLEMENT UTR:UTR101913 ORD:order_001913,credit
bnk_001907,2026-08-09,12361.9,RAZORPAY SETTLEMENT UTR:UTR101918 ORD:order_001918,credit
bnk_001990,2026-08-09,6852.61,RAZORPAY SETTLEMENT UTR:UTR102902 ORD:order_002902,credit
bnk_000023,2026-08-10,1584.41,RAZORPAY SETTLEMENT UTR:UTR100025 ORD:order_000025,credit
bnk_000031,2026-08-10,2291.07,RAZORPAY SETTLEMENT UTR:UTR100034 ORD:order_000034 PART 1/2,credit
bnk_000032,2026-08-10,2291.08,RAZORPAY SETTLEMENT UTR:UTR100034 ORD:order_000034 PART 2/2,credit
bnk_000035,2026-08-10,16950.27,RAZORPAY SETTLEMENT UTR:UTR100037 ORD:order_000037,credit
bnk_000048,2026-08-10,10042.57,RAZORPAY SETTLEMENT UTR:UTR100050 ORD:order_000050,credit
bnk_000074,2026-08-10,6216.33,RAZORPAY SETTLEMENT UTR:UTR100077 ORD:order_000077,credit
bnk_000087,2026-08-10,11288.56,RAZORPAY SETTLEMENT UTR:UTR100090 ORD:order_000090,credit
bnk_000090,2026-08-10,5992.95,RAZORPAY SETTLEMENT UTR:UTR100093 ORD:order_000093,credit
bnk_000094,2026-08-10,2183.24,RAZORPAY SETTLEMENT UTR:UTR100097 ORD:order_000097,credit
bnk_000098,2026-08-10,14272.23,RAZORPAY SETTLEMENT UTR:UTR100101 ORD:order_000101,credit
bnk_000114,2026-08-10,23668.33,RAZORPAY SETTLEMENT UTR:UTR100117 ORD:order_000117,credit
bnk_000131,2026-08-10,16640.51,RAZORPAY SETTLEMENT UTR:UTR100134 ORD:order_000134,credit
bnk_000179,2026-08-10,22634.14,RAZORPAY SETTLEMENT UTR:UTR100182 ORD:order_000182,credit
bnk_000184,2026-08-10,19679.1,RAZORPAY SETTLEMENT UTR:UTR100187 ORD:order_000187,credit
bnk_000187,2026-08-10,21027.29,RAZORPAY SETTLEMENT UTR:UTR100190 ORD:order_000190,credit
bnk_000189,2026-08-10,8852.66,RAZORPAY SETTLEMENT UTR:UTR100192 ORD:order_000192,credit
bnk_000224,2026-08-10,20066.35,IMPS/cust_0228/razorpay payout ref UTR100228,credit
bnk_000225,2026-08-10,16582.68,RAZORPAY SETTLEMENT UTR:UTR100229 ORD:order_000229,credit
bnk_000227,2026-08-10,1072.5,RAZORPAY SETTLEMENT UTR:UTR100231 ORD:order_000231,credit
bnk_000232,2026-08-10,12314.6,RAZORPAY SETTLEMENT UTR:UTR100236 ORD:order_000236,credit
bnk_000235,2026-08-10,19109.41,RAZORPAY SETTLEMENT UTR:UTR100239 ORD:order_000239,credit
bnk_000246,2026-08-10,11254.68,RAZORPAY SETTLEMENT UTR:UTR100250 ORD:order_000250,credit
bnk_000249,2026-08-10,12080.64,RAZORPAY SETTLEMENT UTR:UTR100253 ORD:order_000253,credit
bnk_000251,2026-08-10,17557.47,RAZORPAY SETTLEMENT UTR:UTR100255 ORD:order_000255,credit
bnk_000254,2026-08-10,3798.36,RAZORPAY SETTLEMENT UTR:UTR100258 ORD:order_000258,credit
bnk_000267,2026-08-10,19622.48,RAZORPAY SETTLEMENT UTR:UTR100271 ORD:order_000271,credit
bnk_000318,2026-08-10,6908.71,RAZORPAY SETTLEMENT UTR:UTR100322 ORD:order_000322,credit
bnk_000332,2026-08-10,12175.87,RAZORPAY SETTLEMENT UTR:UTR100336 ORD:order_000336,credit
bnk_000385,2026-08-10,2190.94,RAZORPAY SETTLEMENT UTR:UTR100389 ORD:order_000389,credit
bnk_000430,2026-08-10,15053.51,RAZORPAY SETTLEMENT UTR:UTR100434 ORD:order_000434,credit
bnk_000433,2026-08-10,10248.06,RAZORPAY SETTLEMENT UTR:UTR100437 ORD:order_000437,credit
bnk_000440,2026-08-10,16582.61,RAZORPAY SETTLEMENT UTR:UTR100444 ORD:order_000444,credit
bnk_000453,2026-08-10,21290.64,RAZORPAY SETTLEMENT UTR:UTR100458 ORD:order_000458,credit
bnk_000454,2026-08-10,14166.63,RAZORPAY SETTLEMENT UTR:UTR100459 ORD:order_000459,credit
bnk_000475,2026-08-10,15258.94,RAZORPAY SETTLEMENT UTR:UTR100480 ORD:order_000480,credit
bnk_000484,2026-08-10,10791.0,RAZORPAY SETTLEMENT UTR:UTR100489 ORD:order_000489,credit
bnk_000489,2026-08-10,15312.78,RAZORPAY SETTLEMENT UTR:UTR100494 ORD:order_000494,credit
bnk_000510,2026-08-10,19045.32,RAZORPAY SETTLEMENT UTR:UTR100515 ORD:order_000515,credit
bnk_000529,2026-08-10,18528.86,RAZORPAY SETTLEMENT UTR:UTR100534 ORD:order_000534,credit
bnk_000547,2026-08-10,3266.01,RAZORPAY SETTLEMENT UTR:UTR100552 ORD:order_000552,credit
bnk_000566,2026-08-10,19309.74,RAZORPAY SETTLEMENT UTR:UTR100571 ORD:order_000571,credit
bnk_000570,2026-08-10,19937.89,RAZORPAY SETTLEMENT UTR:UTR100575 ORD:order_000575,credit
bnk_000578,2026-08-10,19386.05,RAZORPAY SETTLEMENT UTR:UTR100583 ORD:order_000583,credit
bnk_000585,2026-08-10,11300.98,RAZORPAY SETTLEMENT UTR:UTR100590 ORD:order_000590,credit
bnk_000605,2026-08-10,10776.25,RAZORPAY SETTLEMENT UTR:UTR100610 ORD:order_000610,credit
bnk_000661,2026-08-10,9164.05,RAZORPAY SETTLEMENT UTR:UTR100666 ORD:order_000666,credit
bnk_000675,2026-08-10,18329.2,RAZORPAY SETTLEMENT UTR:UTR100681 ORD:order_000681,credit
bnk_000681,2026-08-10,19985.35,RAZORPAY SETTLEMENT UTR:UTR100687 ORD:order_000687,credit
bnk_000744,2026-08-10,10316.68,RAZORPAY SETTLEMENT UTR:UTR100750 ORD:order_000750,credit
bnk_000747,2026-08-10,6085.97,RAZORPAY SETTLEMENT UTR:UTR100753 ORD:order_000753,credit
bnk_000764,2026-08-10,2682.15,RAZORPAY SETTLEMENT UTR:UTR100770 ORD:order_000770,credit
bnk_000782,2026-08-10,19055.65,RAZORPAY SETTLEMENT UTR:UTR100788 ORD:order_000788,credit
bnk_000791,2026-08-10,15195.54,RAZORPAY SETTLEMENT UTR:UTR100797 ORD:order_000797,credit
bnk_000852,2026-08-10,16026.87,RAZORPAY SETTLEMENT UTR:UTR100858 ORD:order_000858,credit
bnk_000888,2026-08-10,4362.75,RAZORPAY SETTLEMENT UTR:UTR100895 ORD:order_000895,credit
bnk_000920,2026-08-10,6886.61,RAZORPAY SETTLEMENT UTR:UTR100927 ORD:order_000927,credit
bnk_000932,2026-08-10,11425.98,RAZORPAY SETTLEMENT UTR:UTR100939 ORD:order_000939,credit
bnk_000974,2026-08-10,4023.26,RAZORPAY SETTLEMENT UTR:UTR100981 ORD:order_000981,credit
bnk_000991,2026-08-10,13838.64,RAZORPAY SETTLEMENT UTR:UTR100998 ORD:order_000998,credit
bnk_001011,2026-08-10,5886.68,RAZORPAY SETTLEMENT UTR:UTR101018 ORD:order_001018,credit
bnk_001022,2026-08-10,16092.36,RAZORPAY SETTLEMENT UTR:UTR101029 ORD:order_001029,credit
bnk_001048,2026-08-10,11909.77,RAZORPAY SETTLEMENT UTR:UTR101055 ORD:order_001055,credit
bnk_001054,2026-08-10,9089.34,RAZORPAY SETTLEMENT UTR:UTR101061 ORD:order_001061,credit
bnk_001061,2026-08-10,9280.51,RAZORPAY SETTLEMENT UTR:UTR101068 ORD:order_001068,credit
bnk_001103,2026-08-10,12400.11,RAZORPAY SETTLEMENT UTR:UTR101110 ORD:order_001110,credit
bnk_001116,2026-08-10,10111.11,RAZORPAY SETTLEMENT UTR:UTR101124 ORD:order_001124,credit
bnk_001134,2026-08-10,11815.63,RAZORPAY SETTLEMENT UTR:UTR101142 ORD:order_001142,credit
bnk_001167,2026-08-10,13944.8,RAZORPAY SETTLEMENT UTR:UTR101175 ORD:order_001175,credit
bnk_001173,2026-08-10,14118.58,RAZORPAY SETTLEMENT UTR:UTR101181 ORD:order_001181,credit
bnk_001199,2026-08-10,13032.44,RAZORPAY SETTLEMENT UTR:UTR101207 ORD:order_001207,credit
bnk_001204,2026-08-10,11468.25,RAZORPAY SETTLEMENT UTR:UTR101212 ORD:order_001212,credit
bnk_001205,2026-08-10,24176.36,RAZORPAY SETTLEMENT UTR:UTR101213 ORD:order_001213,credit
bnk_001225,2026-08-10,4374.3,RAZORPAY SETTLEMENT UTR:UTR101233 ORD:order_001233,credit
bnk_001260,2026-08-10,22142.4,RAZORPAY SETTLEMENT UTR:UTR101268 ORD:order_001268,credit
bnk_001268,2026-08-10,9126.96,RAZORPAY SETTLEMENT UTR:UTR101276 ORD:order_001276,credit
bnk_001295,2026-08-10,15638.74,RAZORPAY SETTLEMENT UTR:UTR101303 ORD:order_001303,credit
bnk_001304,2026-08-10,3104.51,RAZORPAY SETTLEMENT UTR:UTR101312 ORD:order_001312,credit
bnk_001330,2026-08-10,22733.62,RAZORPAY SETTLEMENT UTR:UTR101339 ORD:order_001339,credit
bnk_001354,2026-08-10,7980.17,RAZORPAY SETTLEMENT UTR:UTR101363 ORD:order_001363,credit
bnk_001374,2026-08-10,14013.53,RAZORPAY SETTLEMENT UTR:UTR101383 ORD:order_001383,credit
bnk_001391,2026-08-10,19042.71,RAZORPAY SETTLEMENT UTR:UTR101400 ORD:order_001400,credit
bnk_001439,2026-08-10,15453.77,RAZORPAY SETTLEMENT UTR:UTR101448 ORD:order_001448,credit
bnk_001443,2026-08-10,3662.62,RAZORPAY SETTLEMENT UTR:UTR101452 ORD:order_001452,credit
bnk_001465,2026-08-10,19412.18,RAZORPAY SETTLEMENT UTR:UTR101474 ORD:order_001474,credit
bnk_001474,2026-08-10,19238.15,RAZORPAY SETTLEMENT UTR:UTR101483 ORD:order_001483,credit
bnk_001500,2026-08-10,17950.12,RAZORPAY SETTLEMENT UTR:UTR101509 ORD:order_001509,credit
bnk_001545,2026-08-10,12940.75,RAZORPAY SETTLEMENT UTR:UTR101554 ORD:order_001554,credit
bnk_001555,2026-08-10,1538.38,RAZORPAY SETTLEMENT UTR:UTR101565 ORD:order_001565,credit
bnk_001578,2026-08-10,4036.37,RAZORPAY SETTLEMENT UTR:UTR101588 ORD:order_001588,credit
bnk_001584,2026-08-10,18383.58,RAZORPAY SETTLEMENT UTR:UTR101594 ORD:order_001594,credit
bnk_001588,2026-08-10,20352.2,RAZORPAY SETTLEMENT UTR:UTR101598 ORD:order_001598,credit
bnk_001620,2026-08-10,8116.33,RAZORPAY SETTLEMENT UTR:UTR101630 ORD:order_001630,credit
bnk_001625,2026-08-10,2883.59,RAZORPAY SETTLEMENT UTR:UTR101635 ORD:order_001635,credit
bnk_001627,2026-08-10,18765.65,RAZORPAY SETTLEMENT UTR:UTR101637 ORD:order_001637,credit
bnk_001657,2026-08-10,19314.46,RAZORPAY SETTLEMENT UTR:UTR101667 ORD:order_001667,credit
bnk_001682,2026-08-10,16060.55,RAZORPAY SETTLEMENT UTR:UTR101692 ORD:order_001692,credit
bnk_001728,2026-08-10,14188.56,RAZORPAY SETTLEMENT UTR:UTR101738 ORD:order_001738,credit
bnk_001766,2026-08-10,16454.23,RAZORPAY SETTLEMENT UTR:UTR101776 ORD:order_001776,credit
bnk_001778,2026-08-10,20510.19,RAZORPAY SETTLEMENT UTR:UTR101789 ORD:order_001789,credit
bnk_001799,2026-08-10,19646.33,RAZORPAY SETTLEMENT UTR:UTR101810 ORD:order_001810,credit
bnk_001816,2026-08-10,12862.8,RAZORPAY SETTLEMENT UTR:UTR101827 ORD:order_001827,credit
bnk_001825,2026-08-10,17868.58,RAZORPAY SETTLEMENT UTR:UTR101836 ORD:order_001836,credit
bnk_001835,2026-08-10,16143.46,RAZORPAY SETTLEMENT UTR:UTR101846 ORD:order_001846,credit
bnk_001865,2026-08-10,15479.68,RAZORPAY SETTLEMENT UTR:UTR101876 ORD:order_001876,credit
bnk_001878,2026-08-10,945.7,RAZORPAY SETTLEMENT UTR:UTR101889 ORD:order_001889,credit
bnk_001948,2026-08-10,17802.16,RAZORPAY SETTLEMENT UTR:UTR101959 ORD:order_001959,credit
bnk_001951,2026-08-10,2766.56,RAZORPAY SETTLEMENT UTR:UTR101962 ORD:order_001962,credit
bnk_001961,2026-08-10,1692.68,RAZORPAY SETTLEMENT UTR:UTR101972 ORD:order_001972,credit
bnk_001963,2026-08-10,10135.31,RAZORPAY SETTLEMENT UTR:UTR101974 ORD:order_001974,credit
bnk_001981,2026-08-10,2819.08,RAZORPAY SETTLEMENT UTR:UTR101992 ORD:order_001992,credit
bnk_000043,2026-08-11,11464.76,RAZORPAY SETTLEMENT UTR:UTR100046 ORD:order_000046,credit
bnk_000062,2026-08-11,565.83,RAZORPAY SETTLEMENT UTR:UTR100065 ORD:order_000065,credit
bnk_000109,2026-08-11,10580.37,RAZORPAY SETTLEMENT UTR:UTR100112 ORD:order_000112,credit
bnk_000165,2026-08-11,15729.1,RAZORPAY SETTLEMENT UTR:UTR100168 ORD:order_000168,credit
bnk_000191,2026-08-11,10020.22,RAZORPAY SETTLEMENT UTR:UTR100194 ORD:order_000194,credit
bnk_000192,2026-08-11,21165.08,RAZORPAY SETTLEMENT UTR:UTR100195 ORD:order_000195,credit
bnk_000196,2026-08-11,3247.38,RAZORPAY SETTLEMENT UTR:UTR100199 ORD:order_000199,credit
bnk_000197,2026-08-11,4759.86,RAZORPAY SETTLEMENT UTR:UTR100200 ORD:order_000200,credit
bnk_000247,2026-08-11,20579.23,RAZORPAY SETTLEMENT UTR:UTR100251 ORD:order_000251,credit
bnk_000268,2026-08-11,12167.53,RAZORPAY SETTLEMENT UTR:UTR100272 ORD:order_000272,credit
bnk_000277,2026-08-11,4835.48,RAZORPAY SETTLEMENT UTR:UTR100281 ORD:order_000281,credit
bnk_000293,2026-08-11,11612.64,RAZORPAY SETTLEMENT UTR:UTR100297 ORD:order_000297,credit
bnk_000314,2026-08-11,23584.08,RAZORPAY SETTLEMENT UTR:UTR100318 ORD:order_000318,credit
bnk_000328,2026-08-11,17261.78,RAZORPAY SETTLEMENT UTR:UTR100332 ORD:order_000332,credit
bnk_000342,2026-08-11,6969.0,RAZORPAY SETTLEMENT UTR:UTR100346 ORD:order_000346,credit
bnk_000377,2026-08-11,15451.65,RAZORPAY SETTLEMENT UTR:UTR100381 ORD:order_000381,credit
bnk_000396,2026-08-11,17227.09,RAZORPAY SETTLEMENT UTR:UTR100400 ORD:order_000400,credit
bnk_000404,2026-08-11,24399.77,RAZORPAY SETTLEMENT UTR:UTR100408 ORD:order_000408,credit
bnk_000407,2026-08-11,11067.13,RAZORPAY SETTLEMENT UTR:UTR100411 ORD:order_000411,credit
bnk_000438,2026-08-11,12661.33,RAZORPAY SETTLEMENT UTR:UTR100442 ORD:order_000442,credit
bnk_000468,2026-08-11,11719.26,RAZORPAY SETTLEMENT UTR:UTR100473 ORD:order_000473,credit
bnk_000522,2026-08-11,13187.14,RAZORPAY SETTLEMENT UTR:UTR100527 ORD:order_000527,credit
bnk_000523,2026-08-11,20354.6,RAZORPAY SETTLEMENT UTR:UTR100528 ORD:order_000528,credit
bnk_000535,2026-08-11,16583.47,RAZORPAY SETTLEMENT UTR:UTR100540 ORD:order_000540,credit
bnk_000554,2026-08-11,15215.71,RAZORPAY SETTLEMENT UTR:UTR100559 ORD:order_000559,credit
bnk_000595,2026-08-11,2059.44,RAZORPAY SETTLEMENT UTR:UTR100600 ORD:order_000600,credit
bnk_000625,2026-08-11,9280.93,RAZORPAY SETTLEMENT UTR:UTR100630 ORD:order_000630,credit
bnk_000630,2026-08-11,22713.58,RAZORPAY SETTLEMENT UTR:UTR100635 ORD:order_000635,credit
bnk_000631,2026-08-11,1180.81,RAZORPAY SETTLEMENT UTR:UTR100636 ORD:order_000636,credit
bnk_000682,2026-08-11,2947.47,RAZORPAY SETTLEMENT UTR:UTR100688 ORD:order_000688,credit
bnk_000693,2026-08-11,15592.07,RAZORPAY SETTLEMENT UTR:UTR100699 ORD:order_000699,credit
bnk_000856,2026-08-11,3305.25,RAZORPAY SETTLEMENT UTR:UTR100862 ORD:order_000862,credit
bnk_000892,2026-08-11,23365.85,RAZORPAY SETTLEMENT UTR:UTR100899 ORD:order_000899,credit
bnk_000902,2026-08-11,18932.45,RAZORPAY SETTLEMENT UTR:UTR100909 ORD:order_000909,credit
bnk_000938,2026-08-11,10796.77,RAZORPAY SETTLEMENT UTR:UTR100945 ORD:order_000945,credit
bnk_000988,2026-08-11,19713.02,RAZORPAY SETTLEMENT UTR:UTR100995 ORD:order_000995,credit
bnk_000990,2026-08-11,23389.43,RAZORPAY SETTLEMENT UTR:UTR100997 ORD:order_000997,credit
bnk_000996,2026-08-11,13896.07,RAZORPAY SETTLEMENT UTR:UTR101003 ORD:order_001003,credit
bnk_001050,2026-08-11,6122.29,RAZORPAY SETTLEMENT UTR:UTR101057 ORD:order_001057,credit
bnk_001139,2026-08-11,9779.88,RAZORPAY SETTLEMENT UTR:UTR101147 ORD:order_001147,credit
bnk_001194,2026-08-11,888.31,RAZORPAY SETTLEMENT UTR:UTR101202 ORD:order_001202,credit
bnk_001218,2026-08-11,22595.75,RAZORPAY SETTLEMENT UTR:UTR101226 ORD:order_001226,credit
bnk_001236,2026-08-11,1196.9,RAZORPAY SETTLEMENT UTR:UTR101244 ORD:order_001244,credit
bnk_001249,2026-08-11,11127.08,RAZORPAY SETTLEMENT UTR:UTR101257 ORD:order_001257,credit
bnk_001327,2026-08-11,17491.32,RAZORPAY SETTLEMENT UTR:UTR101336 ORD:order_001336,credit
bnk_001375,2026-08-11,7475.52,RAZORPAY SETTLEMENT UTR:UTR101384 ORD:order_001384,credit
bnk_001380,2026-08-11,14188.55,RAZORPAY SETTLEMENT UTR:UTR101389 ORD:order_001389,credit
bnk_001400,2026-08-11,7409.57,RAZORPAY SETTLEMENT UTR:UTR101409 ORD:order_001409,credit
bnk_001404,2026-08-11,22466.79,RAZORPAY SETTLEMENT UTR:UTR101413 ORD:order_001413,credit
bnk_001413,2026-08-11,10125.11,RAZORPAY SETTLEMENT UTR:UTR101422 ORD:order_001422,credit
bnk_001434,2026-08-11,4291.23,RAZORPAY SETTLEMENT UTR:UTR101443 ORD:order_001443,credit
bnk_001508,2026-08-11,12999.43,RAZORPAY SETTLEMENT UTR:UTR101517 ORD:order_001517,credit
bnk_001510,2026-08-11,18424.2,RAZORPAY SETTLEMENT UTR:UTR101519 ORD:order_001519,credit
bnk_001563,2026-08-11,6152.21,RAZORPAY SETTLEMENT UTR:UTR101573 ORD:order_001573,credit
bnk_001566,2026-08-11,8096.71,RAZORPAY SETTLEMENT UTR:UTR101576 ORD:order_001576,credit
bnk_001592,2026-08-11,14418.43,RAZORPAY SETTLEMENT UTR:UTR101602 ORD:order_001602,credit
bnk_001621,2026-08-11,1189.19,RAZORPAY SETTLEMENT UTR:UTR101631 ORD:order_001631,credit
bnk_001672,2026-08-11,11172.39,RAZORPAY SETTLEMENT UTR:UTR101682 ORD:order_001682,credit
bnk_001712,2026-08-11,12188.27,RAZORPAY SETTLEMENT UTR:UTR101722 ORD:order_001722,credit
bnk_001718,2026-08-11,6789.22,RAZORPAY SETTLEMENT UTR:UTR101728 ORD:order_001728,credit
bnk_001753,2026-08-11,21488.99,RAZORPAY SETTLEMENT UTR:UTR101763 ORD:order_001763,credit
bnk_001756,2026-08-11,1384.45,RAZORPAY SETTLEMENT UTR:UTR101766 ORD:order_001766,credit
bnk_001761,2026-08-11,18327.87,RAZORPAY SETTLEMENT UTR:UTR101771 ORD:order_001771,credit
bnk_001788,2026-08-11,8723.26,RAZORPAY SETTLEMENT UTR:UTR101799 ORD:order_001799,credit
bnk_001812,2026-08-11,2015.3,RAZORPAY SETTLEMENT UTR:UTR101823 ORD:order_001823,credit
bnk_001813,2026-08-11,15812.38,RAZORPAY SETTLEMENT UTR:UTR101824 ORD:order_001824,credit
bnk_001831,2026-08-11,11750.13,RAZORPAY SETTLEMENT UTR:UTR101842 ORD:order_001842,credit
bnk_001853,2026-08-11,600.95,RAZORPAY SETTLEMENT UTR:UTR101864 ORD:order_001864,credit
bnk_001884,2026-08-11,21456.71,RAZORPAY SETTLEMENT UTR:UTR101895 ORD:order_001895,credit
bnk_001926,2026-08-11,23335.65,RAZORPAY SETTLEMENT UTR:UTR101937 ORD:order_001937,credit
bnk_001960,2026-08-11,6250.76,RAZORPAY SETTLEMENT UTR:UTR101971 ORD:order_001971,credit
bnk_000060,2026-08-12,8625.81,RAZORPAY SETTLEMENT UTR:UTR100063 ORD:order_000063,credit
bnk_000065,2026-08-12,21312.57,RAZORPAY SETTLEMENT UTR:UTR100068 ORD:order_000068,credit
bnk_000073,2026-08-12,21508.82,RAZORPAY SETTLEMENT UTR:UTR100076 ORD:order_000076,credit
bnk_000122,2026-08-12,4191.22,RAZORPAY SETTLEMENT UTR:UTR100125 ORD:order_000125,credit
bnk_000150,2026-08-12,20432.87,RAZORPAY SETTLEMENT UTR:UTR100153 ORD:order_000153,credit
bnk_000209,2026-08-12,17706.02,RAZORPAY SETTLEMENT UTR:UTR100212 ORD:order_000212,credit
bnk_000211,2026-08-12,8291.08,RAZORPAY SETTLEMENT UTR:UTR100214 ORD:order_000214,credit
bnk_000215,2026-08-12,15212.43,RAZORPAY SETTLEMENT UTR:UTR100218 ORD:order_000218,credit
bnk_000264,2026-08-12,23040.28,RAZORPAY SETTLEMENT UTR:UTR100268 ORD:order_000268,credit
bnk_000298,2026-08-12,14331.38,RAZORPAY SETTLEMENT UTR:UTR100302 ORD:order_000302,credit
bnk_000302,2026-08-12,6297.59,RAZORPAY SETTLEMENT UTR:UTR100306 ORD:order_000306,credit
bnk_000337,2026-08-12,17036.99,RAZORPAY SETTLEMENT UTR:UTR100341 ORD:order_000341,credit
bnk_000350,2026-08-12,20406.16,RAZORPAY SETTLEMENT UTR:UTR100354 ORD:order_000354,credit
bnk_000373,2026-08-12,24171.53,RAZORPAY SETTLEMENT UTR:UTR100377 ORD:order_000377,credit
bnk_000383,2026-08-12,6025.53,RAZORPAY SETTLEMENT UTR:UTR100387 ORD:order_000387,credit
bnk_000395,2026-08-12,3462.96,RAZORPAY SETTLEMENT UTR:UTR100399 ORD:order_000399,credit
bnk_000427,2026-08-12,3622.26,RAZORPAY SETTLEMENT UTR:UTR100431 ORD:order_000431,credit
bnk_000431,2026-08-12,17467.49,RAZORPAY SETTLEMENT UTR:UTR100435 ORD:order_000435,credit
bnk_000437,2026-08-12,12410.24,RAZORPAY SETTLEMENT UTR:UTR100441 ORD:order_000441,credit
bnk_000446,2026-08-12,7254.22,RAZORPAY SETTLEMENT UTR:UTR100451 ORD:order_000451,credit
bnk_000476,2026-08-12,15586.7,RAZORPAY SETTLEMENT UTR:UTR100481 ORD:order_000481,credit
bnk_000480,2026-08-12,11101.79,RAZORPAY SETTLEMENT UTR:UTR100485 ORD:order_000485,credit
bnk_000504,2026-08-12,7565.99,RAZORPAY SETTLEMENT UTR:UTR100509 ORD:order_000509,credit
bnk_000509,2026-08-12,20411.2,RAZORPAY SETTLEMENT UTR:UTR100514 ORD:order_000514,credit
bnk_000515,2026-08-12,15949.82,RAZORPAY SETTLEMENT UTR:UTR100520 ORD:order_000520,credit
bnk_000518,2026-08-12,2644.35,RAZORPAY SETTLEMENT UTR:UTR100523 ORD:order_000523,credit
bnk_000525,2026-08-12,23629.77,RAZORPAY SETTLEMENT UTR:UTR100530 ORD:order_000530,credit
bnk_000543,2026-08-12,22242.39,RAZORPAY SETTLEMENT UTR:UTR100548 ORD:order_000548,credit
bnk_000632,2026-08-12,17298.02,RAZORPAY SETTLEMENT UTR:UTR100637 ORD:order_000637,credit
bnk_000652,2026-08-12,12129.33,RAZORPAY SETTLEMENT UTR:UTR100657 ORD:order_000657,credit
bnk_000655,2026-08-12,672.08,RAZORPAY SETTLEMENT UTR:UTR100660 ORD:order_000660,credit
bnk_000657,2026-08-12,18768.3,RAZORPAY SETTLEMENT UTR:UTR100662 ORD:order_000662,credit
bnk_000674,2026-08-12,9955.64,RAZORPAY SETTLEMENT UTR:UTR100680 ORD:order_000680,credit
bnk_000695,2026-08-12,12624.6,RAZORPAY SETTLEMENT UTR:UTR100701 ORD:order_000701,credit
bnk_000697,2026-08-12,1849.11,RAZORPAY SETTLEMENT UTR:UTR100703 ORD:order_000703,credit
bnk_000712,2026-08-12,9193.29,RAZORPAY SETTLEMENT UTR:UTR100718 ORD:order_000718,credit
bnk_000721,2026-08-12,22418.42,RAZORPAY SETTLEMENT UTR:UTR100727 ORD:order_000727,credit
bnk_000733,2026-08-12,4194.77,RAZORPAY SETTLEMENT UTR:UTR100739 ORD:order_000739,credit
bnk_000760,2026-08-12,20849.63,RAZORPAY SETTLEMENT UTR:UTR100766 ORD:order_000766,credit
bnk_000773,2026-08-12,3779.83,RAZORPAY SETTLEMENT UTR:UTR100779 ORD:order_000779,credit
bnk_000831,2026-08-12,16298.58,RAZORPAY SETTLEMENT UTR:UTR100837 ORD:order_000837,credit
bnk_000858,2026-08-12,24323.05,RAZORPAY SETTLEMENT UTR:UTR100864 ORD:order_000864,credit
bnk_000865,2026-08-12,13645.12,RAZORPAY SETTLEMENT UTR:UTR100871 ORD:order_000871,credit
bnk_000885,2026-08-12,22274.08,RAZORPAY SETTLEMENT UTR:UTR100892 ORD:order_000892,credit
bnk_000893,2026-08-12,3482.5,RAZORPAY SETTLEMENT UTR:UTR100900 ORD:order_000900,credit
bnk_000929,2026-08-12,12419.43,RAZORPAY SETTLEMENT UTR:UTR100936 ORD:order_000936,credit
bnk_000934,2026-08-12,1652.19,RAZORPAY SETTLEMENT UTR:UTR100941 ORD:order_000941,credit
bnk_000936,2026-08-12,16576.09,RAZORPAY SETTLEMENT UTR:UTR100943 ORD:order_000943,credit
bnk_000959,2026-08-12,24185.52,RAZORPAY SETTLEMENT UTR:UTR100966 ORD:order_000966,credit
bnk_000992,2026-08-12,23010.23,RAZORPAY SETTLEMENT UTR:UTR100999 ORD:order_000999,credit
bnk_001001,2026-08-12,7436.35,RAZORPAY SETTLEMENT UTR:UTR101008 ORD:order_001008,credit
bnk_001019,2026-08-12,18570.95,RAZORPAY SETTLEMENT UTR:UTR101026 ORD:order_001026,credit
bnk_001029,2026-08-12,22893.56,RAZORPAY SETTLEMENT UTR:UTR101036 ORD:order_001036,credit
bnk_001051,2026-08-12,23310.42,RAZORPAY SETTLEMENT UTR:UTR101058 ORD:order_001058,credit
bnk_001058,2026-08-12,22570.56,RAZORPAY SETTLEMENT UTR:UTR101065 ORD:order_001065,credit
bnk_001060,2026-08-12,22403.69,RAZORPAY SETTLEMENT UTR:UTR101067 ORD:order_001067,credit
bnk_001084,2026-08-12,16582.01,RAZORPAY SETTLEMENT UTR:UTR101091 ORD:order_001091,credit
bnk_001118,2026-08-12,3840.49,RAZORPAY SETTLEMENT UTR:UTR101126 ORD:order_001126,credit
bnk_001124,2026-08-12,5775.94,RAZORPAY SETTLEMENT UTR:UTR101132 ORD:order_001132,credit
bnk_001132,2026-08-12,10254.49,RAZORPAY SETTLEMENT UTR:UTR101140 ORD:order_001140,credit
bnk_001158,2026-08-12,8181.81,RAZORPAY SETTLEMENT UTR:UTR101166 ORD:order_001166,credit
bnk_001160,2026-08-12,16006.78,RAZORPAY SETTLEMENT UTR:UTR101168 ORD:order_001168,credit
bnk_001195,2026-08-12,13304.02,RAZORPAY SETTLEMENT UTR:UTR101203 ORD:order_001203,credit
bnk_001224,2026-08-12,22708.56,RAZORPAY SETTLEMENT UTR:UTR101232 ORD:order_001232,credit
bnk_001242,2026-08-12,18959.84,RAZORPAY SETTLEMENT UTR:UTR101250 ORD:order_001250,credit
bnk_001248,2026-08-12,2677.54,RAZORPAY SETTLEMENT UTR:UTR101256 ORD:order_001256,credit
bnk_001263,2026-08-12,3809.5,RAZORPAY SETTLEMENT UTR:UTR101271 ORD:order_001271,credit
bnk_001266,2026-08-12,7089.71,RAZORPAY SETTLEMENT UTR:UTR101274 ORD:order_001274,credit
bnk_001291,2026-08-12,10976.84,RAZORPAY SETTLEMENT UTR:UTR101299 ORD:order_001299,credit
bnk_001319,2026-08-12,12036.95,RAZORPAY SETTLEMENT UTR:UTR101327 ORD:order_001327,credit
bnk_001326,2026-08-12,8110.52,RAZORPAY SETTLEMENT UTR:UTR101335 ORD:order_001335,credit
bnk_001351,2026-08-12,4615.36,RAZORPAY SETTLEMENT UTR:UTR101360 ORD:order_001360,credit
bnk_001376,2026-08-12,5866.86,RAZORPAY SETTLEMENT UTR:UTR101385 ORD:order_001385,credit
bnk_001386,2026-08-12,18461.73,RAZORPAY SETTLEMENT UTR:UTR101395 ORD:order_001395,credit
bnk_001399,2026-08-12,4516.1,RAZORPAY SETTLEMENT UTR:UTR101408 ORD:order_001408,credit
bnk_001423,2026-08-12,6912.09,RAZORPAY SETTLEMENT UTR:UTR101432 ORD:order_001432,credit
bnk_001433,2026-08-12,21590.76,RAZORPAY SETTLEMENT UTR:UTR101442 ORD:order_001442,credit
bnk_001470,2026-08-12,20771.31,RAZORPAY SETTLEMENT UTR:UTR101479 ORD:order_001479,credit
bnk_001493,2026-08-12,7125.73,RAZORPAY SETTLEMENT UTR:UTR101502 ORD:order_001502,credit
bnk_001536,2026-08-12,21205.25,RAZORPAY SETTLEMENT UTR:UTR101545 ORD:order_001545,credit
bnk_001549,2026-08-12,20797.96,NEFT-RZPY-101559/settlemnt,credit
bnk_001575,2026-08-12,2651.22,RAZORPAY SETTLEMENT UTR:UTR101585 ORD:order_001585,credit
bnk_001580,2026-08-12,12771.07,RAZORPAY SETTLEMENT UTR:UTR101590 ORD:order_001590,credit
bnk_001607,2026-08-12,6367.82,RAZORPAY SETTLEMENT UTR:UTR101617 ORD:order_001617,credit
bnk_001659,2026-08-12,9539.83,RAZORPAY SETTLEMENT UTR:UTR101669 ORD:order_001669,credit
bnk_001699,2026-08-12,6833.81,RAZORPAY SETTLEMENT UTR:UTR101709 ORD:order_001709,credit
bnk_001708,2026-08-12,4574.81,RAZORPAY SETTLEMENT UTR:UTR101718 ORD:order_001718,credit
bnk_001710,2026-08-12,20672.67,RAZORPAY SETTLEMENT UTR:UTR101720 ORD:order_001720,credit
bnk_001751,2026-08-12,19136.31,RAZORPAY SETTLEMENT UTR:UTR101761 ORD:order_001761,credit
bnk_001763,2026-08-12,8570.57,RAZORPAY SETTLEMENT UTR:UTR101773 ORD:order_001773,credit
bnk_001800,2026-08-12,6525.84,RAZORPAY SETTLEMENT UTR:UTR101811 ORD:order_001811,credit
bnk_001810,2026-08-12,15057.78,RAZORPAY SETTLEMENT UTR:UTR101821 ORD:order_001821,credit
bnk_001820,2026-08-12,16166.55,RAZORPAY SETTLEMENT UTR:UTR101831 ORD:order_001831,credit
bnk_001836,2026-08-12,8987.21,RAZORPAY SETTLEMENT UTR:UTR101847 ORD:order_001847,credit
bnk_001870,2026-08-12,20196.03,RAZORPAY SETTLEMENT UTR:UTR101881 ORD:order_001881,credit
bnk_001905,2026-08-12,17315.68,RAZORPAY SETTLEMENT UTR:UTR101916 ORD:order_001916,credit
bnk_001916,2026-08-12,6017.97,RAZORPAY SETTLEMENT UTR:UTR101927 ORD:order_001927,credit
bnk_001919,2026-08-12,21399.21,RAZORPAY SETTLEMENT UTR:UTR101930 ORD:order_001930,credit
bnk_001983,2026-08-12,20340.52,RAZORPAY SETTLEMENT UTR:UTR101994 ORD:order_001994,credit
bnk_000003,2026-08-13,21830.74,RAZORPAY SETTLEMENT UTR:UTR100004 ORD:order_000004,credit
bnk_000013,2026-08-13,17188.95,RAZORPAY SETTLEMENT UTR:UTR100013 ORD:order_000013,credit
bnk_000015,2026-08-13,23386.46,RAZORPAY SETTLEMENT UTR:UTR100015 ORD:order_000015,credit
bnk_000088,2026-08-13,5863.36,RAZORPAY SETTLEMENT UTR:UTR100091 ORD:order_000091,credit
bnk_000093,2026-08-13,22147.47,RAZORPAY SETTLEMENT UTR:UTR100096 ORD:order_000096,credit
bnk_000125,2026-08-13,1946.41,RAZORPAY SETTLEMENT UTR:UTR100128 ORD:order_000128,credit
bnk_000136,2026-08-13,14009.45,RAZORPAY SETTLEMENT UTR:UTR100139 ORD:order_000139,credit
bnk_000138,2026-08-13,16509.25,RAZORPAY SETTLEMENT UTR:UTR100141 ORD:order_000141,credit
bnk_000141,2026-08-13,7664.67,RAZORPAY SETTLEMENT UTR:UTR100144 ORD:order_000144,credit
bnk_000158,2026-08-13,5526.84,RAZORPAY SETTLEMENT UTR:UTR100161 ORD:order_000161,credit
bnk_000182,2026-08-13,4778.83,RAZORPAY SETTLEMENT UTR:UTR100185 ORD:order_000185,credit
bnk_000199,2026-08-13,10883.74,RAZORPAY SETTLEMENT UTR:UTR100202 ORD:order_000202,credit
bnk_000207,2026-08-13,23186.98,RAZORPAY SETTLEMENT UTR:UTR100210 ORD:order_000210,credit
bnk_000219,2026-08-13,10391.68,RAZORPAY SETTLEMENT UTR:UTR100222 ORD:order_000222,credit
bnk_000252,2026-08-13,6988.11,RAZORPAY SETTLEMENT UTR:UTR100256 ORD:order_000256,credit
bnk_000257,2026-08-13,10412.58,RAZORPAY SETTLEMENT UTR:UTR100261 ORD:order_000261,credit
bnk_000279,2026-08-13,11365.43,RAZORPAY SETTLEMENT UTR:UTR100283 ORD:order_000283,credit
bnk_000326,2026-08-13,19573.78,RAZORPAY SETTLEMENT UTR:UTR100330 ORD:order_000330,credit
bnk_000359,2026-08-13,11939.91,RAZORPAY SETTLEMENT UTR:UTR100363 ORD:order_000363,credit
bnk_000411,2026-08-13,8812.06,RAZORPAY SETTLEMENT UTR:UTR100415 ORD:order_000415,credit
bnk_000413,2026-08-13,21006.72,RAZORPAY SETTLEMENT UTR:UTR100417 ORD:order_000417,credit
bnk_000418,2026-08-13,8012.02,RAZORPAY SETTLEMENT UTR:UTR100422 ORD:order_000422,credit
bnk_000452,2026-08-13,9511.75,RAZORPAY SETTLEMENT UTR:UTR100457 ORD:order_000457,credit
bnk_000470,2026-08-13,16033.46,RAZORPAY SETTLEMENT UTR:UTR100475 ORD:order_000475,credit
bnk_000472,2026-08-13,9578.71,RAZORPAY SETTLEMENT UTR:UTR100477 ORD:order_000477,credit
bnk_000526,2026-08-13,18347.24,RAZORPAY SETTLEMENT UTR:UTR100531 ORD:order_000531,credit
bnk_000597,2026-08-13,13605.88,RAZORPAY SETTLEMENT UTR:UTR100602 ORD:order_000602,credit
bnk_000608,2026-08-13,7964.91,RAZORPAY SETTLEMENT UTR:UTR100613 ORD:order_000613,credit
bnk_000641,2026-08-13,7943.13,RAZORPAY SETTLEMENT UTR:UTR100646 ORD:order_000646,credit
bnk_000668,2026-08-13,987.13,RAZORPAY SETTLEMENT UTR:UTR100674 ORD:order_000674,credit
bnk_000703,2026-08-13,16081.33,RAZORPAY SETTLEMENT UTR:UTR100709 ORD:order_000709,credit
bnk_000706,2026-08-13,11265.52,RAZORPAY SETTLEMENT UTR:UTR100712 ORD:order_000712,credit
bnk_000713,2026-08-13,9755.91,RAZORPAY SETTLEMENT UTR:UTR100719 ORD:order_000719,credit
bnk_000716,2026-08-13,8493.61,RAZORPAY SETTLEMENT UTR:UTR100722 ORD:order_000722,credit
bnk_000719,2026-08-13,21378.62,RAZORPAY SETTLEMENT UTR:UTR100725 ORD:order_000725,credit
bnk_000725,2026-08-13,15881.71,RAZORPAY SETTLEMENT UTR:UTR100731 ORD:order_000731,credit
bnk_000730,2026-08-13,23241.89,RAZORPAY SETTLEMENT UTR:UTR100736 ORD:order_000736,credit
bnk_000737,2026-08-13,1391.18,RAZORPAY SETTLEMENT UTR:UTR100743 ORD:order_000743,credit
bnk_000770,2026-08-13,5859.58,RAZORPAY SETTLEMENT UTR:UTR100776 ORD:order_000776,credit
bnk_000804,2026-08-13,18075.2,RAZORPAY SETTLEMENT UTR:UTR100810 ORD:order_000810,credit
bnk_000813,2026-08-13,21677.89,RAZORPAY SETTLEMENT UTR:UTR100819 ORD:order_000819,credit
bnk_000819,2026-08-13,21199.66,RAZORPAY SETTLEMENT UTR:UTR100825 ORD:order_000825,credit
bnk_000829,2026-08-13,13536.93,RAZORPAY SETTLEMENT UTR:UTR100835 ORD:order_000835,credit
bnk_000830,2026-08-13,2942.53,RAZORPAY SETTLEMENT UTR:UTR100836 ORD:order_000836,credit
bnk_000851,2026-08-13,9266.29,RAZORPAY SETTLEMENT UTR:UTR100857 ORD:order_000857,credit
bnk_000863,2026-08-13,24344.51,RAZORPAY SETTLEMENT UTR:UTR100869 ORD:order_000869,credit
bnk_000880,2026-08-13,3486.25,RAZORPAY SETTLEMENT UTR:UTR100886 ORD:order_000886,credit
bnk_000912,2026-08-13,11598.49,RAZORPAY SETTLEMENT UTR:UTR100919 ORD:order_000919,credit
bnk_000913,2026-08-13,15000.61,RAZORPAY SETTLEMENT UTR:UTR100920 ORD:order_000920,credit
bnk_000914,2026-08-13,21096.47,RAZORPAY SETTLEMENT UTR:UTR100921 ORD:order_000921,credit
bnk_000918,2026-08-13,13923.9,RAZORPAY SETTLEMENT UTR:UTR100925 ORD:order_000925,credit
bnk_000948,2026-08-13,9911.09,RAZORPAY SETTLEMENT UTR:UTR100955 ORD:order_000955,credit
bnk_000953,2026-08-13,1419.09,RAZORPAY SETTLEMENT UTR:UTR100960 ORD:order_000960,credit
bnk_000982,2026-08-13,5448.18,RAZORPAY SETTLEMENT UTR:UTR100989 ORD:order_000989,credit
bnk_000984,2026-08-13,13058.56,RAZORPAY SETTLEMENT UTR:UTR100991 ORD:order_000991,credit
bnk_000986,2026-08-13,22307.85,RAZORPAY SETTLEMENT UTR:UTR100993 ORD:order_000993,credit
bnk_001032,2026-08-13,3055.03,RAZORPAY SETTLEMENT UTR:UTR101039 ORD:order_001039,credit
bnk_001040,2026-08-13,825.12,RAZORPAY SETTLEMENT UTR:UTR101047 ORD:order_001047,credit
bnk_001121,2026-08-13,18968.71,RAZORPAY SETTLEMENT UTR:UTR101129 ORD:order_001129,credit
bnk_001150,2026-08-13,21287.58,RAZORPAY SETTLEMENT UTR:UTR101158 ORD:order_001158,credit
bnk_001164,2026-08-13,18707.73,RAZORPAY SETTLEMENT UTR:UTR101172 ORD:order_001172,credit
bnk_001175,2026-08-13,23057.57,RAZORPAY SETTLEMENT UTR:UTR101183 ORD:order_001183,credit
bnk_001213,2026-08-13,15915.55,RAZORPAY SETTLEMENT UTR:UTR101221 ORD:order_001221,credit
bnk_001221,2026-08-13,22705.96,RAZORPAY SETTLEMENT UTR:UTR101229 ORD:order_001229,credit
bnk_001235,2026-08-13,23666.52,RAZORPAY SETTLEMENT UTR:UTR101243 ORD:order_001243,credit
bnk_001274,2026-08-13,9575.84,RAZORPAY SETTLEMENT UTR:UTR101282 ORD:order_001282,credit
bnk_001281,2026-08-13,23562.56,RAZORPAY SETTLEMENT UTR:UTR101289 ORD:order_001289,credit
bnk_001284,2026-08-13,19194.43,RAZORPAY SETTLEMENT UTR:UTR101292 ORD:order_001292,credit
bnk_001309,2026-08-13,23616.06,RAZORPAY SETTLEMENT UTR:UTR101317 ORD:order_001317,credit
bnk_001322,2026-08-13,8820.85,RAZORPAY SETTLEMENT UTR:UTR101330 ORD:order_001330,credit
bnk_001343,2026-08-13,4960.62,RAZORPAY SETTLEMENT UTR:UTR101352 ORD:order_001352,credit
bnk_001407,2026-08-13,6460.93,RAZORPAY SETTLEMENT UTR:UTR101416 ORD:order_001416,credit
bnk_001445,2026-08-13,710.36,RAZORPAY SETTLEMENT UTR:UTR101454 ORD:order_001454,credit
bnk_001464,2026-08-13,23530.84,RAZORPAY SETTLEMENT UTR:UTR101473 ORD:order_001473,credit
bnk_001479,2026-08-13,24096.21,RAZORPAY SETTLEMENT UTR:UTR101488 ORD:order_001488,credit
bnk_001528,2026-08-13,10520.27,RAZORPAY SETTLEMENT UTR:UTR101537 ORD:order_001537,credit
bnk_001529,2026-08-13,6427.1,RAZORPAY SETTLEMENT UTR:UTR101538 ORD:order_001538,credit
bnk_001565,2026-08-13,17250.82,RAZORPAY SETTLEMENT UTR:UTR101575 ORD:order_001575,credit
bnk_001577,2026-08-13,1452.96,RAZORPAY SETTLEMENT UTR:UTR101587 ORD:order_001587,credit
bnk_001597,2026-08-13,2688.5,RAZORPAY SETTLEMENT UTR:UTR101607 ORD:order_001607,credit
bnk_001641,2026-08-13,11922.56,RAZORPAY SETTLEMENT UTR:UTR101651 ORD:order_001651,credit
bnk_001643,2026-08-13,19779.82,RAZORPAY SETTLEMENT UTR:UTR101653 ORD:order_001653,credit
bnk_001644,2026-08-13,17638.64,RAZORPAY SETTLEMENT UTR:UTR101654 ORD:order_001654,credit
bnk_001650,2026-08-13,14506.77,RAZORPAY SETTLEMENT UTR:UTR101660 ORD:order_001660,credit
bnk_001668,2026-08-13,6181.49,RAZORPAY SETTLEMENT UTR:UTR101678 ORD:order_001678,credit
bnk_001671,2026-08-13,17934.04,RAZORPAY SETTLEMENT UTR:UTR101681 ORD:order_001681,credit
bnk_001685,2026-08-13,7542.94,RAZORPAY SETTLEMENT UTR:UTR101695 ORD:order_001695,credit
bnk_001742,2026-08-13,9993.65,RAZORPAY SETTLEMENT UTR:UTR101752 ORD:order_001752,credit
bnk_001759,2026-08-13,1415.95,RAZORPAY SETTLEMENT UTR:UTR101769 ORD:order_001769,credit
bnk_001818,2026-08-13,10154.96,RAZORPAY SETTLEMENT UTR:UTR101829 ORD:order_001829,credit
bnk_001824,2026-08-13,20008.74,RAZORPAY SETTLEMENT UTR:UTR101835 ORD:order_001835,credit
bnk_001834,2026-08-13,23140.31,RAZORPAY SETTLEMENT UTR:UTR101845 ORD:order_001845,credit
bnk_001837,2026-08-13,10546.66,RAZORPAY SETTLEMENT UTR:UTR101848 ORD:order_001848,credit
bnk_001862,2026-08-13,23215.55,RAZORPAY SETTLEMENT UTR:UTR101873 ORD:order_001873,credit
bnk_001920,2026-08-13,9105.18,RAZORPAY SETTLEMENT UTR:UTR101931 ORD:order_001931,credit
bnk_001928,2026-08-13,9402.0,RAZORPAY SETTLEMENT UTR:UTR101939 ORD:order_001939,credit
bnk_001945,2026-08-13,6746.46,RAZORPAY SETTLEMENT UTR:UTR101956 ORD:order_001956,credit
bnk_001949,2026-08-13,23881.22,RAZORPAY SETTLEMENT UTR:UTR101960 ORD:order_001960,credit
bnk_001959,2026-08-13,18463.76,RAZORPAY SETTLEMENT UTR:UTR101970 ORD:order_001970,credit
bnk_001975,2026-08-13,16551.08,RAZORPAY SETTLEMENT UTR:UTR101986 ORD:order_001986,credit
bnk_000017,2026-08-14,2801.83,RAZORPAY SETTLEMENT UTR:UTR100017 ORD:order_000017,credit
bnk_000021,2026-08-14,21669.8,CR/ONLINE TRF/paymnt gateway aug batch/no ref quoted,credit
bnk_000027,2026-08-14,15694.91,RAZORPAY SETTLEMENT UTR:UTR100029 ORD:order_000029,credit
bnk_000028,2026-08-14,4379.18,RAZORPAY SETTLEMENT UTR:UTR100030 ORD:order_000030,credit
bnk_000044,2026-08-14,11464.76,CHARGEBACK RVSL REF UTR100046 DR,debit
bnk_000072,2026-08-14,3164.27,RAZORPAY SETTLEMENT UTR:UTR100075 ORD:order_000075,credit
bnk_000101,2026-08-14,16252.26,RAZORPAY SETTLEMENT UTR:UTR100104 ORD:order_000104,credit
bnk_000148,2026-08-14,21521.93,RAZORPAY SETTLEMENT UTR:UTR100151 ORD:order_000151,credit
bnk_000170,2026-08-14,13539.7,RAZORPAY SETTLEMENT UTR:UTR100173 ORD:order_000173,credit
bnk_000284,2026-08-14,1734.19,RAZORPAY SETTLEMENT UTR:UTR100288 ORD:order_000288,credit
bnk_000305,2026-08-14,19210.25,RAZORPAY SETTLEMENT UTR:UTR100309 ORD:order_000309,credit
bnk_000306,2026-08-14,13232.42,RAZORPAY SETTLEMENT UTR:UTR100310 ORD:order_000310,credit
bnk_000310,2026-08-14,10858.85,RAZORPAY SETTLEMENT UTR:UTR100314 ORD:order_000314,credit
bnk_000325,2026-08-14,12151.27,RAZORPAY SETTLEMENT UTR:UTR100329 ORD:order_000329,credit
bnk_000338,2026-08-14,16371.32,RAZORPAY SETTLEMENT UTR:UTR100342 ORD:order_000342,credit
bnk_000423,2026-08-14,4975.5,RAZORPAY SETTLEMENT UTR:UTR100427 ORD:order_000427,credit
bnk_000450,2026-08-14,13372.02,RAZORPAY SETTLEMENT UTR:UTR100455 ORD:order_000455,credit
bnk_000483,2026-08-14,7506.08,RAZORPAY SETTLEMENT UTR:UTR100488 ORD:order_000488,credit
bnk_000511,2026-08-14,15010.29,RAZORPAY SETTLEMENT UTR:UTR100516 ORD:order_000516,credit
bnk_000521,2026-08-14,19303.0,RAZORPAY SETTLEMENT UTR:UTR100526 ORD:order_000526,credit
bnk_000534,2026-08-14,3444.66,RAZORPAY SETTLEMENT UTR:UTR100539 ORD:order_000539,credit
bnk_000549,2026-08-14,9785.3,RAZORPAY SETTLEMENT UTR:UTR100554 ORD:order_000554,credit
bnk_000555,2026-08-14,1270.83,RAZORPAY SETTLEMENT UTR:UTR100560 ORD:order_000560,credit
bnk_000557,2026-08-14,23227.19,RAZORPAY SETTLEMENT UTR:UTR100562 ORD:order_000562,credit
bnk_000558,2026-08-14,2864.95,RAZORPAY SETTLEMENT UTR:UTR100563 ORD:order_000563,credit
bnk_000577,2026-08-14,3641.18,RAZORPAY SETTLEMENT UTR:UTR100582 ORD:order_000582,credit
bnk_000583,2026-08-14,11880.87,RAZORPAY SETTLEMENT UTR:UTR100588 ORD:order_000588,credit
bnk_000609,2026-08-14,16398.78,RAZORPAY SETTLEMENT UTR:UTR100614 ORD:order_000614,credit
bnk_000613,2026-08-14,18300.11,RAZORPAY SETTLEMENT UTR:UTR100618 ORD:order_000618,credit
bnk_000633,2026-08-14,22533.04,RAZORPAY SETTLEMENT UTR:UTR100638 ORD:order_000638,credit
bnk_000640,2026-08-14,8643.04,RAZORPAY SETTLEMENT UTR:UTR100645 ORD:order_000645,credit
bnk_000662,2026-08-14,12455.38,RAZORPAY SETTLEMENT UTR:UTR100667 ORD:order_000667,credit
bnk_000670,2026-08-14,11494.54,RAZORPAY SETTLEMENT UTR:UTR100676 ORD:order_000676,credit
bnk_000679,2026-08-14,5126.73,RAZORPAY SETTLEMENT UTR:UTR100685 ORD:order_000685,credit
bnk_000694,2026-08-14,14636.02,RAZORPAY SETTLEMENT UTR:UTR100700 ORD:order_000700,credit
bnk_000757,2026-08-14,15826.36,RAZORPAY SETTLEMENT UTR:UTR100763 ORD:order_000763,credit
bnk_000765,2026-08-14,20025.22,RAZORPAY SETTLEMENT UTR:UTR100771 ORD:order_000771,credit
bnk_000769,2026-08-14,24279.03,RAZORPAY SETTLEMENT UTR:UTR100775 ORD:order_000775,credit
bnk_000794,2026-08-14,13010.89,RAZORPAY SETTLEMENT UTR:UTR100800 ORD:order_000800,credit
bnk_000799,2026-08-14,15694.58,RAZORPAY SETTLEMENT UTR:UTR100805 ORD:order_000805,credit
bnk_000805,2026-08-14,3679.59,RAZORPAY SETTLEMENT UTR:UTR100811 ORD:order_000811,credit
bnk_000820,2026-08-14,7024.03,RAZORPAY SETTLEMENT UTR:UTR100826 ORD:order_000826,credit
bnk_000835,2026-08-14,17874.9,RAZORPAY SETTLEMENT UTR:UTR100841 ORD:order_000841,credit
bnk_000848,2026-08-14,23185.77,RAZORPAY SETTLEMENT UTR:UTR100854 ORD:order_000854,credit
bnk_000868,2026-08-14,4652.78,RAZORPAY SETTLEMENT UTR:UTR100874 ORD:order_000874,credit
bnk_000915,2026-08-14,18051.57,RAZORPAY SETTLEMENT UTR:UTR100922 ORD:order_000922,credit
bnk_000933,2026-08-14,5634.84,RAZORPAY SETTLEMENT UTR:UTR100940 ORD:order_000940,credit
bnk_000949,2026-08-14,13832.54,RAZORPAY SETTLEMENT UTR:UTR100956 ORD:order_000956,credit
bnk_000995,2026-08-14,8072.39,RAZORPAY SETTLEMENT UTR:UTR101002 ORD:order_001002,credit
bnk_001096,2026-08-14,23543.62,RAZORPAY SETTLEMENT UTR:UTR101103 ORD:order_001103,credit
bnk_001100,2026-08-14,3669.55,RAZORPAY SETTLEMENT UTR:UTR101107 ORD:order_001107,credit
bnk_001107,2026-08-14,6409.13,NEFT-RZPY-101115/settlemnt,credit
bnk_001165,2026-08-14,22360.64,RAZORPAY SETTLEMENT UTR:UTR101173 ORD:order_001173,credit
bnk_001179,2026-08-14,4512.65,RAZORPAY SETTLEMENT UTR:UTR101187 ORD:order_001187,credit
bnk_001201,2026-08-14,6526.5,RAZORPAY SETTLEMENT UTR:UTR101209 ORD:order_001209,credit
bnk_001230,2026-08-14,12468.06,RAZORPAY SETTLEMENT UTR:UTR101238 ORD:order_001238,credit
bnk_001238,2026-08-14,12224.31,RAZORPAY SETTLEMENT UTR:UTR101246 ORD:order_001246,credit
bnk_001301,2026-08-14,13493.17,RAZORPAY SETTLEMENT UTR:UTR101309 ORD:order_001309,credit
bnk_001305,2026-08-14,16219.22,RAZORPAY SETTLEMENT UTR:UTR101313 ORD:order_001313,credit
bnk_001315,2026-08-14,5775.67,RAZORPAY SETTLEMENT UTR:UTR101323 ORD:order_001323,credit
bnk_001324,2026-08-14,8974.01,RAZORPAY SETTLEMENT UTR:UTR101332 ORD:order_001332,credit
bnk_001349,2026-08-14,3220.85,RAZORPAY SETTLEMENT UTR:UTR101358 ORD:order_001358,credit
bnk_001366,2026-08-14,15305.6,RAZORPAY SETTLEMENT UTR:UTR101375 ORD:order_001375,credit
bnk_001381,2026-08-14,19030.29,RAZORPAY SETTLEMENT UTR:UTR101390 ORD:order_001390,credit
bnk_001388,2026-08-14,11246.6,RAZORPAY SETTLEMENT UTR:UTR101397 ORD:order_001397,credit
bnk_001414,2026-08-14,17106.77,RAZORPAY SETTLEMENT UTR:UTR101423 ORD:order_001423,credit
bnk_001419,2026-08-14,15674.73,RAZORPAY SETTLEMENT UTR:UTR101428 ORD:order_001428,credit
bnk_001435,2026-08-14,2721.06,RAZORPAY SETTLEMENT UTR:UTR101444 ORD:order_001444,credit
bnk_001436,2026-08-14,6477.97,RAZORPAY SETTLEMENT UTR:UTR101445 ORD:order_001445,credit
bnk_001450,2026-08-14,2956.97,RAZORPAY SETTLEMENT UTR:UTR101459 ORD:order_001459,credit
bnk_001456,2026-08-14,4414.16,RAZORPAY SETTLEMENT UTR:UTR101465 ORD:order_001465,credit
bnk_001463,2026-08-14,17951.33,RAZORPAY SETTLEMENT UTR:UTR101472 ORD:order_001472,credit
bnk_001507,2026-08-14,12363.3,RAZORPAY SETTLEMENT UTR:UTR101516 ORD:order_001516,credit
bnk_001517,2026-08-14,11377.35,RAZORPAY SETTLEMENT UTR:UTR101526 ORD:order_001526,credit
bnk_001538,2026-08-14,11414.38,RAZORPAY SETTLEMENT UTR:UTR101547 ORD:order_001547,credit
bnk_001541,2026-08-14,6291.24,RAZORPAY SETTLEMENT UTR:UTR101550 ORD:order_001550,credit
bnk_001557,2026-08-14,10369.26,RAZORPAY SETTLEMENT UTR:UTR101567 ORD:order_001567,credit
bnk_001615,2026-08-14,19193.03,RAZORPAY SETTLEMENT UTR:UTR101625 ORD:order_001625,credit
bnk_001631,2026-08-14,8095.44,RAZORPAY SETTLEMENT UTR:UTR101641 ORD:order_001641,credit
bnk_001633,2026-08-14,17316.07,RAZORPAY SETTLEMENT UTR:UTR101643 ORD:order_001643,credit
bnk_001703,2026-08-14,4162.34,RAZORPAY SETTLEMENT UTR:UTR101713 ORD:order_001713,credit
bnk_001714,2026-08-14,9758.54,RAZORPAY SETTLEMENT UTR:UTR101724 ORD:order_001724,credit
bnk_001715,2026-08-14,21670.78,RAZORPAY SETTLEMENT UTR:UTR101725 ORD:order_001725,credit
bnk_001721,2026-08-14,2538.47,RAZORPAY SETTLEMENT UTR:UTR101731 ORD:order_001731,credit
bnk_001752,2026-08-14,21239.77,RAZORPAY SETTLEMENT UTR:UTR101762 ORD:order_001762,credit
bnk_001787,2026-08-14,14527.44,RAZORPAY SETTLEMENT UTR:UTR101798 ORD:order_001798,credit
bnk_001808,2026-08-14,12724.53,RAZORPAY SETTLEMENT UTR:UTR101819 ORD:order_001819,credit
bnk_001827,2026-08-14,19264.35,RAZORPAY SETTLEMENT UTR:UTR101838 ORD:order_001838,credit
bnk_001861,2026-08-14,13257.24,RAZORPAY SETTLEMENT UTR:UTR101872 ORD:order_001872,credit
bnk_001866,2026-08-14,5900.88,RAZORPAY SETTLEMENT UTR:UTR101877 ORD:order_001877,credit
bnk_001904,2026-08-14,23766.97,RAZORPAY SETTLEMENT UTR:UTR101915 ORD:order_001915,credit
bnk_001940,2026-08-14,15112.15,RAZORPAY SETTLEMENT UTR:UTR101951 ORD:order_001951,credit
bnk_001979,2026-08-14,14840.1,RAZORPAY SETTLEMENT UTR:UTR101990 ORD:order_001990,credit
bnk_001982,2026-08-14,540.76,RAZORPAY SETTLEMENT UTR:UTR101993 ORD:order_001993,credit
bnk_001984,2026-08-14,13589.94,RAZORPAY SETTLEMENT UTR:UTR101995 ORD:order_001995,credit
bnk_000016,2026-08-15,2933.26,RAZORPAY SETTLEMENT UTR:UTR100016 ORD:order_000016,credit
bnk_000019,2026-08-15,3474.27,RAZORPAY SETTLEMENT UTR:UTR100020 ORD:order_000020,credit
bnk_000033,2026-08-15,3271.24,RAZORPAY SETTLEMENT UTR:UTR100035 ORD:order_000035,credit
bnk_000038,2026-08-15,19746.35,RAZORPAY SETTLEMENT UTR:UTR100040 ORD:order_000040,credit
bnk_000053,2026-08-15,14755.38,RAZORPAY SETTLEMENT UTR:UTR100056 ORD:order_000056,credit
bnk_000084,2026-08-15,17543.22,RAZORPAY SETTLEMENT UTR:UTR100087 ORD:order_000087,credit
bnk_000105,2026-08-15,2842.54,RAZORPAY SETTLEMENT UTR:UTR100108 ORD:order_000108,credit
bnk_000116,2026-08-15,12003.15,RAZORPAY SETTLEMENT UTR:UTR100119 ORD:order_000119,credit
bnk_000118,2026-08-15,9553.91,RAZORPAY SETTLEMENT UTR:UTR100121 ORD:order_000121,credit
bnk_000139,2026-08-15,6198.0,RAZORPAY SETTLEMENT UTR:UTR100142 ORD:order_000142,credit
bnk_000213,2026-08-15,10546.04,RAZORPAY SETTLEMENT UTR:UTR100216 ORD:order_000216,credit
bnk_000231,2026-08-15,14259.29,RAZORPAY SETTLEMENT UTR:UTR100235 ORD:order_000235,credit
bnk_000270,2026-08-15,9790.36,RAZORPAY SETTLEMENT UTR:UTR100274 ORD:order_000274,credit
bnk_000273,2026-08-15,13265.4,RAZORPAY SETTLEMENT UTR:UTR100277 ORD:order_000277,credit
bnk_000280,2026-08-15,18698.19,RAZORPAY SETTLEMENT UTR:UTR100284 ORD:order_000284,credit
bnk_000299,2026-08-15,14262.29,RAZORPAY SETTLEMENT UTR:UTR100303 ORD:order_000303,credit
bnk_000322,2026-08-15,14120.03,RAZORPAY SETTLEMENT UTR:UTR100326 ORD:order_000326,credit
bnk_000336,2026-08-15,7526.84,RAZORPAY SETTLEMENT UTR:UTR100340 ORD:order_000340,credit
bnk_000415,2026-08-15,7382.89,RAZORPAY SETTLEMENT UTR:UTR100419 ORD:order_000419,credit
bnk_000419,2026-08-15,3261.26,RAZORPAY SETTLEMENT UTR:UTR100423 ORD:order_000423,credit
bnk_000457,2026-08-15,17358.52,RAZORPAY SETTLEMENT UTR:UTR100462 ORD:order_000462,credit
bnk_000469,2026-08-15,8587.19,RAZORPAY SETTLEMENT UTR:UTR100474 ORD:order_000474,credit
bnk_000488,2026-08-15,15068.34,RAZORPAY SETTLEMENT UTR:UTR100493 ORD:order_000493,credit
bnk_000502,2026-08-15,3039.54,RAZORPAY SETTLEMENT UTR:UTR100507 ORD:order_000507,credit
bnk_000505,2026-08-15,1013.04,RAZORPAY SETTLEMENT UTR:UTR100510 ORD:order_000510,credit
bnk_000530,2026-08-15,21064.31,RAZORPAY SETTLEMENT UTR:UTR100535 ORD:order_000535,credit
bnk_000532,2026-08-15,9238.2,RAZORPAY SETTLEMENT UTR:UTR100537 ORD:order_000537,credit
bnk_000560,2026-08-15,9068.32,RAZORPAY SETTLEMENT UTR:UTR100565 ORD:order_000565,credit
bnk_000590,2026-08-15,24376.19,RAZORPAY SETTLEMENT UTR:UTR100595 ORD:order_000595,credit
bnk_000635,2026-08-15,14035.62,RAZORPAY SETTLEMENT UTR:UTR100640 ORD:order_000640,credit
bnk_000653,2026-08-15,1574.68,RAZORPAY SETTLEMENT UTR:UTR100658 ORD:order_000658,credit
bnk_000660,2026-08-15,4691.13,RAZORPAY SETTLEMENT UTR:UTR100665 ORD:order_000665,credit
bnk_000665,2026-08-15,10757.46,NEFT-RZPY-100671/settlemnt,credit
bnk_000667,2026-08-15,7413.93,RAZORPAY SETTLEMENT UTR:UTR100673 ORD:order_000673,credit
bnk_000717,2026-08-15,2748.95,RAZORPAY SETTLEMENT UTR:UTR100723 ORD:order_000723,credit
bnk_000722,2026-08-15,23637.24,RAZORPAY SETTLEMENT UTR:UTR100728 ORD:order_000728,credit
bnk_000724,2026-08-15,7893.95,RAZORPAY SETTLEMENT UTR:UTR100730 ORD:order_000730,credit
bnk_000739,2026-08-15,3623.13,RAZORPAY SETTLEMENT UTR:UTR100745 ORD:order_000745,credit
bnk_000752,2026-08-15,18894.56,RAZORPAY SETTLEMENT UTR:UTR100758 ORD:order_000758,credit
bnk_000768,2026-08-15,9434.04,RAZORPAY SETTLEMENT UTR:UTR100774 ORD:order_000774,credit
bnk_000797,2026-08-15,13744.51,RAZORPAY SETTLEMENT UTR:UTR100803 ORD:order_000803,credit
bnk_000821,2026-08-15,10940.86,RAZORPAY SETTLEMENT UTR:UTR100827 ORD:order_000827,credit
bnk_000822,2026-08-15,18269.46,RAZORPAY SETTLEMENT UTR:UTR100828 ORD:order_000828,credit
bnk_000845,2026-08-15,9251.44,RAZORPAY SETTLEMENT UTR:UTR100851 ORD:order_000851,credit
bnk_000876,2026-08-15,2061.01,RAZORPAY SETTLEMENT UTR:UTR100882 ORD:order_000882,credit
bnk_000908,2026-08-15,6346.12,RAZORPAY SETTLEMENT UTR:UTR100915 ORD:order_000915,credit
bnk_000922,2026-08-15,7430.59,RAZORPAY SETTLEMENT UTR:UTR100929 ORD:order_000929,credit
bnk_000939,2026-08-15,17891.5,RAZORPAY SETTLEMENT UTR:UTR100946 ORD:order_000946,credit
bnk_000940,2026-08-15,9242.08,RAZORPAY SETTLEMENT UTR:UTR100947 ORD:order_000947,credit
bnk_000943,2026-08-15,7392.08,RAZORPAY SETTLEMENT UTR:UTR100950 ORD:order_000950,credit
bnk_000951,2026-08-15,14900.19,RAZORPAY SETTLEMENT UTR:UTR100958 ORD:order_000958,credit
bnk_000958,2026-08-15,8108.02,RAZORPAY SETTLEMENT UTR:UTR100965 ORD:order_000965,credit
bnk_000973,2026-08-15,19018.17,RAZORPAY SETTLEMENT UTR:UTR100980 ORD:order_000980,credit
bnk_000998,2026-08-15,16674.22,RAZORPAY SETTLEMENT UTR:UTR101005 ORD:order_001005,credit
bnk_000999,2026-08-15,21916.4,RAZORPAY SETTLEMENT UTR:UTR101006 ORD:order_001006,credit
bnk_001027,2026-08-15,24342.35,RAZORPAY SETTLEMENT UTR:UTR101034 ORD:order_001034,credit
bnk_001049,2026-08-15,651.59,RAZORPAY SETTLEMENT UTR:UTR101056 ORD:order_001056,credit
bnk_001085,2026-08-15,17790.36,RAZORPAY SETTLEMENT UTR:UTR101092 ORD:order_001092,credit
bnk_001097,2026-08-15,24239.12,RAZORPAY SETTLEMENT UTR:UTR101104 ORD:order_001104,credit
bnk_001098,2026-08-15,11218.02,RAZORPAY SETTLEMENT UTR:UTR101105 ORD:order_001105,credit
bnk_001144,2026-08-15,1721.06,RAZORPAY SETTLEMENT UTR:UTR101152 ORD:order_001152,credit
bnk_001156,2026-08-15,17323.61,RAZORPAY SETTLEMENT UTR:UTR101164 ORD:order_001164,credit
bnk_001172,2026-08-15,8379.18,RAZORPAY SETTLEMENT UTR:UTR101180 ORD:order_001180,credit
bnk_001202,2026-08-15,6883.09,RAZORPAY SETTLEMENT UTR:UTR101210 ORD:order_001210,credit
bnk_001203,2026-08-15,2378.48,RAZORPAY SETTLEMENT UTR:UTR101211 ORD:order_001211,credit
bnk_001209,2026-08-15,10183.18,RAZORPAY SETTLEMENT UTR:UTR101217 ORD:order_001217,credit
bnk_001223,2026-08-15,14531.15,RAZORPAY SETTLEMENT UTR:UTR101231 ORD:order_001231,credit
bnk_001226,2026-08-15,14044.59,RAZORPAY SETTLEMENT UTR:UTR101234 ORD:order_001234,credit
bnk_001234,2026-08-15,23330.13,RAZORPAY SETTLEMENT UTR:UTR101242 ORD:order_001242,credit
bnk_001239,2026-08-15,13717.85,RAZORPAY SETTLEMENT UTR:UTR101247 ORD:order_001247,credit
bnk_001246,2026-08-15,4178.77,RAZORPAY SETTLEMENT UTR:UTR101254 ORD:order_001254,credit
bnk_001256,2026-08-15,19253.38,RAZORPAY SETTLEMENT UTR:UTR101264 ORD:order_001264,credit
bnk_001272,2026-08-15,7776.17,RAZORPAY SETTLEMENT UTR:UTR101280 ORD:order_001280,credit
bnk_001285,2026-08-15,9484.11,RAZORPAY SETTLEMENT UTR:UTR101293 ORD:order_001293,credit
bnk_001297,2026-08-15,17597.94,RAZORPAY SETTLEMENT UTR:UTR101305 ORD:order_001305,credit
bnk_001299,2026-08-15,11952.35,RAZORPAY SETTLEMENT UTR:UTR101307 ORD:order_001307,credit
bnk_001308,2026-08-15,16694.55,RAZORPAY SETTLEMENT UTR:UTR101316 ORD:order_001316,credit
bnk_001334,2026-08-15,6034.6,RAZORPAY SETTLEMENT UTR:UTR101343 ORD:order_001343,credit
bnk_001339,2026-08-15,14654.77,RAZORPAY SETTLEMENT UTR:UTR101348 ORD:order_001348,credit
bnk_001347,2026-08-15,7985.39,RAZORPAY SETTLEMENT UTR:UTR101356 ORD:order_001356,credit
bnk_001368,2026-08-15,3754.36,RAZORPAY SETTLEMENT UTR:UTR101377 ORD:order_001377,credit
bnk_001408,2026-08-15,20306.97,RAZORPAY SETTLEMENT UTR:UTR101417 ORD:order_001417,credit
bnk_001438,2026-08-15,4447.85,RAZORPAY SETTLEMENT UTR:UTR101447 ORD:order_001447,credit
bnk_001448,2026-08-15,2182.53,RAZORPAY SETTLEMENT UTR:UTR101457 ORD:order_001457,credit
bnk_001472,2026-08-15,12676.89,RAZORPAY SETTLEMENT UTR:UTR101481 ORD:order_001481,credit
bnk_001487,2026-08-15,23182.34,RAZORPAY SETTLEMENT UTR:UTR101496 ORD:order_001496,credit
bnk_001490,2026-08-15,10620.88,RAZORPAY SETTLEMENT UTR:UTR101499 ORD:order_001499,credit
bnk_001496,2026-08-15,13319.62,RAZORPAY SETTLEMENT UTR:UTR101505 ORD:order_001505,credit
bnk_001534,2026-08-15,23965.39,RAZORPAY SETTLEMENT UTR:UTR101543 ORD:order_001543,credit
bnk_001560,2026-08-15,3682.09,RAZORPAY SETTLEMENT UTR:UTR101570 ORD:order_001570,credit
bnk_001564,2026-08-15,20843.59,RAZORPAY SETTLEMENT UTR:UTR101574 ORD:order_001574,credit
bnk_001579,2026-08-15,23654.07,RAZORPAY SETTLEMENT UTR:UTR101589 ORD:order_001589,credit
bnk_001582,2026-08-15,1231.74,RAZORPAY SETTLEMENT UTR:UTR101592 ORD:order_001592,credit
bnk_001589,2026-08-15,3615.14,RAZORPAY SETTLEMENT UTR:UTR101599 ORD:order_001599,credit
bnk_001600,2026-08-15,10850.08,RAZORPAY SETTLEMENT UTR:UTR101610 ORD:order_001610,credit
bnk_001601,2026-08-15,12356.44,RAZORPAY SETTLEMENT UTR:UTR101611 ORD:order_001611,credit
bnk_001614,2026-08-15,19502.36,RAZORPAY SETTLEMENT UTR:UTR101624 ORD:order_001624,credit
bnk_001618,2026-08-15,12506.35,RAZORPAY SETTLEMENT UTR:UTR101628 ORD:order_001628,credit
bnk_001628,2026-08-15,14259.79,RAZORPAY SETTLEMENT UTR:UTR101638 ORD:order_001638,credit
bnk_001649,2026-08-15,9425.16,RAZORPAY SETTLEMENT UTR:UTR101659 ORD:order_001659,credit
bnk_001678,2026-08-15,12283.61,RAZORPAY SETTLEMENT UTR:UTR101688 ORD:order_001688,credit
bnk_001679,2026-08-15,8890.28,RAZORPAY SETTLEMENT UTR:UTR101689 ORD:order_001689,credit
bnk_001758,2026-08-15,15048.33,RAZORPAY SETTLEMENT UTR:UTR101768 ORD:order_001768,credit
bnk_001790,2026-08-15,7307.58,RAZORPAY SETTLEMENT UTR:UTR101801 ORD:order_001801,credit
bnk_001802,2026-08-15,7075.74,RAZORPAY SETTLEMENT UTR:UTR101813 ORD:order_001813,credit
bnk_001806,2026-08-15,20207.21,RAZORPAY SETTLEMENT UTR:UTR101817 ORD:order_001817,credit
bnk_001843,2026-08-15,12460.53,RAZORPAY SETTLEMENT UTR:UTR101854 ORD:order_001854,credit
bnk_001858,2026-08-15,15642.36,RAZORPAY SETTLEMENT UTR:UTR101869 ORD:order_001869,credit
bnk_001877,2026-08-15,4432.52,RAZORPAY SETTLEMENT UTR:UTR101888 ORD:order_001888,credit
bnk_001883,2026-08-15,19437.31,RAZORPAY SETTLEMENT UTR:UTR101894 ORD:order_001894,credit
bnk_001929,2026-08-15,4862.76,RAZORPAY SETTLEMENT UTR:UTR101940 ORD:order_001940,credit
bnk_001931,2026-08-15,6990.93,RAZORPAY SETTLEMENT UTR:UTR101942 ORD:order_001942,credit
bnk_001962,2026-08-15,13657.05,RAZORPAY SETTLEMENT UTR:UTR101973 ORD:order_001973,credit
bnk_001969,2026-08-15,913.26,RAZORPAY SETTLEMENT UTR:UTR101980 ORD:order_001980,credit
bnk_001989,2026-08-15,16621.29,RAZORPAY SETTLEMENT UTR:UTR102901 ORD:order_002901,credit
bnk_000041,2026-08-16,40888.65,"RAZORPAY SETTLEMENT UTR:UTR700043 BATCH OF 2 [order_000043,order_000055]",credit
bnk_000081,2026-08-16,21358.37,RAZORPAY SETTLEMENT UTR:UTR100084 ORD:order_000084,credit
bnk_000099,2026-08-16,19257.72,RAZORPAY SETTLEMENT UTR:UTR100102 ORD:order_000102,credit
bnk_000162,2026-08-16,2696.14,RAZORPAY SETTLEMENT UTR:UTR100165 ORD:order_000165,credit
bnk_000167,2026-08-16,13685.39,RAZORPAY SETTLEMENT UTR:UTR100170 ORD:order_000170,credit
bnk_000177,2026-08-16,21638.29,RAZORPAY SETTLEMENT UTR:UTR100180 ORD:order_000180,credit
bnk_000183,2026-08-16,19204.29,RAZORPAY SETTLEMENT UTR:UTR100186 ORD:order_000186,credit
bnk_000210,2026-08-16,12619.48,RAZORPAY SETTLEMENT UTR:UTR100213 ORD:order_000213,credit
bnk_000258,2026-08-16,13468.43,RAZORPAY SETTLEMENT UTR:UTR100262 ORD:order_000262,credit
bnk_000259,2026-08-16,1977.71,RAZORPAY SETTLEMENT UTR:UTR100263 ORD:order_000263,credit
bnk_000265,2026-08-16,18512.68,RAZORPAY SETTLEMENT UTR:UTR100269 ORD:order_000269,credit
bnk_000275,2026-08-16,2496.38,RAZORPAY SETTLEMENT UTR:UTR100279 ORD:order_000279,credit
bnk_000281,2026-08-16,7144.6,RAZORPAY SETTLEMENT UTR:UTR100285 ORD:order_000285,credit
bnk_000308,2026-08-16,8651.06,RAZORPAY SETTLEMENT UTR:UTR100312 ORD:order_000312,credit
bnk_000312,2026-08-16,17408.3,RAZORPAY SETTLEMENT UTR:UTR100316 ORD:order_000316,credit
bnk_000331,2026-08-16,6261.87,RAZORPAY SETTLEMENT UTR:UTR100335 ORD:order_000335,credit
bnk_000368,2026-08-16,13838.31,RAZORPAY SETTLEMENT UTR:UTR100372 ORD:order_000372,credit
bnk_000399,2026-08-16,1441.74,RAZORPAY SETTLEMENT UTR:UTR100403 ORD:order_000403,credit
bnk_000455,2026-08-16,20965.57,RAZORPAY SETTLEMENT UTR:UTR100460 ORD:order_000460,credit
bnk_000498,2026-08-16,7644.5,RAZORPAY SETTLEMENT UTR:UTR100503 ORD:order_000503,credit
bnk_000519,2026-08-16,8303.91,RAZORPAY SETTLEMENT UTR:UTR100524 ORD:order_000524,credit
bnk_000581,2026-08-16,3520.49,RAZORPAY SETTLEMENT UTR:UTR100586 ORD:order_000586,credit
bnk_000600,2026-08-16,12581.89,RAZORPAY SETTLEMENT UTR:UTR100605 ORD:order_000605,credit
bnk_000617,2026-08-16,10315.48,RAZORPAY SETTLEMENT UTR:UTR100622 ORD:order_000622,credit
bnk_000626,2026-08-16,14221.7,RAZORPAY SETTLEMENT UTR:UTR100631 ORD:order_000631,credit
bnk_000646,2026-08-16,6997.39,RAZORPAY SETTLEMENT UTR:UTR100651 ORD:order_000651,credit
bnk_000659,2026-08-16,12386.55,RAZORPAY SETTLEMENT UTR:UTR100664 ORD:order_000664,credit
bnk_000666,2026-08-16,17460.69,IMPS/cust_0672/razorpay payout ref UTR100672,credit
bnk_000727,2026-08-16,2723.77,RAZORPAY SETTLEMENT UTR:UTR100733 ORD:order_000733,credit
bnk_000753,2026-08-16,12518.63,RAZORPAY SETTLEMENT UTR:UTR100759 ORD:order_000759,credit
bnk_000763,2026-08-16,4013.04,RAZORPAY SETTLEMENT UTR:UTR100769 ORD:order_000769,credit
bnk_000766,2026-08-16,22746.76,RAZORPAY SETTLEMENT UTR:UTR100772 ORD:order_000772,credit
bnk_000832,2026-08-16,11155.31,RAZORPAY SETTLEMENT UTR:UTR100838 ORD:order_000838,credit
bnk_000836,2026-08-16,15196.55,RAZORPAY SETTLEMENT UTR:UTR100842 ORD:order_000842,credit
bnk_000878,2026-08-16,13063.78,RAZORPAY SETTLEMENT UTR:UTR100884 ORD:order_000884,credit
bnk_000923,2026-08-16,21160.55,RAZORPAY SETTLEMENT UTR:UTR100930 ORD:order_000930,credit
bnk_001012,2026-08-16,1743.88,RAZORPAY SETTLEMENT UTR:UTR101019 ORD:order_001019,credit
bnk_001044,2026-08-16,21947.08,RAZORPAY SETTLEMENT UTR:UTR101051 ORD:order_001051,credit
bnk_001088,2026-08-16,2235.2,RAZORPAY SETTLEMENT UTR:UTR101095 ORD:order_001095,credit
bnk_001093,2026-08-16,1247.35,RAZORPAY SETTLEMENT UTR:UTR101100 ORD:order_001100,credit
bnk_001110,2026-08-16,1258.89,RAZORPAY SETTLEMENT UTR:UTR101118 ORD:order_001118,credit
bnk_001127,2026-08-16,15463.08,RAZORPAY SETTLEMENT UTR:UTR101135 ORD:order_001135,credit
bnk_001131,2026-08-16,8112.9,RAZORPAY SETTLEMENT UTR:UTR101139 ORD:order_001139,credit
bnk_001137,2026-08-16,13941.49,RAZORPAY SETTLEMENT UTR:UTR101145 ORD:order_001145,credit
bnk_001170,2026-08-16,14342.34,RAZORPAY SETTLEMENT UTR:UTR101178 ORD:order_001178,credit
bnk_001185,2026-08-16,18772.55,RAZORPAY SETTLEMENT UTR:UTR101193 ORD:order_001193,credit
bnk_001196,2026-08-16,898.28,RAZORPAY SETTLEMENT UTR:UTR101204 ORD:order_001204,credit
bnk_001212,2026-08-16,2466.2,RAZORPAY SETTLEMENT UTR:UTR101220 ORD:order_001220,credit
bnk_001231,2026-08-16,1772.71,RAZORPAY SETTLEMENT UTR:UTR101239 ORD:order_001239,credit
bnk_001257,2026-08-16,783.41,RAZORPAY SETTLEMENT UTR:UTR101265 ORD:order_001265,credit
bnk_001265,2026-08-16,2001.67,RAZORPAY SETTLEMENT UTR:UTR101273 ORD:order_001273,credit
bnk_001275,2026-08-16,11019.12,RAZORPAY SETTLEMENT UTR:UTR101283 ORD:order_001283,credit
bnk_001293,2026-08-16,20079.34,RAZORPAY SETTLEMENT UTR:UTR101301 ORD:order_001301,credit
bnk_001300,2026-08-16,13271.23,RAZORPAY SETTLEMENT UTR:UTR101308 ORD:order_001308,credit
bnk_001310,2026-08-16,23589.88,RAZORPAY SETTLEMENT UTR:UTR101318 ORD:order_001318,credit
bnk_001336,2026-08-16,15809.61,RAZORPAY SETTLEMENT UTR:UTR101345 ORD:order_001345,credit
bnk_001357,2026-08-16,12708.06,RAZORPAY SETTLEMENT UTR:UTR101366 ORD:order_001366,credit
bnk_001370,2026-08-16,16110.81,RAZORPAY SETTLEMENT UTR:UTR101379 ORD:order_001379,credit
bnk_001371,2026-08-16,16867.38,RAZORPAY SETTLEMENT UTR:UTR101380 ORD:order_001380,credit
bnk_001384,2026-08-16,13557.96,RAZORPAY SETTLEMENT UTR:UTR101393 ORD:order_001393,credit
bnk_001403,2026-08-16,3731.73,RAZORPAY SETTLEMENT UTR:UTR101412 ORD:order_001412,credit
bnk_001421,2026-08-16,10002.28,RAZORPAY SETTLEMENT UTR:UTR101430 ORD:order_001430,credit
bnk_001431,2026-08-16,24214.76,RAZORPAY SETTLEMENT UTR:UTR101440 ORD:order_001440,credit
bnk_001446,2026-08-16,20034.92,RAZORPAY SETTLEMENT UTR:UTR101455 ORD:order_001455,credit
bnk_001458,2026-08-16,18388.14,RAZORPAY SETTLEMENT UTR:UTR101467 ORD:order_001467,credit
bnk_001489,2026-08-16,17535.57,RAZORPAY SETTLEMENT UTR:UTR101498 ORD:order_001498,credit
bnk_001499,2026-08-16,7908.01,RAZORPAY SETTLEMENT UTR:UTR101508 ORD:order_001508,credit
bnk_001513,2026-08-16,8502.26,RAZORPAY SETTLEMENT UTR:UTR101522 ORD:order_001522,credit
bnk_001546,2026-08-16,4090.02,RAZORPAY SETTLEMENT UTR:UTR101555 ORD:order_001555,credit
bnk_001551,2026-08-16,24006.1,RAZORPAY SETTLEMENT UTR:UTR101561 ORD:order_001561,credit
bnk_001652,2026-08-16,23832.55,RAZORPAY SETTLEMENT UTR:UTR101662 ORD:order_001662,credit
bnk_001676,2026-08-16,9720.51,RAZORPAY SETTLEMENT UTR:UTR101686 ORD:order_001686,credit
bnk_001677,2026-08-16,23670.86,RAZORPAY SETTLEMENT UTR:UTR101687 ORD:order_001687,credit
bnk_001694,2026-08-16,4435.23,RAZORPAY SETTLEMENT UTR:UTR101704 ORD:order_001704,credit
bnk_001722,2026-08-16,19821.32,RAZORPAY SETTLEMENT UTR:UTR101732 ORD:order_001732,credit
bnk_001736,2026-08-16,3506.8,RAZORPAY SETTLEMENT UTR:UTR101746 ORD:order_001746,credit
bnk_001737,2026-08-16,2362.92,RAZORPAY SETTLEMENT UTR:UTR101747 ORD:order_001747,credit
bnk_001746,2026-08-16,14544.08,RAZORPAY SETTLEMENT UTR:UTR101756 ORD:order_001756,credit
bnk_001768,2026-08-16,6907.04,RAZORPAY SETTLEMENT UTR:UTR101779 ORD:order_001779,credit
bnk_001770,2026-08-16,5545.05,NEFT-RZPY-101781/settlemnt,credit
bnk_001795,2026-08-16,6925.17,RAZORPAY SETTLEMENT UTR:UTR101806 ORD:order_001806,credit
bnk_001821,2026-08-16,6694.14,RAZORPAY SETTLEMENT UTR:UTR101832 ORD:order_001832,credit
bnk_001844,2026-08-16,13162.89,RAZORPAY SETTLEMENT UTR:UTR101855 ORD:order_001855,credit
bnk_001857,2026-08-16,3583.83,RAZORPAY SETTLEMENT UTR:UTR101868 ORD:order_001868,credit
bnk_001873,2026-08-16,13026.03,RAZORPAY SETTLEMENT UTR:UTR101884 ORD:order_001884,credit
bnk_001889,2026-08-16,16988.25,RAZORPAY SETTLEMENT UTR:UTR101900 ORD:order_001900,credit
bnk_001894,2026-08-16,710.78,RAZORPAY SETTLEMENT UTR:UTR101905 ORD:order_001905,credit
bnk_001897,2026-08-16,17250.84,RAZORPAY SETTLEMENT UTR:UTR101908 ORD:order_001908,credit
bnk_001943,2026-08-16,3189.87,RAZORPAY SETTLEMENT UTR:UTR101954 ORD:order_001954,credit
bnk_001987,2026-08-16,2665.7,RAZORPAY SETTLEMENT UTR:UTR101998 ORD:order_001998,credit
bnk_000009,2026-08-17,5261.94,RAZORPAY SETTLEMENT UTR:UTR100010 ORD:order_000010 PART 1/2,credit
bnk_000010,2026-08-17,5261.94,RAZORPAY SETTLEMENT UTR:UTR100010 ORD:order_000010 PART 2/2,credit
bnk_000026,2026-08-17,9581.5,RAZORPAY SETTLEMENT UTR:UTR100028 ORD:order_000028,credit
bnk_000054,2026-08-17,9617.22,RAZORPAY SETTLEMENT UTR:UTR100057 ORD:order_000057,credit
bnk_000061,2026-08-17,10888.57,RAZORPAY SETTLEMENT UTR:UTR100064 ORD:order_000064,credit
bnk_000102,2026-08-17,10620.97,RAZORPAY SETTLEMENT UTR:UTR100105 ORD:order_000105,credit
bnk_000119,2026-08-17,6832.33,RAZORPAY SETTLEMENT UTR:UTR100122 ORD:order_000122,credit
bnk_000149,2026-08-17,7305.61,RAZORPAY SETTLEMENT UTR:UTR100152 ORD:order_000152,credit
bnk_000166,2026-08-17,4353.53,RAZORPAY SETTLEMENT UTR:UTR100169 ORD:order_000169,credit
bnk_000188,2026-08-17,5262.34,RAZORPAY SETTLEMENT UTR:UTR100191 ORD:order_000191,credit
bnk_000220,2026-08-17,11611.56,RAZORPAY SETTLEMENT UTR:UTR100223 ORD:order_000223,credit
bnk_000239,2026-08-17,11407.58,RAZORPAY SETTLEMENT UTR:UTR100243 ORD:order_000243,credit
bnk_000241,2026-08-17,14732.49,RAZORPAY SETTLEMENT UTR:UTR100245 ORD:order_000245,credit
bnk_000271,2026-08-17,17811.92,RAZORPAY SETTLEMENT UTR:UTR100275 ORD:order_000275,credit
bnk_000276,2026-08-17,3734.38,RAZORPAY SETTLEMENT UTR:UTR100280 ORD:order_000280,credit
bnk_000311,2026-08-17,15692.54,RAZORPAY SETTLEMENT UTR:UTR100315 ORD:order_000315,credit
bnk_000316,2026-08-17,19019.03,RAZORPAY SETTLEMENT UTR:UTR100320 ORD:order_000320,credit
bnk_000320,2026-08-17,7160.67,RAZORPAY SETTLEMENT UTR:UTR100324 ORD:order_000324,credit
bnk_000321,2026-08-17,6321.85,RAZORPAY SETTLEMENT UTR:UTR100325 ORD:order_000325,credit
bnk_000334,2026-08-17,17516.76,RAZORPAY SETTLEMENT UTR:UTR100338 ORD:order_000338,credit
bnk_000341,2026-08-17,8401.32,RAZORPAY SETTLEMENT UTR:UTR100345 ORD:order_000345,credit
bnk_000371,2026-08-17,9587.52,RAZORPAY SETTLEMENT UTR:UTR100375 ORD:order_000375,credit
bnk_000384,2026-08-17,17304.94,RAZORPAY SETTLEMENT UTR:UTR100388 ORD:order_000388,credit
bnk_000394,2026-08-17,22524.79,RAZORPAY SETTLEMENT UTR:UTR100398 ORD:order_000398,credit
bnk_000449,2026-08-17,21186.78,RAZORPAY SETTLEMENT UTR:UTR100454 ORD:order_000454,credit
bnk_000463,2026-08-17,21400.41,RAZORPAY SETTLEMENT UTR:UTR100468 ORD:order_000468,credit
bnk_000464,2026-08-17,2873.49,RAZORPAY SETTLEMENT UTR:UTR100469 ORD:order_000469,credit
bnk_000491,2026-08-17,3911.83,RAZORPAY SETTLEMENT UTR:UTR100496 ORD:order_000496,credit
bnk_000492,2026-08-17,15748.03,RAZORPAY SETTLEMENT UTR:UTR100497 ORD:order_000497,credit
bnk_000494,2026-08-17,21991.71,RAZORPAY SETTLEMENT UTR:UTR100499 ORD:order_000499,credit
bnk_000496,2026-08-17,4267.26,RAZORPAY SETTLEMENT UTR:UTR100501 ORD:order_000501,credit
bnk_000499,2026-08-17,17001.75,RAZORPAY SETTLEMENT UTR:UTR100504 ORD:order_000504,credit
bnk_000527,2026-08-17,19726.9,RAZORPAY SETTLEMENT UTR:UTR100532 ORD:order_000532,credit
bnk_000542,2026-08-17,15688.21,RAZORPAY SETTLEMENT UTR:UTR100547 ORD:order_000547,credit
bnk_000556,2026-08-17,5685.69,RAZORPAY SETTLEMENT UTR:UTR100561 ORD:order_000561,credit
bnk_000562,2026-08-17,23190.24,RAZORPAY SETTLEMENT UTR:UTR100567 ORD:order_000567,credit
bnk_000592,2026-08-17,12216.32,RAZORPAY SETTLEMENT UTR:UTR100597 ORD:order_000597,credit
bnk_000599,2026-08-17,13180.08,RAZORPAY SETTLEMENT UTR:UTR100604 ORD:order_000604,credit
bnk_000606,2026-08-17,10387.36,RAZORPAY SETTLEMENT UTR:UTR100611 ORD:order_000611,credit
bnk_000639,2026-08-17,9487.44,RAZORPAY SETTLEMENT UTR:UTR100644 ORD:order_000644,credit
bnk_000647,2026-08-17,12106.11,RAZORPAY SETTLEMENT UTR:UTR100652 ORD:order_000652,credit
bnk_000663,2026-08-17,10886.12,RAZORPAY SETTLEMENT UTR:UTR100669 ORD:order_000669,credit
bnk_000687,2026-08-17,18665.83,RAZORPAY SETTLEMENT UTR:UTR100693 ORD:order_000693,credit
bnk_000691,2026-08-17,8050.81,RAZORPAY SETTLEMENT UTR:UTR100697 ORD:order_000697,credit
bnk_000692,2026-08-17,2121.73,RAZORPAY SETTLEMENT UTR:UTR100698 ORD:order_000698,credit
bnk_000709,2026-08-17,1424.55,RAZORPAY SETTLEMENT UTR:UTR100715 ORD:order_000715,credit
bnk_000746,2026-08-17,7304.19,RAZORPAY SETTLEMENT UTR:UTR100752 ORD:order_000752,credit
bnk_000751,2026-08-17,24037.76,RAZORPAY SETTLEMENT UTR:UTR100757 ORD:order_000757,credit
bnk_000785,2026-08-17,19479.7,RAZORPAY SETTLEMENT UTR:UTR100791 ORD:order_000791,credit
bnk_000807,2026-08-17,4676.65,RAZORPAY SETTLEMENT UTR:UTR100813 ORD:order_000813,credit
bnk_000810,2026-08-17,1997.67,RAZORPAY SETTLEMENT UTR:UTR100816 ORD:order_000816,credit
bnk_000833,2026-08-17,4474.64,RAZORPAY SETTLEMENT UTR:UTR100839 ORD:order_000839,credit
bnk_000842,2026-08-17,20789.9,RAZORPAY SETTLEMENT UTR:UTR100848 ORD:order_000848,credit
bnk_000847,2026-08-17,14963.15,RAZORPAY SETTLEMENT UTR:UTR100853 ORD:order_000853,credit
bnk_000861,2026-08-17,20889.34,RAZORPAY SETTLEMENT UTR:UTR100867 ORD:order_000867,credit
bnk_000862,2026-08-17,4618.45,RAZORPAY SETTLEMENT UTR:UTR100868 ORD:order_000868,credit
bnk_000873,2026-08-17,14178.1,RAZORPAY SETTLEMENT UTR:UTR100879 ORD:order_000879,credit
bnk_000881,2026-08-17,15854.1,RAZORPAY SETTLEMENT UTR:UTR100887 ORD:order_000887,credit
bnk_000928,2026-08-17,24313.57,RAZORPAY SETTLEMENT UTR:UTR100935 ORD:order_000935,credit
bnk_000976,2026-08-17,5052.11,RAZORPAY SETTLEMENT UTR:UTR100983 ORD:order_000983,credit
bnk_000985,2026-08-17,23373.83,RAZORPAY SETTLEMENT UTR:UTR100992 ORD:order_000992,credit
bnk_001003,2026-08-17,8773.84,RAZORPAY SETTLEMENT UTR:UTR101010 ORD:order_001010,credit
bnk_001036,2026-08-17,20847.08,RAZORPAY SETTLEMENT UTR:UTR101043 ORD:order_001043,credit
bnk_001038,2026-08-17,8398.75,RAZORPAY SETTLEMENT UTR:UTR101045 ORD:order_001045,credit
bnk_001063,2026-08-17,11927.17,RAZORPAY SETTLEMENT UTR:UTR101070 ORD:order_001070,credit
bnk_001083,2026-08-17,1869.37,RAZORPAY SETTLEMENT UTR:UTR101090 ORD:order_001090,credit
bnk_001141,2026-08-17,2379.72,RAZORPAY SETTLEMENT UTR:UTR101149 ORD:order_001149,credit
bnk_001162,2026-08-17,21606.65,RAZORPAY SETTLEMENT UTR:UTR101170 ORD:order_001170,credit
bnk_001178,2026-08-17,18180.63,RAZORPAY SETTLEMENT UTR:UTR101186 ORD:order_001186,credit
bnk_001237,2026-08-17,19232.08,RAZORPAY SETTLEMENT UTR:UTR101245 ORD:order_001245,credit
bnk_001251,2026-08-17,4970.95,RAZORPAY SETTLEMENT UTR:UTR101259 ORD:order_001259,credit
bnk_001289,2026-08-17,1132.08,RAZORPAY SETTLEMENT UTR:UTR101297 ORD:order_001297,credit
bnk_001325,2026-08-17,11878.86,RAZORPAY SETTLEMENT UTR:UTR101333 ORD:order_001333,credit
bnk_001333,2026-08-17,10687.72,RAZORPAY SETTLEMENT UTR:UTR101342 ORD:order_001342,credit
bnk_001338,2026-08-17,21613.48,RAZORPAY SETTLEMENT UTR:UTR101347 ORD:order_001347,credit
bnk_001365,2026-08-17,8013.52,RAZORPAY SETTLEMENT UTR:UTR101374 ORD:order_001374,credit
bnk_001372,2026-08-17,17476.09,RAZORPAY SETTLEMENT UTR:UTR101381 ORD:order_001381,credit
bnk_001377,2026-08-17,4512.06,RAZORPAY SETTLEMENT UTR:UTR101386 ORD:order_001386,credit
bnk_001383,2026-08-17,18668.87,RAZORPAY SETTLEMENT UTR:UTR101392 ORD:order_001392,credit
bnk_001411,2026-08-17,10397.21,RAZORPAY SETTLEMENT UTR:UTR101420 ORD:order_001420,credit
bnk_001418,2026-08-17,17973.4,RAZORPAY SETTLEMENT UTR:UTR101427 ORD:order_001427,credit
bnk_001428,2026-08-17,19240.25,RAZORPAY SETTLEMENT UTR:UTR101437 ORD:order_001437,credit
bnk_001444,2026-08-17,12914.23,RAZORPAY SETTLEMENT UTR:UTR101453 ORD:order_001453,credit
bnk_001459,2026-08-17,15225.84,RAZORPAY SETTLEMENT UTR:UTR101468 ORD:order_001468,credit
bnk_001535,2026-08-17,2137.05,RAZORPAY SETTLEMENT UTR:UTR101544 ORD:order_001544,credit
bnk_001570,2026-08-17,4420.35,RAZORPAY SETTLEMENT UTR:UTR101580 ORD:order_001580,credit
bnk_001573,2026-08-17,11298.87,RAZORPAY SETTLEMENT UTR:UTR101583 ORD:order_001583,credit
bnk_001598,2026-08-17,3419.28,RAZORPAY SETTLEMENT UTR:UTR101608 ORD:order_001608,credit
bnk_001604,2026-08-17,7066.26,RAZORPAY SETTLEMENT UTR:UTR101614 ORD:order_001614,credit
bnk_001717,2026-08-17,6786.71,RAZORPAY SETTLEMENT UTR:UTR101727 ORD:order_001727,credit
bnk_001733,2026-08-17,4015.42,RAZORPAY SETTLEMENT UTR:UTR101743 ORD:order_001743,credit
bnk_001767,2026-08-17,3702.95,RAZORPAY SETTLEMENT UTR:UTR101777 ORD:order_001777,credit
bnk_001781,2026-08-17,7042.24,RAZORPAY SETTLEMENT UTR:UTR101792 ORD:order_001792,credit
bnk_001803,2026-08-17,20859.67,RAZORPAY SETTLEMENT UTR:UTR101814 ORD:order_001814,credit
bnk_001804,2026-08-17,6516.46,RAZORPAY SETTLEMENT UTR:UTR101815 ORD:order_001815,credit
bnk_001848,2026-08-17,21846.67,RAZORPAY SETTLEMENT UTR:UTR101859 ORD:order_001859,credit
bnk_001871,2026-08-17,23177.15,RAZORPAY SETTLEMENT UTR:UTR101882 ORD:order_001882,credit
bnk_001925,2026-08-17,8350.36,RAZORPAY SETTLEMENT UTR:UTR101936 ORD:order_001936,credit
bnk_001930,2026-08-17,10062.91,RAZORPAY SETTLEMENT UTR:UTR101941 ORD:order_001941,credit
bnk_001964,2026-08-17,2373.97,RAZORPAY SETTLEMENT UTR:UTR101975 ORD:order_001975,credit
bnk_001965,2026-08-17,19655.81,RAZORPAY SETTLEMENT UTR:UTR101976 ORD:order_001976,credit
bnk_001977,2026-08-17,20022.47,RAZORPAY SETTLEMENT UTR:UTR101988 ORD:order_001988,credit
bnk_000042,2026-08-18,5574.61,RAZORPAY SETTLEMENT UTR:UTR100044 ORD:order_000044,credit
bnk_000076,2026-08-18,2537.19,RAZORPAY SETTLEMENT UTR:UTR100079 ORD:order_000079,credit
bnk_000095,2026-08-18,7149.88,RAZORPAY SETTLEMENT UTR:UTR100098 ORD:order_000098,credit
bnk_000115,2026-08-18,4466.66,RAZORPAY SETTLEMENT UTR:UTR100118 ORD:order_000118,credit
bnk_000121,2026-08-18,16321.35,RAZORPAY SETTLEMENT UTR:UTR100124 ORD:order_000124,credit
bnk_000245,2026-08-18,18277.78,RAZORPAY SETTLEMENT UTR:UTR100249 ORD:order_000249,credit
bnk_000323,2026-08-18,8535.42,RAZORPAY SETTLEMENT UTR:UTR100327 ORD:order_000327,credit
bnk_000346,2026-08-18,5070.2,RAZORPAY SETTLEMENT UTR:UTR100350 ORD:order_000350,credit
bnk_000356,2026-08-18,15747.19,RAZORPAY SETTLEMENT UTR:UTR100360 ORD:order_000360,credit
bnk_000358,2026-08-18,14220.85,RAZORPAY SETTLEMENT UTR:UTR100362 ORD:order_000362,credit
bnk_000361,2026-08-18,6527.94,RAZORPAY SETTLEMENT UTR:UTR100365 ORD:order_000365,credit
bnk_000397,2026-08-18,12460.4,RAZORPAY SETTLEMENT UTR:UTR100401 ORD:order_000401,credit
bnk_000409,2026-08-18,10915.36,RAZORPAY SETTLEMENT UTR:UTR100413 ORD:order_000413,credit
bnk_000410,2026-08-18,23669.74,RAZORPAY SETTLEMENT UTR:UTR100414 ORD:order_000414,credit
bnk_000414,2026-08-18,10335.48,RAZORPAY SETTLEMENT UTR:UTR100418 ORD:order_000418,credit
bnk_000424,2026-08-18,15382.72,RAZORPAY SETTLEMENT UTR:UTR100428 ORD:order_000428,credit
bnk_000428,2026-08-18,10968.72,RAZORPAY SETTLEMENT UTR:UTR100432 ORD:order_000432,credit
bnk_000439,2026-08-18,10427.47,RAZORPAY SETTLEMENT UTR:UTR100443 ORD:order_000443,credit
bnk_000448,2026-08-18,24383.75,RAZORPAY SETTLEMENT UTR:UTR100453 ORD:order_000453,credit
bnk_000456,2026-08-18,1532.32,RAZORPAY SETTLEMENT UTR:UTR100461 ORD:order_000461,credit
bnk_000459,2026-08-18,23951.13,RAZORPAY SETTLEMENT UTR:UTR100464 ORD:order_000464,credit
bnk_000473,2026-08-18,15482.37,RAZORPAY SETTLEMENT UTR:UTR100478 ORD:order_000478,credit
bnk_000501,2026-08-18,24395.02,RAZORPAY SETTLEMENT UTR:UTR100506 ORD:order_000506,credit
bnk_000508,2026-08-18,22271.8,RAZORPAY SETTLEMENT UTR:UTR100513 ORD:order_000513,credit
bnk_000524,2026-08-18,22353.9,RAZORPAY SETTLEMENT UTR:UTR100529 ORD:order_000529,credit
bnk_000538,2026-08-18,16631.51,RAZORPAY SETTLEMENT UTR:UTR100543 ORD:order_000543,credit
bnk_000546,2026-08-18,7769.14,RAZORPAY SETTLEMENT UTR:UTR100551 ORD:order_000551,credit
bnk_000553,2026-08-18,2856.98,RAZORPAY SETTLEMENT UTR:UTR100558 ORD:order_000558,credit
bnk_000610,2026-08-18,23299.85,RAZORPAY SETTLEMENT UTR:UTR100615 ORD:order_000615,credit
bnk_000622,2026-08-18,4189.62,RAZORPAY SETTLEMENT UTR:UTR100627 ORD:order_000627,credit
bnk_000731,2026-08-18,23158.13,RAZORPAY SETTLEMENT UTR:UTR100737 ORD:order_000737,credit
bnk_000748,2026-08-18,7891.22,RAZORPAY SETTLEMENT UTR:UTR100754 ORD:order_000754,credit
bnk_000774,2026-08-18,22433.98,RAZORPAY SETTLEMENT UTR:UTR100780 ORD:order_000780,credit
bnk_000776,2026-08-18,18641.05,RAZORPAY SETTLEMENT UTR:UTR100782 ORD:order_000782,credit
bnk_000786,2026-08-18,1990.66,RAZORPAY SETTLEMENT UTR:UTR100792 ORD:order_000792,credit
bnk_000808,2026-08-18,23951.16,RAZORPAY SETTLEMENT UTR:UTR100814 ORD:order_000814,credit
bnk_000824,2026-08-18,12358.27,RAZORPAY SETTLEMENT UTR:UTR100830 ORD:order_000830,credit
bnk_000854,2026-08-18,18086.86,RAZORPAY SETTLEMENT UTR:UTR100860 ORD:order_000860,credit
bnk_000859,2026-08-18,17089.47,RAZORPAY SETTLEMENT UTR:UTR100865 ORD:order_000865,credit
bnk_000871,2026-08-18,6151.36,RAZORPAY SETTLEMENT UTR:UTR100877 ORD:order_000877,credit
bnk_000877,2026-08-18,24400.32,RAZORPAY SETTLEMENT UTR:UTR100883 ORD:order_000883,credit
bnk_000907,2026-08-18,23372.99,RAZORPAY SETTLEMENT UTR:UTR100914 ORD:order_000914,credit
bnk_000911,2026-08-18,11004.35,RAZORPAY SETTLEMENT UTR:UTR100918 ORD:order_000918,credit
bnk_000927,2026-08-18,18743.43,RAZORPAY SETTLEMENT UTR:UTR100934 ORD:order_000934,credit
bnk_000967,2026-08-18,1125.65,RAZORPAY SETTLEMENT UTR:UTR100974 ORD:order_000974,credit
bnk_000983,2026-08-18,24365.1,RAZORPAY SETTLEMENT UTR:UTR100990 ORD:order_000990,credit
bnk_000994,2026-08-18,16999.98,RAZORPAY SETTLEMENT UTR:UTR101001 ORD:order_001001,credit
bnk_001004,2026-08-18,16180.23,RAZORPAY SETTLEMENT UTR:UTR101011 ORD:order_001011,credit
bnk_001013,2026-08-18,8389.42,RAZORPAY SETTLEMENT UTR:UTR101020 ORD:order_001020,credit
bnk_001017,2026-08-18,10222.16,RAZORPAY SETTLEMENT UTR:UTR101024 ORD:order_001024,credit
bnk_001034,2026-08-18,13484.92,RAZORPAY SETTLEMENT UTR:UTR101041 ORD:order_001041,credit
bnk_001078,2026-08-18,17638.17,RAZORPAY SETTLEMENT UTR:UTR101085 ORD:order_001085,credit
bnk_001092,2026-08-18,24078.37,RAZORPAY SETTLEMENT UTR:UTR101099 ORD:order_001099,credit
bnk_001106,2026-08-18,9561.17,RAZORPAY SETTLEMENT UTR:UTR101114 ORD:order_001114,credit
bnk_001154,2026-08-18,18354.9,RAZORPAY SETTLEMENT UTR:UTR101162 ORD:order_001162,credit
bnk_001163,2026-08-18,2847.08,RAZORPAY SETTLEMENT UTR:UTR101171 ORD:order_001171,credit
bnk_001176,2026-08-18,6643.92,RAZORPAY SETTLEMENT UTR:UTR101184 ORD:order_001184,credit
bnk_001191,2026-08-18,22322.86,RAZORPAY SETTLEMENT UTR:UTR101199 ORD:order_001199,credit
bnk_001269,2026-08-18,17733.42,RAZORPAY SETTLEMENT UTR:UTR101277 ORD:order_001277,credit
bnk_001345,2026-08-18,6764.17,RAZORPAY SETTLEMENT UTR:UTR101354 ORD:order_001354,credit
bnk_001363,2026-08-18,13762.71,RAZORPAY SETTLEMENT UTR:UTR101372 ORD:order_001372,credit
bnk_001367,2026-08-18,23257.98,RAZORPAY SETTLEMENT UTR:UTR101376 ORD:order_001376,credit
bnk_001378,2026-08-18,14019.58,RAZORPAY SETTLEMENT UTR:UTR101387 ORD:order_001387,credit
bnk_001415,2026-08-18,11365.34,RAZORPAY SETTLEMENT UTR:UTR101424 ORD:order_001424,credit
bnk_001422,2026-08-18,20220.04,RAZORPAY SETTLEMENT UTR:UTR101431 ORD:order_001431,credit
bnk_001425,2026-08-18,3612.25,RAZORPAY SETTLEMENT UTR:UTR101434 ORD:order_001434,credit
bnk_001447,2026-08-18,17090.67,RAZORPAY SETTLEMENT UTR:UTR101456 ORD:order_001456,credit
bnk_001482,2026-08-18,16825.4,RAZORPAY SETTLEMENT UTR:UTR101491 ORD:order_001491,credit
bnk_001516,2026-08-18,15499.91,RAZORPAY SETTLEMENT UTR:UTR101525 ORD:order_001525,credit
bnk_001524,2026-08-18,6338.31,RAZORPAY SETTLEMENT UTR:UTR101533 ORD:order_001533,credit
bnk_001542,2026-08-18,14642.51,RAZORPAY SETTLEMENT UTR:UTR101551 ORD:order_001551,credit
bnk_001616,2026-08-18,11963.11,RAZORPAY SETTLEMENT UTR:UTR101626 ORD:order_001626,credit
bnk_001622,2026-08-18,1889.81,RAZORPAY SETTLEMENT UTR:UTR101632 ORD:order_001632,credit
bnk_001636,2026-08-18,20503.49,RAZORPAY SETTLEMENT UTR:UTR101646 ORD:order_001646,credit
bnk_001653,2026-08-18,19430.5,RAZORPAY SETTLEMENT UTR:UTR101663 ORD:order_001663,credit
bnk_001666,2026-08-18,2978.71,RAZORPAY SETTLEMENT UTR:UTR101676 ORD:order_001676,credit
bnk_001680,2026-08-18,2914.55,RAZORPAY SETTLEMENT UTR:UTR101690 ORD:order_001690,credit
bnk_001702,2026-08-18,13637.12,RAZORPAY SETTLEMENT UTR:UTR101712 ORD:order_001712,credit
bnk_001709,2026-08-18,23861.17,RAZORPAY SETTLEMENT UTR:UTR101719 ORD:order_001719,credit
bnk_001711,2026-08-18,19263.86,RAZORPAY SETTLEMENT UTR:UTR101721 ORD:order_001721,credit
bnk_001727,2026-08-18,16924.1,RAZORPAY SETTLEMENT UTR:UTR101737 ORD:order_001737,credit
bnk_001754,2026-08-18,9651.3,RAZORPAY SETTLEMENT UTR:UTR101764 ORD:order_001764,credit
bnk_001755,2026-08-18,14172.03,RAZORPAY SETTLEMENT UTR:UTR101765 ORD:order_001765,credit
bnk_001764,2026-08-18,7926.66,RAZORPAY SETTLEMENT UTR:UTR101774 ORD:order_001774,credit
bnk_001784,2026-08-18,6275.79,RAZORPAY SETTLEMENT UTR:UTR101795 ORD:order_001795,credit
bnk_001786,2026-08-18,23465.57,RAZORPAY SETTLEMENT UTR:UTR101797 ORD:order_001797,credit
bnk_001811,2026-08-18,16860.6,RAZORPAY SETTLEMENT UTR:UTR101822 ORD:order_001822,credit
bnk_001850,2026-08-18,19121.88,RAZORPAY SETTLEMENT UTR:UTR101861 ORD:order_001861,credit
bnk_001859,2026-08-18,10751.26,RAZORPAY SETTLEMENT UTR:UTR101870 ORD:order_001870,credit
bnk_001875,2026-08-18,8686.98,RAZORPAY SETTLEMENT UTR:UTR101886 ORD:order_001886,credit
bnk_001891,2026-08-18,13580.18,RAZORPAY SETTLEMENT UTR:UTR101902 ORD:order_001902,credit
bnk_001901,2026-08-18,19261.07,RAZORPAY SETTLEMENT UTR:UTR101912 ORD:order_001912,credit
bnk_001908,2026-08-18,16951.28,RAZORPAY SETTLEMENT UTR:UTR101919 ORD:order_001919,credit
bnk_001932,2026-08-18,16991.91,RAZORPAY SETTLEMENT UTR:UTR101943 ORD:order_001943,credit
bnk_001942,2026-08-18,12044.33,RAZORPAY SETTLEMENT UTR:UTR101953 ORD:order_001953,credit
bnk_001957,2026-08-18,20794.12,RAZORPAY SETTLEMENT UTR:UTR101968 ORD:order_001968,credit
bnk_001966,2026-08-18,2593.8,RAZORPAY SETTLEMENT UTR:UTR101977 ORD:order_001977,credit
bnk_001986,2026-08-18,21943.12,RAZORPAY SETTLEMENT UTR:UTR101997 ORD:order_001997,credit
bnk_000066,2026-08-19,20622.44,RAZORPAY SETTLEMENT UTR:UTR100069 ORD:order_000069,credit
bnk_000069,2026-08-19,13391.12,RAZORPAY SETTLEMENT UTR:UTR100072 ORD:order_000072,credit
bnk_000080,2026-08-19,4438.34,RAZORPAY SETTLEMENT UTR:UTR100083 ORD:order_000083,credit
bnk_000086,2026-08-19,9421.08,RAZORPAY SETTLEMENT UTR:UTR100089 ORD:order_000089,credit
bnk_000127,2026-08-19,11893.84,RAZORPAY SETTLEMENT UTR:UTR100130 ORD:order_000130,credit
bnk_000128,2026-08-19,4254.27,RAZORPAY SETTLEMENT UTR:UTR100131 ORD:order_000131,credit
bnk_000160,2026-08-19,20891.4,RAZORPAY SETTLEMENT UTR:UTR100163 ORD:order_000163,credit
bnk_000193,2026-08-19,8888.25,RAZORPAY SETTLEMENT UTR:UTR100196 ORD:order_000196,credit
bnk_000200,2026-08-19,10927.53,RAZORPAY SETTLEMENT UTR:UTR100203 ORD:order_000203,credit
bnk_000236,2026-08-19,4695.73,RAZORPAY SETTLEMENT UTR:UTR100240 ORD:order_000240,credit
bnk_000242,2026-08-19,15143.94,RAZORPAY SETTLEMENT UTR:UTR100246 ORD:order_000246,credit
bnk_000248,2026-08-19,18807.85,RAZORPAY SETTLEMENT UTR:UTR100252 ORD:order_000252,credit
bnk_000313,2026-08-19,4701.71,RAZORPAY SETTLEMENT UTR:UTR100317 ORD:order_000317,credit
bnk_000329,2026-08-19,13783.72,RAZORPAY SETTLEMENT UTR:UTR100333 ORD:order_000333,credit
bnk_000339,2026-08-19,11809.44,RAZORPAY SETTLEMENT UTR:UTR100343 ORD:order_000343,credit
bnk_000348,2026-08-19,23850.39,RAZORPAY SETTLEMENT UTR:UTR100352 ORD:order_000352,credit
bnk_000370,2026-08-19,5887.03,RAZORPAY SETTLEMENT UTR:UTR100374 ORD:order_000374,credit
bnk_000444,2026-08-19,8618.62,NEFT-RZPY-100449/settlemnt,credit
bnk_000587,2026-08-19,17885.16,RAZORPAY SETTLEMENT UTR:UTR100592 ORD:order_000592,credit
bnk_000678,2026-08-19,3215.92,RAZORPAY SETTLEMENT UTR:UTR100684 ORD:order_000684,credit
bnk_000699,2026-08-19,15200.32,RAZORPAY SETTLEMENT UTR:UTR100705 ORD:order_000705,credit
bnk_000704,2026-08-19,14961.03,RAZORPAY SETTLEMENT UTR:UTR100710 ORD:order_000710,credit
bnk_000710,2026-08-19,24194.38,RAZORPAY SETTLEMENT UTR:UTR100716 ORD:order_000716,credit
bnk_000726,2026-08-19,19941.05,RAZORPAY SETTLEMENT UTR:UTR100732 ORD:order_000732,credit
bnk_000736,2026-08-19,20465.77,RAZORPAY SETTLEMENT UTR:UTR100742 ORD:order_000742,credit
bnk_000759,2026-08-19,17506.18,RAZORPAY SETTLEMENT UTR:UTR100765 ORD:order_000765,credit
bnk_000762,2026-08-19,7013.86,RAZORPAY SETTLEMENT UTR:UTR100768 ORD:order_000768,credit
bnk_000767,2026-08-19,1762.19,RAZORPAY SETTLEMENT UTR:UTR100773 ORD:order_000773,credit
bnk_000795,2026-08-19,2107.21,RAZORPAY SETTLEMENT UTR:UTR100801 ORD:order_000801,credit
bnk_000796,2026-08-19,13503.62,RAZORPAY SETTLEMENT UTR:UTR100802 ORD:order_000802,credit
bnk_000814,2026-08-19,22816.12,RAZORPAY SETTLEMENT UTR:UTR100820 ORD:order_000820,credit
bnk_000825,2026-08-19,9275.8,RAZORPAY SETTLEMENT UTR:UTR100831 ORD:order_000831,credit
bnk_000839,2026-08-19,10205.48,RAZORPAY SETTLEMENT UTR:UTR100845 ORD:order_000845,credit
bnk_000850,2026-08-19,14217.44,RAZORPAY SETTLEMENT UTR:UTR100856 ORD:order_000856,credit
bnk_000882,2026-08-19,8057.89,RAZORPAY SETTLEMENT UTR:UTR100888 ORD:order_000888,credit
bnk_000886,2026-08-19,20376.56,NEFT-RZPY-100893/settlemnt,credit
bnk_000889,2026-08-19,8765.7,RAZORPAY SETTLEMENT UTR:UTR100896 ORD:order_000896,credit
bnk_000917,2026-08-19,18684.67,RAZORPAY SETTLEMENT UTR:UTR100924 ORD:order_000924,credit
bnk_000931,2026-08-19,23099.87,RAZORPAY SETTLEMENT UTR:UTR100938 ORD:order_000938,credit
bnk_000954,2026-08-19,19720.51,RAZORPAY SETTLEMENT UTR:UTR100961 ORD:order_000961,credit
bnk_000960,2026-08-19,14691.15,RAZORPAY SETTLEMENT UTR:UTR100967 ORD:order_000967,credit
bnk_000981,2026-08-19,17371.61,RAZORPAY SETTLEMENT UTR:UTR100988 ORD:order_000988,credit
bnk_001010,2026-08-19,16511.83,RAZORPAY SETTLEMENT UTR:UTR101017 ORD:order_001017,credit
bnk_001057,2026-08-19,10186.5,RAZORPAY SETTLEMENT UTR:UTR101064 ORD:order_001064,credit
bnk_001070,2026-08-19,13059.26,RAZORPAY SETTLEMENT UTR:UTR101077 ORD:order_001077,credit
bnk_001076,2026-08-19,4424.23,RAZORPAY SETTLEMENT UTR:UTR101083 ORD:order_001083,credit
bnk_001079,2026-08-19,2663.69,RAZORPAY SETTLEMENT UTR:UTR101086 ORD:order_001086,credit
bnk_001081,2026-08-19,11335.12,RAZORPAY SETTLEMENT UTR:UTR101088 ORD:order_001088,credit
bnk_001123,2026-08-19,24067.81,RAZORPAY SETTLEMENT UTR:UTR101131 ORD:order_001131,credit
bnk_001130,2026-08-19,16547.92,RAZORPAY SETTLEMENT UTR:UTR101138 ORD:order_001138,credit
bnk_001161,2026-08-19,6745.22,RAZORPAY SETTLEMENT UTR:UTR101169 ORD:order_001169,credit
bnk_001188,2026-08-19,706.88,RAZORPAY SETTLEMENT UTR:UTR101196 ORD:order_001196,credit
bnk_001200,2026-08-19,5079.56,RAZORPAY SETTLEMENT UTR:UTR101208 ORD:order_001208,credit
bnk_001252,2026-08-19,13812.28,RAZORPAY SETTLEMENT UTR:UTR101260 ORD:order_001260,credit
bnk_001312,2026-08-19,6677.69,RAZORPAY SETTLEMENT UTR:UTR101320 ORD:order_001320,credit
bnk_001369,2026-08-19,23544.72,RAZORPAY SETTLEMENT UTR:UTR101378 ORD:order_001378,credit
bnk_001401,2026-08-19,23271.26,RAZORPAY SETTLEMENT UTR:UTR101410 ORD:order_001410,credit
bnk_001477,2026-08-19,14696.06,RAZORPAY SETTLEMENT UTR:UTR101486 ORD:order_001486,credit
bnk_001522,2026-08-19,5952.04,RAZORPAY SETTLEMENT UTR:UTR101531 ORD:order_001531,credit
bnk_001533,2026-08-19,4778.44,RAZORPAY SETTLEMENT UTR:UTR101542 ORD:order_001542,credit
bnk_001550,2026-08-19,2974.84,IMPS/cust_1560/razorpay payout ref UTR101560,credit
bnk_001556,2026-08-19,21952.93,RAZORPAY SETTLEMENT UTR:UTR101566 ORD:order_001566,credit
bnk_001559,2026-08-19,14381.28,RAZORPAY SETTLEMENT UTR:UTR101569 ORD:order_001569,credit
bnk_001612,2026-08-19,21650.68,RAZORPAY SETTLEMENT UTR:UTR101622 ORD:order_001622,credit
bnk_001640,2026-08-19,5722.5,RAZORPAY SETTLEMENT UTR:UTR101650 ORD:order_001650,credit
bnk_001647,2026-08-19,19012.44,RAZORPAY SETTLEMENT UTR:UTR101657 ORD:order_001657,credit
bnk_001725,2026-08-19,20601.58,RAZORPAY SETTLEMENT UTR:UTR101735 ORD:order_001735,credit
bnk_001731,2026-08-19,12499.37,RAZORPAY SETTLEMENT UTR:UTR101741 ORD:order_001741,credit
bnk_001743,2026-08-19,20980.18,RAZORPAY SETTLEMENT UTR:UTR101753 ORD:order_001753,credit
bnk_001771,2026-08-19,18212.94,IMPS/cust_1782/razorpay payout ref UTR101782,credit
bnk_001774,2026-08-19,2057.88,RAZORPAY SETTLEMENT UTR:UTR101785 ORD:order_001785,credit
bnk_001775,2026-08-19,10137.9,RAZORPAY SETTLEMENT UTR:UTR101786 ORD:order_001786,credit
bnk_001805,2026-08-19,7716.05,RAZORPAY SETTLEMENT UTR:UTR101816 ORD:order_001816,credit
bnk_001863,2026-08-19,18593.36,RAZORPAY SETTLEMENT UTR:UTR101874 ORD:order_001874,credit
bnk_001895,2026-08-19,16316.4,RAZORPAY SETTLEMENT UTR:UTR101906 ORD:order_001906,credit
bnk_001903,2026-08-19,19098.37,RAZORPAY SETTLEMENT UTR:UTR101914 ORD:order_001914,credit
bnk_001913,2026-08-19,23200.66,RAZORPAY SETTLEMENT UTR:UTR101924 ORD:order_001924,credit
bnk_001946,2026-08-19,783.88,RAZORPAY SETTLEMENT UTR:UTR101957 ORD:order_001957,credit
bnk_001956,2026-08-19,22840.05,RAZORPAY SETTLEMENT UTR:UTR101967 ORD:order_001967,credit
bnk_001973,2026-08-19,15739.26,RAZORPAY SETTLEMENT UTR:UTR101984 ORD:order_001984,credit
bnk_000008,2026-08-20,17616.68,RAZORPAY NET STLMT AUG/DR RVSL REF UTR100001/CR REF UTR100009,credit
bnk_000045,2026-08-20,3828.4,RAZORPAY SETTLEMENT UTR:UTR100047 ORD:order_000047,credit
bnk_000055,2026-08-20,13145.56,RAZORPAY SETTLEMENT UTR:UTR100058 ORD:order_000058,credit
bnk_000058,2026-08-20,16795.93,RAZORPAY SETTLEMENT UTR:UTR100061 ORD:order_000061,credit
bnk_000077,2026-08-20,20008.95,RAZORPAY SETTLEMENT UTR:UTR100080 ORD:order_000080,credit
bnk_000079,2026-08-20,16270.63,RAZORPAY SETTLEMENT UTR:UTR100082 ORD:order_000082,credit
bnk_000082,2026-08-20,23557.49,RAZORPAY SETTLEMENT UTR:UTR100085 ORD:order_000085,credit
bnk_000089,2026-08-20,991.37,RAZORPAY SETTLEMENT UTR:UTR100092 ORD:order_000092,credit
bnk_000111,2026-08-20,11088.69,RAZORPAY SETTLEMENT UTR:UTR100114 ORD:order_000114,credit
bnk_000120,2026-08-20,7311.88,RAZORPAY SETTLEMENT UTR:UTR100123 ORD:order_000123,credit
bnk_000124,2026-08-20,14343.24,RAZORPAY SETTLEMENT UTR:UTR100127 ORD:order_000127,credit
bnk_000152,2026-08-20,13141.42,RAZORPAY SETTLEMENT UTR:UTR100155 ORD:order_000155,credit
bnk_000176,2026-08-20,8948.84,RAZORPAY SETTLEMENT UTR:UTR100179 ORD:order_000179,credit
bnk_000194,2026-08-20,10049.23,RAZORPAY SETTLEMENT UTR:UTR100197 ORD:order_000197,credit
bnk_000204,2026-08-20,12925.63,RAZORPAY SETTLEMENT UTR:UTR100207 ORD:order_000207,credit
bnk_000237,2026-08-20,11601.07,RAZORPAY SETTLEMENT UTR:UTR100241 ORD:order_000241,credit
bnk_000240,2026-08-20,16457.86,RAZORPAY SETTLEMENT UTR:UTR100244 ORD:order_000244,credit
bnk_000243,2026-08-20,10696.61,RAZORPAY SETTLEMENT UTR:UTR100247 ORD:order_000247,credit
bnk_000266,2026-08-20,13363.4,RAZORPAY SETTLEMENT UTR:UTR100270 ORD:order_000270,credit
bnk_000283,2026-08-20,11738.79,RAZORPAY SETTLEMENT UTR:UTR100287 ORD:order_000287,credit
bnk_000315,2026-08-20,15221.93,RAZORPAY SETTLEMENT UTR:UTR100319 ORD:order_000319,credit
bnk_000340,2026-08-20,8711.5,RAZORPAY SETTLEMENT UTR:UTR100344 ORD:order_000344,credit
bnk_000344,2026-08-20,8036.67,RAZORPAY SETTLEMENT UTR:UTR100348 ORD:order_000348,credit
bnk_000352,2026-08-20,7718.99,RAZORPAY SETTLEMENT UTR:UTR100356 ORD:order_000356,credit
bnk_000354,2026-08-20,23795.1,RAZORPAY SETTLEMENT UTR:UTR100358 ORD:order_000358,credit
bnk_000379,2026-08-20,6226.21,RAZORPAY SETTLEMENT UTR:UTR100383 ORD:order_000383,credit
bnk_000388,2026-08-20,10658.28,RAZORPAY SETTLEMENT UTR:UTR100392 ORD:order_000392,credit
bnk_000416,2026-08-20,19950.16,RAZORPAY SETTLEMENT UTR:UTR100420 ORD:order_000420,credit
bnk_000421,2026-08-20,16220.63,RAZORPAY SETTLEMENT UTR:UTR100425 ORD:order_000425,credit
bnk_000426,2026-08-20,5357.69,RAZORPAY SETTLEMENT UTR:UTR100430 ORD:order_000430,credit
bnk_000432,2026-08-20,13665.27,RAZORPAY SETTLEMENT UTR:UTR100436 ORD:order_000436,credit
bnk_000451,2026-08-20,8440.76,RAZORPAY SETTLEMENT UTR:UTR100456 ORD:order_000456,credit
bnk_000471,2026-08-20,20877.73,RAZORPAY SETTLEMENT UTR:UTR100476 ORD:order_000476,credit
bnk_000495,2026-08-20,22046.75,RAZORPAY SETTLEMENT UTR:UTR100500 ORD:order_000500,credit
bnk_000531,2026-08-20,23627.04,RAZORPAY SETTLEMENT UTR:UTR100536 ORD:order_000536,credit
bnk_000533,2026-08-20,821.16,RAZORPAY SETTLEMENT UTR:UTR100538 ORD:order_000538,credit
bnk_000539,2026-08-20,1086.83,RAZORPAY SETTLEMENT UTR:UTR100544 ORD:order_000544,credit
bnk_000550,2026-08-20,16527.43,RAZORPAY SETTLEMENT UTR:UTR100555 ORD:order_000555,credit
bnk_000568,2026-08-20,5397.09,RAZORPAY SETTLEMENT UTR:UTR100573 ORD:order_000573,credit
bnk_000574,2026-08-20,24111.63,RAZORPAY SETTLEMENT UTR:UTR100579 ORD:order_000579,credit
bnk_000603,2026-08-20,21484.51,RAZORPAY SETTLEMENT UTR:UTR100608 ORD:order_000608,credit
bnk_000614,2026-08-20,19907.18,RAZORPAY SETTLEMENT UTR:UTR100619 ORD:order_000619,credit
bnk_000615,2026-08-20,1923.05,RAZORPAY SETTLEMENT UTR:UTR100620 ORD:order_000620,credit
bnk_000624,2026-08-20,8863.55,RAZORPAY SETTLEMENT UTR:UTR100629 ORD:order_000629,credit
bnk_000735,2026-08-20,12633.05,RAZORPAY SETTLEMENT UTR:UTR100741 ORD:order_000741,credit
bnk_000815,2026-08-20,10014.44,RAZORPAY SETTLEMENT UTR:UTR100821 ORD:order_000821,credit
bnk_000855,2026-08-20,12873.59,RAZORPAY SETTLEMENT UTR:UTR100861 ORD:order_000861,credit
bnk_000872,2026-08-20,1116.96,RAZORPAY SETTLEMENT UTR:UTR100878 ORD:order_000878,credit
bnk_000874,2026-08-20,19713.24,RAZORPAY SETTLEMENT UTR:UTR100880 ORD:order_000880,credit
bnk_000883,2026-08-20,8729.61,RAZORPAY SETTLEMENT UTR:UTR100889 ORD:order_000889,credit
bnk_000941,2026-08-20,1711.98,RAZORPAY SETTLEMENT UTR:UTR100948 ORD:order_000948,credit
bnk_000942,2026-08-20,5144.7,RAZORPAY SETTLEMENT UTR:UTR100949 ORD:order_000949,credit
bnk_000944,2026-08-20,12550.89,RAZORPAY SETTLEMENT UTR:UTR100951 ORD:order_000951,credit
bnk_000961,2026-08-20,20302.38,RAZORPAY SETTLEMENT UTR:UTR100968 ORD:order_000968,credit
bnk_001005,2026-08-20,5607.16,RAZORPAY SETTLEMENT UTR:UTR101012 ORD:order_001012,credit
bnk_001006,2026-08-20,6974.19,RAZORPAY SETTLEMENT UTR:UTR101013 ORD:order_001013,credit
bnk_001015,2026-08-20,612.15,RAZORPAY SETTLEMENT UTR:UTR101022 ORD:order_001022,credit
bnk_001065,2026-08-20,9425.98,RAZORPAY SETTLEMENT UTR:UTR101072 ORD:order_001072,credit
bnk_001066,2026-08-20,22323.94,RAZORPAY SETTLEMENT UTR:UTR101073 ORD:order_001073,credit
bnk_001073,2026-08-20,1965.56,RAZORPAY SETTLEMENT UTR:UTR101080 ORD:order_001080,credit
bnk_001099,2026-08-20,9474.32,RAZORPAY SETTLEMENT UTR:UTR101106 ORD:order_001106,credit
bnk_001101,2026-08-20,3326.12,RAZORPAY SETTLEMENT UTR:UTR101108 ORD:order_001108,credit
bnk_001105,2026-08-20,16579.7,RAZORPAY SETTLEMENT UTR:UTR101113 ORD:order_001113,credit
bnk_001125,2026-08-20,7070.37,RAZORPAY SETTLEMENT UTR:UTR101133 ORD:order_001133,credit
bnk_001133,2026-08-20,9493.8,RAZORPAY SETTLEMENT UTR:UTR101141 ORD:order_001141,credit
bnk_001148,2026-08-20,17814.89,RAZORPAY SETTLEMENT UTR:UTR101156 ORD:order_001156,credit
bnk_001157,2026-08-20,22379.68,RAZORPAY SETTLEMENT UTR:UTR101165 ORD:order_001165,credit
bnk_001159,2026-08-20,9594.32,RAZORPAY SETTLEMENT UTR:UTR101167 ORD:order_001167,credit
bnk_001180,2026-08-20,4537.34,RAZORPAY SETTLEMENT UTR:UTR101188 ORD:order_001188,credit
bnk_001181,2026-08-20,12169.6,RAZORPAY SETTLEMENT UTR:UTR101189 ORD:order_001189,credit
bnk_001192,2026-08-20,864.53,RAZORPAY SETTLEMENT UTR:UTR101200 ORD:order_001200,credit
bnk_001227,2026-08-20,16684.09,RAZORPAY SETTLEMENT UTR:UTR101235 ORD:order_001235,credit
bnk_001254,2026-08-20,2632.05,RAZORPAY SETTLEMENT UTR:UTR101262 ORD:order_001262,credit
bnk_001259,2026-08-20,17827.77,RAZORPAY SETTLEMENT UTR:UTR101267 ORD:order_001267,credit
bnk_001287,2026-08-20,5267.78,RAZORPAY SETTLEMENT UTR:UTR101295 ORD:order_001295,credit
bnk_001288,2026-08-20,4792.39,RAZORPAY SETTLEMENT UTR:UTR101296 ORD:order_001296,credit
bnk_001302,2026-08-20,17272.56,RAZORPAY SETTLEMENT UTR:UTR101310 ORD:order_001310,credit
bnk_001313,2026-08-20,18354.27,RAZORPAY SETTLEMENT UTR:UTR101321 ORD:order_001321,credit
bnk_001331,2026-08-20,12831.7,RAZORPAY SETTLEMENT UTR:UTR101340 ORD:order_001340,credit
bnk_001332,2026-08-20,4318.93,RAZORPAY SETTLEMENT UTR:UTR101341 ORD:order_001341,credit
bnk_001342,2026-08-20,14299.4,RAZORPAY SETTLEMENT UTR:UTR101351 ORD:order_001351,credit
bnk_001360,2026-08-20,12130.23,RAZORPAY SETTLEMENT UTR:UTR101369 ORD:order_001369,credit
bnk_001397,2026-08-20,14125.4,RAZORPAY SETTLEMENT UTR:UTR101406 ORD:order_001406,credit
bnk_001398,2026-08-20,7212.26,RAZORPAY SETTLEMENT UTR:UTR101407 ORD:order_001407,credit
bnk_001420,2026-08-20,20824.27,RAZORPAY SETTLEMENT UTR:UTR101429 ORD:order_001429,credit
bnk_001481,2026-08-20,10556.02,RAZORPAY SETTLEMENT UTR:UTR101490 ORD:order_001490,credit
bnk_001491,2026-08-20,2460.02,RAZORPAY SETTLEMENT UTR:UTR101500 ORD:order_001500,credit
bnk_001537,2026-08-20,8317.82,RAZORPAY SETTLEMENT UTR:UTR101546 ORD:order_001546,credit
bnk_001544,2026-08-20,18010.04,RAZORPAY SETTLEMENT UTR:UTR101553 ORD:order_001553,credit
bnk_001583,2026-08-20,20931.81,RAZORPAY SETTLEMENT UTR:UTR101593 ORD:order_001593,credit
bnk_001608,2026-08-20,12422.58,RAZORPAY SETTLEMENT UTR:UTR101618 ORD:order_001618,credit
bnk_001613,2026-08-20,6448.27,RAZORPAY SETTLEMENT UTR:UTR101623 ORD:order_001623,credit
bnk_001655,2026-08-20,17405.29,RAZORPAY SETTLEMENT UTR:UTR101665 ORD:order_001665,credit
bnk_001689,2026-08-20,17998.6,RAZORPAY SETTLEMENT UTR:UTR101699 ORD:order_001699,credit
bnk_001697,2026-08-20,10278.91,RAZORPAY SETTLEMENT UTR:UTR101707 ORD:order_001707,credit
bnk_001698,2026-08-20,17760.65,RAZORPAY SETTLEMENT UTR:UTR101708 ORD:order_001708,credit
bnk_001713,2026-08-20,2668.35,RAZORPAY SETTLEMENT UTR:UTR101723 ORD:order_001723,credit
bnk_001726,2026-08-20,10502.64,RAZORPAY SETTLEMENT UTR:UTR101736 ORD:order_001736,credit
bnk_001741,2026-08-20,2570.05,RAZORPAY SETTLEMENT UTR:UTR101751 ORD:order_001751,credit
bnk_001829,2026-08-20,20597.8,RAZORPAY SETTLEMENT UTR:UTR101840 ORD:order_001840,credit
bnk_001832,2026-08-20,17835.97,RAZORPAY SETTLEMENT UTR:UTR101843 ORD:order_001843,credit
bnk_001906,2026-08-20,4324.63,RAZORPAY SETTLEMENT UTR:UTR101917 ORD:order_001917,credit
bnk_001953,2026-08-20,9695.14,RAZORPAY SETTLEMENT UTR:UTR101964 ORD:order_001964,credit
bnk_001970,2026-08-20,10352.07,RAZORPAY SETTLEMENT UTR:UTR101981 ORD:order_001981,credit
bnk_000040,2026-08-21,22332.06,RAZORPAY SETTLEMENT UTR:UTR100042 ORD:order_000042,credit
bnk_000046,2026-08-21,13381.5,RAZORPAY SETTLEMENT UTR:UTR100048 ORD:order_000048,credit
bnk_000047,2026-08-21,10737.11,RAZORPAY SETTLEMENT UTR:UTR100049 ORD:order_000049,credit
bnk_000097,2026-08-21,17792.1,RAZORPAY SETTLEMENT UTR:UTR100100 ORD:order_000100,credit
bnk_000126,2026-08-21,1855.7,RAZORPAY SETTLEMENT UTR:UTR100129 ORD:order_000129,credit
bnk_000132,2026-08-21,10147.24,RAZORPAY SETTLEMENT UTR:UTR100135 ORD:order_000135,credit
bnk_000135,2026-08-21,10516.81,RAZORPAY SETTLEMENT UTR:UTR100138 ORD:order_000138,credit
bnk_000201,2026-08-21,3254.65,RAZORPAY SETTLEMENT UTR:UTR100204 ORD:order_000204,credit
bnk_000218,2026-08-21,10771.89,RAZORPAY SETTLEMENT UTR:UTR100221 ORD:order_000221,credit
bnk_000260,2026-08-21,9805.19,RAZORPAY SETTLEMENT UTR:UTR100264 ORD:order_000264,credit
bnk_000262,2026-08-21,20982.77,RAZORPAY SETTLEMENT UTR:UTR100266 ORD:order_000266,credit
bnk_000304,2026-08-21,19757.88,RAZORPAY SETTLEMENT UTR:UTR100308 ORD:order_000308,credit
bnk_000317,2026-08-21,10907.93,RAZORPAY SETTLEMENT UTR:UTR100321 ORD:order_000321,credit
bnk_000347,2026-08-21,7102.57,RAZORPAY SETTLEMENT UTR:UTR100351 ORD:order_000351,credit
bnk_000365,2026-08-21,4117.78,RAZORPAY SETTLEMENT UTR:UTR100369 ORD:order_000369,credit
bnk_000372,2026-08-21,7601.42,RAZORPAY SETTLEMENT UTR:UTR100376 ORD:order_000376,credit
bnk_000393,2026-08-21,18404.61,RAZORPAY SETTLEMENT UTR:UTR100397 ORD:order_000397,credit
bnk_000402,2026-08-21,5964.49,RAZORPAY SETTLEMENT UTR:UTR100406 ORD:order_000406,credit
bnk_000408,2026-08-21,4829.74,RAZORPAY SETTLEMENT UTR:UTR100412 ORD:order_000412,credit
bnk_000447,2026-08-21,20522.14,RAZORPAY SETTLEMENT UTR:UTR100452 ORD:order_000452,credit
bnk_000461,2026-08-21,12503.91,RAZORPAY SETTLEMENT UTR:UTR100466 ORD:order_000466,credit
bnk_000485,2026-08-21,13194.65,RAZORPAY SETTLEMENT UTR:UTR100490 ORD:order_000490,credit
bnk_000490,2026-08-21,12393.3,RAZORPAY SETTLEMENT UTR:UTR100495 ORD:order_000495,credit
bnk_000497,2026-08-21,23099.93,RAZORPAY SETTLEMENT UTR:UTR100502 ORD:order_000502,credit
bnk_000503,2026-08-21,14169.63,RAZORPAY SETTLEMENT UTR:UTR100508 ORD:order_000508,credit
bnk_000506,2026-08-21,7054.26,RAZORPAY SETTLEMENT UTR:UTR100511 ORD:order_000511,credit
bnk_000567,2026-08-21,24142.58,RAZORPAY SETTLEMENT UTR:UTR100572 ORD:order_000572,credit
bnk_000596,2026-08-21,15422.99,RAZORPAY SETTLEMENT UTR:UTR100601 ORD:order_000601,credit
bnk_000642,2026-08-21,19071.5,RAZORPAY SETTLEMENT UTR:UTR100647 ORD:order_000647,credit
bnk_000651,2026-08-21,7263.97,RAZORPAY SETTLEMENT UTR:UTR100656 ORD:order_000656,credit
bnk_000672,2026-08-21,6308.77,RAZORPAY SETTLEMENT UTR:UTR100678 ORD:order_000678,credit
bnk_000686,2026-08-21,12308.37,RAZORPAY SETTLEMENT UTR:UTR100692 ORD:order_000692,credit
bnk_000688,2026-08-21,16782.13,RAZORPAY SETTLEMENT UTR:UTR100694 ORD:order_000694,credit
bnk_000700,2026-08-21,9685.71,RAZORPAY SETTLEMENT UTR:UTR100706 ORD:order_000706,credit
bnk_000702,2026-08-21,11246.64,RAZORPAY SETTLEMENT UTR:UTR100708 ORD:order_000708,credit
bnk_000750,2026-08-21,9287.62,RAZORPAY SETTLEMENT UTR:UTR100756 ORD:order_000756,credit
bnk_000788,2026-08-21,15605.7,RAZORPAY SETTLEMENT UTR:UTR100794 ORD:order_000794,credit
bnk_000803,2026-08-21,2968.02,RAZORPAY SETTLEMENT UTR:UTR100809 ORD:order_000809,credit
bnk_000896,2026-08-21,14645.32,RAZORPAY SETTLEMENT UTR:UTR100903 ORD:order_000903,credit
bnk_000899,2026-08-21,8564.67,RAZORPAY SETTLEMENT UTR:UTR100906 ORD:order_000906,credit
bnk_000903,2026-08-21,16064.4,RAZORPAY SETTLEMENT UTR:UTR100910 ORD:order_000910,credit
bnk_000925,2026-08-21,19948.06,RAZORPAY SETTLEMENT UTR:UTR100932 ORD:order_000932,credit
bnk_000962,2026-08-21,12206.22,RAZORPAY SETTLEMENT UTR:UTR100969 ORD:order_000969,credit
bnk_000965,2026-08-21,23929.12,RAZORPAY SETTLEMENT UTR:UTR100972 ORD:order_000972,credit
bnk_000969,2026-08-21,19216.68,RAZORPAY SETTLEMENT UTR:UTR100976 ORD:order_000976,credit
bnk_000997,2026-08-21,7372.64,RAZORPAY SETTLEMENT UTR:UTR101004 ORD:order_001004,credit
bnk_001008,2026-08-21,3101.1,RAZORPAY SETTLEMENT UTR:UTR101015 ORD:order_001015,credit
bnk_001041,2026-08-21,19404.78,RAZORPAY SETTLEMENT UTR:UTR101048 ORD:order_001048,credit
bnk_001052,2026-08-21,14421.71,RAZORPAY SETTLEMENT UTR:UTR101059 ORD:order_001059,credit
bnk_001082,2026-08-21,10425.9,RAZORPAY SETTLEMENT UTR:UTR101089 ORD:order_001089,credit
bnk_001087,2026-08-21,18329.19,RAZORPAY SETTLEMENT UTR:UTR101094 ORD:order_001094,credit
bnk_001119,2026-08-21,6089.77,RAZORPAY SETTLEMENT UTR:UTR101127 ORD:order_001127,credit
bnk_001147,2026-08-21,4989.4,RAZORPAY SETTLEMENT UTR:UTR101155 ORD:order_001155,credit
bnk_001169,2026-08-21,6726.39,RAZORPAY SETTLEMENT UTR:UTR101177 ORD:order_001177,credit
bnk_001216,2026-08-21,5984.62,RAZORPAY SETTLEMENT UTR:UTR101224 ORD:order_001224,credit
bnk_001219,2026-08-21,22001.36,RAZORPAY SETTLEMENT UTR:UTR101227 ORD:order_001227,credit
bnk_001240,2026-08-21,10818.77,RAZORPAY SETTLEMENT UTR:UTR101248 ORD:order_001248,credit
bnk_001283,2026-08-21,12233.98,RAZORPAY SETTLEMENT UTR:UTR101291 ORD:order_001291,credit
bnk_001286,2026-08-21,9220.03,RAZORPAY SETTLEMENT UTR:UTR101294 ORD:order_001294,credit
bnk_001314,2026-08-21,14375.25,RAZORPAY SETTLEMENT UTR:UTR101322 ORD:order_001322,credit
bnk_001316,2026-08-21,9844.83,RAZORPAY SETTLEMENT UTR:UTR101324 ORD:order_001324,credit
bnk_001348,2026-08-21,15111.8,RAZORPAY SETTLEMENT UTR:UTR101357 ORD:order_001357,credit
bnk_001352,2026-08-21,22464.74,RAZORPAY SETTLEMENT UTR:UTR101361 ORD:order_001361,credit
bnk_001358,2026-08-21,14755.77,RAZORPAY SETTLEMENT UTR:UTR101367 ORD:order_001367,credit
bnk_001392,2026-08-21,5508.87,RAZORPAY SETTLEMENT UTR:UTR101401 ORD:order_001401,credit
bnk_001409,2026-08-21,12196.94,RAZORPAY SETTLEMENT UTR:UTR101418 ORD:order_001418,credit
bnk_001424,2026-08-21,8567.91,RAZORPAY SETTLEMENT UTR:UTR101433 ORD:order_001433,credit
bnk_001454,2026-08-21,2124.73,RAZORPAY SETTLEMENT UTR:UTR101463 ORD:order_001463,credit
bnk_001462,2026-08-21,18488.05,RAZORPAY SETTLEMENT UTR:UTR101471 ORD:order_001471,credit
bnk_001480,2026-08-21,3645.47,RAZORPAY SETTLEMENT UTR:UTR101489 ORD:order_001489,credit
bnk_001515,2026-08-21,6778.43,RAZORPAY SETTLEMENT UTR:UTR101524 ORD:order_001524,credit
bnk_001518,2026-08-21,1814.4,RAZORPAY SETTLEMENT UTR:UTR101527 ORD:order_001527,credit
bnk_001539,2026-08-21,5288.61,RAZORPAY SETTLEMENT UTR:UTR101548 ORD:order_001548,credit
bnk_001561,2026-08-21,2278.28,RAZORPAY SETTLEMENT UTR:UTR101571 ORD:order_001571,credit
bnk_001568,2026-08-21,3744.25,RAZORPAY SETTLEMENT UTR:UTR101578 ORD:order_001578,credit
bnk_001599,2026-08-21,1699.54,RAZORPAY SETTLEMENT UTR:UTR101609 ORD:order_001609,credit
bnk_001617,2026-08-21,8718.12,RAZORPAY SETTLEMENT UTR:UTR101627 ORD:order_001627,credit
bnk_001623,2026-08-21,13153.17,RAZORPAY SETTLEMENT UTR:UTR101633 ORD:order_001633,credit
bnk_001630,2026-08-21,4700.84,RAZORPAY SETTLEMENT UTR:UTR101640 ORD:order_001640,credit
bnk_001634,2026-08-21,23155.52,RAZORPAY SETTLEMENT UTR:UTR101644 ORD:order_001644,credit
bnk_001661,2026-08-21,23184.92,RAZORPAY SETTLEMENT UTR:UTR101671 ORD:order_001671,credit
bnk_001662,2026-08-21,9856.01,RAZORPAY SETTLEMENT UTR:UTR101672 ORD:order_001672,credit
bnk_001665,2026-08-21,5772.41,RAZORPAY SETTLEMENT UTR:UTR101675 ORD:order_001675,credit
bnk_001681,2026-08-21,19356.03,RAZORPAY SETTLEMENT UTR:UTR101691 ORD:order_001691,credit
bnk_001701,2026-08-21,1675.57,RAZORPAY SETTLEMENT UTR:UTR101711 ORD:order_001711,credit
bnk_001723,2026-08-21,23709.22,RAZORPAY SETTLEMENT UTR:UTR101733 ORD:order_001733,credit
bnk_001748,2026-08-21,4033.4,RAZORPAY SETTLEMENT UTR:UTR101758 ORD:order_001758,credit
bnk_001750,2026-08-21,22614.15,RAZORPAY SETTLEMENT UTR:UTR101760 ORD:order_001760,credit
bnk_001791,2026-08-21,1675.94,RAZORPAY SETTLEMENT UTR:UTR101802 ORD:order_001802,credit
bnk_001823,2026-08-21,14435.18,RAZORPAY SETTLEMENT UTR:UTR101834 ORD:order_001834,credit
bnk_001838,2026-08-21,9379.52,RAZORPAY SETTLEMENT UTR:UTR101849 ORD:order_001849,credit
bnk_001847,2026-08-21,8685.48,RAZORPAY SETTLEMENT UTR:UTR101858 ORD:order_001858,credit
bnk_001868,2026-08-21,9663.42,RAZORPAY SETTLEMENT UTR:UTR101879 ORD:order_001879,credit
bnk_001911,2026-08-21,22182.4,RAZORPAY SETTLEMENT UTR:UTR101922 ORD:order_001922,credit
bnk_001937,2026-08-21,2969.2,RAZORPAY SETTLEMENT UTR:UTR101948 ORD:order_001948,credit
bnk_001938,2026-08-21,12034.65,RAZORPAY SETTLEMENT UTR:UTR101949 ORD:order_001949,credit
bnk_001947,2026-08-21,18848.86,RAZORPAY SETTLEMENT UTR:UTR101958 ORD:order_001958,credit
bnk_000006,2026-08-22,29498.55,"RAZORPAY SETTLEMENT UTR:UTR700007 BATCH OF 3 [order_000007,order_000019,order_000031]",credit
bnk_000020,2026-08-22,20329.05,RAZORPAY SETTLEMENT UTR:UTR100022 ORD:order_000022,credit
bnk_000070,2026-08-22,22460.22,RAZORPAY SETTLEMENT UTR:UTR100073 ORD:order_000073,credit
bnk_000133,2026-08-22,6378.11,RAZORPAY SETTLEMENT UTR:UTR100136 ORD:order_000136,credit
bnk_000143,2026-08-22,711.05,RAZORPAY SETTLEMENT UTR:UTR100146 ORD:order_000146,credit
bnk_000157,2026-08-22,7003.26,RAZORPAY SETTLEMENT UTR:UTR100160 ORD:order_000160,credit
bnk_000198,2026-08-22,1403.38,RAZORPAY SETTLEMENT UTR:UTR100201 ORD:order_000201,credit
bnk_000228,2026-08-22,24025.72,RAZORPAY SETTLEMENT UTR:UTR100232 ORD:order_000232,credit
bnk_000272,2026-08-22,22485.29,RAZORPAY SETTLEMENT UTR:UTR100276 ORD:order_000276,credit
bnk_000289,2026-08-22,20564.07,RAZORPAY SETTLEMENT UTR:UTR100293 ORD:order_000293,credit
bnk_000303,2026-08-22,20828.74,RAZORPAY SETTLEMENT UTR:UTR100307 ORD:order_000307,credit
bnk_000327,2026-08-22,7178.13,RAZORPAY SETTLEMENT UTR:UTR100331 ORD:order_000331,credit
bnk_000369,2026-08-22,14992.4,RAZORPAY SETTLEMENT UTR:UTR100373 ORD:order_000373,credit
bnk_000381,2026-08-22,10260.68,RAZORPAY SETTLEMENT UTR:UTR100385 ORD:order_000385,credit
bnk_000392,2026-08-22,19449.3,RAZORPAY SETTLEMENT UTR:UTR100396 ORD:order_000396,credit
bnk_000398,2026-08-22,10960.18,RAZORPAY SETTLEMENT UTR:UTR100402 ORD:order_000402,credit
bnk_000400,2026-08-22,18059.57,RAZORPAY SETTLEMENT UTR:UTR100404 ORD:order_000404,credit
bnk_000540,2026-08-22,8334.7,RAZORPAY SETTLEMENT UTR:UTR100545 ORD:order_000545,credit
bnk_000564,2026-08-22,15838.92,RAZORPAY SETTLEMENT UTR:UTR100569 ORD:order_000569,credit
bnk_000572,2026-08-22,19353.97,RAZORPAY SETTLEMENT UTR:UTR100577 ORD:order_000577,credit
bnk_000598,2026-08-22,9600.12,RAZORPAY SETTLEMENT UTR:UTR100603 ORD:order_000603,credit
bnk_000619,2026-08-22,23654.04,RAZORPAY SETTLEMENT UTR:UTR100624 ORD:order_000624,credit
bnk_000627,2026-08-22,20705.83,RAZORPAY SETTLEMENT UTR:UTR100632 ORD:order_000632,credit
bnk_000629,2026-08-22,13806.42,RAZORPAY SETTLEMENT UTR:UTR100634 ORD:order_000634,credit
bnk_000644,2026-08-22,4209.96,RAZORPAY SETTLEMENT UTR:UTR100649 ORD:order_000649,credit
bnk_000669,2026-08-22,4599.71,RAZORPAY SETTLEMENT UTR:UTR100675 ORD:order_000675,credit
bnk_000683,2026-08-22,5207.3,RAZORPAY SETTLEMENT UTR:UTR100689 ORD:order_000689,credit
bnk_000689,2026-08-22,15869.72,RAZORPAY SETTLEMENT UTR:UTR100695 ORD:order_000695,credit
bnk_000718,2026-08-22,7285.51,RAZORPAY SETTLEMENT UTR:UTR100724 ORD:order_000724,credit
bnk_000738,2026-08-22,21453.09,RAZORPAY SETTLEMENT UTR:UTR100744 ORD:order_000744,credit
bnk_000741,2026-08-22,20375.47,RAZORPAY SETTLEMENT UTR:UTR100747 ORD:order_000747,credit
bnk_000745,2026-08-22,23682.5,RAZORPAY SETTLEMENT UTR:UTR100751 ORD:order_000751,credit
bnk_000780,2026-08-22,13616.59,RAZORPAY SETTLEMENT UTR:UTR100786 ORD:order_000786,credit
bnk_000897,2026-08-22,4176.8,RAZORPAY SETTLEMENT UTR:UTR100904 ORD:order_000904,credit
bnk_000898,2026-08-22,17727.03,RAZORPAY SETTLEMENT UTR:UTR100905 ORD:order_000905,credit
bnk_000945,2026-08-22,7179.63,RAZORPAY SETTLEMENT UTR:UTR100952 ORD:order_000952,credit
bnk_000955,2026-08-22,11420.19,RAZORPAY SETTLEMENT UTR:UTR100962 ORD:order_000962,credit
bnk_000957,2026-08-22,8333.73,RAZORPAY SETTLEMENT UTR:UTR100964 ORD:order_000964,credit
bnk_000972,2026-08-22,13028.78,RAZORPAY SETTLEMENT UTR:UTR100979 ORD:order_000979,credit
bnk_000979,2026-08-22,10305.16,RAZORPAY SETTLEMENT UTR:UTR100986 ORD:order_000986,credit
bnk_001031,2026-08-22,7626.28,RAZORPAY SETTLEMENT UTR:UTR101038 ORD:order_001038,credit
bnk_001064,2026-08-22,18375.36,RAZORPAY SETTLEMENT UTR:UTR101071 ORD:order_001071,credit
bnk_001068,2026-08-22,18713.25,RAZORPAY SETTLEMENT UTR:UTR101075 ORD:order_001075,credit
bnk_001120,2026-08-22,8116.95,RAZORPAY SETTLEMENT UTR:UTR101128 ORD:order_001128,credit
bnk_001145,2026-08-22,16603.64,RAZORPAY SETTLEMENT UTR:UTR101153 ORD:order_001153,credit
bnk_001155,2026-08-22,22363.28,RAZORPAY SETTLEMENT UTR:UTR101163 ORD:order_001163,credit
bnk_001190,2026-08-22,15267.93,RAZORPAY SETTLEMENT UTR:UTR101198 ORD:order_001198,credit
bnk_001233,2026-08-22,8635.79,RAZORPAY SETTLEMENT UTR:UTR101241 ORD:order_001241,credit
bnk_001255,2026-08-22,2714.46,RAZORPAY SETTLEMENT UTR:UTR101263 ORD:order_001263,credit
bnk_001273,2026-08-22,8435.43,RAZORPAY SETTLEMENT UTR:UTR101281 ORD:order_001281,credit
bnk_001278,2026-08-22,7675.15,RAZORPAY SETTLEMENT UTR:UTR101286 ORD:order_001286,credit
bnk_001298,2026-08-22,2257.59,RAZORPAY SETTLEMENT UTR:UTR101306 ORD:order_001306,credit
bnk_001306,2026-08-22,4467.31,RAZORPAY SETTLEMENT UTR:UTR101314 ORD:order_001314,credit
bnk_001337,2026-08-22,9951.24,RAZORPAY SETTLEMENT UTR:UTR101346 ORD:order_001346,credit
bnk_001350,2026-08-22,20714.52,RAZORPAY SETTLEMENT UTR:UTR101359 ORD:order_001359,credit
bnk_001393,2026-08-22,16973.51,RAZORPAY SETTLEMENT UTR:UTR101402 ORD:order_001402,credit
bnk_001467,2026-08-22,6424.8,RAZORPAY SETTLEMENT UTR:UTR101476 ORD:order_001476,credit
bnk_001468,2026-08-22,14841.47,RAZORPAY SETTLEMENT UTR:UTR101477 ORD:order_001477,credit
bnk_001471,2026-08-22,5402.83,RAZORPAY SETTLEMENT UTR:UTR101480 ORD:order_001480,credit
bnk_001503,2026-08-22,11333.67,RAZORPAY SETTLEMENT UTR:UTR101512 ORD:order_001512,credit
bnk_001540,2026-08-22,19255.03,RAZORPAY SETTLEMENT UTR:UTR101549 ORD:order_001549,credit
bnk_001576,2026-08-22,20256.85,RAZORPAY SETTLEMENT UTR:UTR101586 ORD:order_001586,credit
bnk_001606,2026-08-22,15178.74,RAZORPAY SETTLEMENT UTR:UTR101616 ORD:order_001616,credit
bnk_001639,2026-08-22,1831.85,RAZORPAY SETTLEMENT UTR:UTR101649 ORD:order_001649,credit
bnk_001656,2026-08-22,17079.42,RAZORPAY SETTLEMENT UTR:UTR101666 ORD:order_001666,credit
bnk_001663,2026-08-22,1262.85,RAZORPAY SETTLEMENT UTR:UTR101673 ORD:order_001673,credit
bnk_001664,2026-08-22,8100.51,RAZORPAY SETTLEMENT UTR:UTR101674 ORD:order_001674,credit
bnk_001691,2026-08-22,8572.58,RAZORPAY SETTLEMENT UTR:UTR101701 ORD:order_001701,credit
bnk_001732,2026-08-22,19636.41,RAZORPAY SETTLEMENT UTR:UTR101742 ORD:order_001742,credit
bnk_001739,2026-08-22,4025.72,RAZORPAY SETTLEMENT UTR:UTR101749 ORD:order_001749,credit
bnk_001745,2026-08-22,19303.91,RAZORPAY SETTLEMENT UTR:UTR101755 ORD:order_001755,credit
bnk_001757,2026-08-22,10128.06,RAZORPAY SETTLEMENT UTR:UTR101767 ORD:order_001767,credit
bnk_001798,2026-08-22,15974.49,RAZORPAY SETTLEMENT UTR:UTR101809 ORD:order_001809,credit
bnk_001809,2026-08-22,13919.27,RAZORPAY SETTLEMENT UTR:UTR101820 ORD:order_001820,credit
bnk_001817,2026-08-22,22010.33,RAZORPAY SETTLEMENT UTR:UTR101828 ORD:order_001828,credit
bnk_001841,2026-08-22,14448.36,RAZORPAY SETTLEMENT UTR:UTR101852 ORD:order_001852,credit
bnk_001872,2026-08-22,17899.24,RAZORPAY SETTLEMENT UTR:UTR101883 ORD:order_001883,credit
bnk_001885,2026-08-22,18937.89,RAZORPAY SETTLEMENT UTR:UTR101896 ORD:order_001896,credit
bnk_001896,2026-08-22,6946.54,RAZORPAY SETTLEMENT UTR:UTR101907 ORD:order_001907,credit
bnk_001899,2026-08-22,12726.23,RAZORPAY SETTLEMENT UTR:UTR101910 ORD:order_001910,credit
bnk_001950,2026-08-22,12906.0,RAZORPAY SETTLEMENT UTR:UTR101961 ORD:order_001961,credit
bnk_001954,2026-08-22,21827.93,RAZORPAY SETTLEMENT UTR:UTR101965 ORD:order_001965,credit
bnk_001972,2026-08-22,19429.09,RAZORPAY SETTLEMENT UTR:UTR101983 ORD:order_001983,credit
bnk_001978,2026-08-22,8429.58,RAZORPAY SETTLEMENT UTR:UTR101989 ORD:order_001989,credit
bnk_001988,2026-08-22,3046.92,RAZORPAY SETTLEMENT UTR:UTR101999 ORD:order_001999,credit
bnk_000029,2026-08-23,17027.01,RAZORPAY SETTLEMENT UTR:UTR100032 ORD:order_000032,credit
bnk_000030,2026-08-23,2196.27,RAZORPAY NET STLMT AUG/DR RVSL REF UTR100001/CR REF UTR100033,credit
bnk_000034,2026-08-23,6945.84,RAZORPAY SETTLEMENT UTR:UTR100036 ORD:order_000036,credit
bnk_000059,2026-08-23,18450.55,RAZORPAY SETTLEMENT UTR:UTR100062 ORD:order_000062,credit
bnk_000085,2026-08-23,24293.97,RAZORPAY SETTLEMENT UTR:UTR100088 ORD:order_000088,credit
bnk_000091,2026-08-23,660.23,RAZORPAY SETTLEMENT UTR:UTR100094 ORD:order_000094,credit
bnk_000104,2026-08-23,16596.29,RAZORPAY SETTLEMENT UTR:UTR100107 ORD:order_000107,credit
bnk_000112,2026-08-23,2830.34,RAZORPAY SETTLEMENT UTR:UTR100115 ORD:order_000115,credit
bnk_000140,2026-08-23,3619.05,RAZORPAY SETTLEMENT UTR:UTR100143 ORD:order_000143,credit
bnk_000151,2026-08-23,15120.64,RAZORPAY SETTLEMENT UTR:UTR100154 ORD:order_000154,credit
bnk_000159,2026-08-23,5358.61,RAZORPAY SETTLEMENT UTR:UTR100162 ORD:order_000162,credit
bnk_000230,2026-08-23,11382.58,RAZORPAY SETTLEMENT UTR:UTR100234 ORD:order_000234,credit
bnk_000286,2026-08-23,19176.71,RAZORPAY SETTLEMENT UTR:UTR100290 ORD:order_000290,credit
bnk_000301,2026-08-23,2306.17,RAZORPAY SETTLEMENT UTR:UTR100305 ORD:order_000305,credit
bnk_000307,2026-08-23,2137.77,RAZORPAY SETTLEMENT UTR:UTR100311 ORD:order_000311,credit
bnk_000333,2026-08-23,17008.82,RAZORPAY SETTLEMENT UTR:UTR100337 ORD:order_000337,credit
bnk_000386,2026-08-23,22589.81,RAZORPAY SETTLEMENT UTR:UTR100390 ORD:order_000390,credit
bnk_000406,2026-08-23,11743.42,RAZORPAY SETTLEMENT UTR:UTR100410 ORD:order_000410,credit
bnk_000429,2026-08-23,3392.93,RAZORPAY SETTLEMENT UTR:UTR100433 ORD:order_000433,credit
bnk_000458,2026-08-23,9723.9,RAZORPAY SETTLEMENT UTR:UTR100463 ORD:order_000463,credit
bnk_000466,2026-08-23,10295.63,RAZORPAY SETTLEMENT UTR:UTR100471 ORD:order_000471,credit
bnk_000514,2026-08-23,15517.03,RAZORPAY SETTLEMENT UTR:UTR100519 ORD:order_000519,credit
bnk_000536,2026-08-23,14471.93,RAZORPAY SETTLEMENT UTR:UTR100541 ORD:order_000541,credit
bnk_000552,2026-08-23,21668.9,RAZORPAY SETTLEMENT UTR:UTR100557 ORD:order_000557,credit
bnk_000559,2026-08-23,13512.8,RAZORPAY SETTLEMENT UTR:UTR100564 ORD:order_000564,credit
bnk_000588,2026-08-23,7703.74,RAZORPAY SETTLEMENT UTR:UTR100593 ORD:order_000593,credit
bnk_000602,2026-08-23,20888.53,RAZORPAY SETTLEMENT UTR:UTR100607 ORD:order_000607,credit
bnk_000628,2026-08-23,15165.98,RAZORPAY SETTLEMENT UTR:UTR100633 ORD:order_000633,credit
bnk_000636,2026-08-23,2152.8,RAZORPAY SETTLEMENT UTR:UTR100641 ORD:order_000641,credit
bnk_000677,2026-08-23,2315.32,RAZORPAY SETTLEMENT UTR:UTR100683 ORD:order_000683,credit
bnk_000680,2026-08-23,8887.13,RAZORPAY SETTLEMENT UTR:UTR100686 ORD:order_000686,credit
bnk_000684,2026-08-23,4145.12,RAZORPAY SETTLEMENT UTR:UTR100690 ORD:order_000690,credit
bnk_000685,2026-08-23,2290.79,RAZORPAY SETTLEMENT UTR:UTR100691 ORD:order_000691,credit
bnk_000690,2026-08-23,8219.92,RAZORPAY SETTLEMENT UTR:UTR100696 ORD:order_000696,credit
bnk_000715,2026-08-23,19367.93,RAZORPAY SETTLEMENT UTR:UTR100721 ORD:order_000721,credit
bnk_000771,2026-08-23,22755.23,RAZORPAY SETTLEMENT UTR:UTR100777 ORD:order_000777,credit
bnk_000784,2026-08-23,6192.1,RAZORPAY SETTLEMENT UTR:UTR100790 ORD:order_000790,credit
bnk_000802,2026-08-23,8736.5,RAZORPAY SETTLEMENT UTR:UTR100808 ORD:order_000808,credit
bnk_000806,2026-08-23,13549.83,RAZORPAY SETTLEMENT UTR:UTR100812 ORD:order_000812,credit
bnk_000838,2026-08-23,2283.32,RAZORPAY SETTLEMENT UTR:UTR100844 ORD:order_000844,credit
bnk_000844,2026-08-23,6133.63,RAZORPAY SETTLEMENT UTR:UTR100850 ORD:order_000850,credit
bnk_000867,2026-08-23,17515.95,RAZORPAY SETTLEMENT UTR:UTR100873 ORD:order_000873,credit
bnk_000891,2026-08-23,6483.13,RAZORPAY SETTLEMENT UTR:UTR100898 ORD:order_000898,credit
bnk_000901,2026-08-23,2431.2,RAZORPAY SETTLEMENT UTR:UTR100908 ORD:order_000908,credit
bnk_000904,2026-08-23,10453.71,RAZORPAY SETTLEMENT UTR:UTR100911 ORD:order_000911,credit
bnk_000905,2026-08-23,1212.69,RAZORPAY SETTLEMENT UTR:UTR100912 ORD:order_000912,credit
bnk_000906,2026-08-23,13539.4,RAZORPAY SETTLEMENT UTR:UTR100913 ORD:order_000913,credit
bnk_000935,2026-08-23,12326.96,RAZORPAY SETTLEMENT UTR:UTR100942 ORD:order_000942,credit
bnk_000966,2026-08-23,7848.41,RAZORPAY SETTLEMENT UTR:UTR100973 ORD:order_000973,credit
bnk_000968,2026-08-23,6840.17,RAZORPAY SETTLEMENT UTR:UTR100975 ORD:order_000975,credit
bnk_000987,2026-08-23,13556.04,RAZORPAY SETTLEMENT UTR:UTR100994 ORD:order_000994,credit
bnk_001020,2026-08-23,8171.11,RAZORPAY SETTLEMENT UTR:UTR101027 ORD:order_001027,credit
bnk_001033,2026-08-23,7295.42,RAZORPAY SETTLEMENT UTR:UTR101040 ORD:order_001040,credit
bnk_001043,2026-08-23,4686.36,RAZORPAY SETTLEMENT UTR:UTR101050 ORD:order_001050,credit
bnk_001053,2026-08-23,761.77,RAZORPAY SETTLEMENT UTR:UTR101060 ORD:order_001060,credit
bnk_001059,2026-08-23,17001.19,RAZORPAY SETTLEMENT UTR:UTR101066 ORD:order_001066,credit
bnk_001095,2026-08-23,18808.17,RAZORPAY SETTLEMENT UTR:UTR101102 ORD:order_001102,credit
bnk_001129,2026-08-23,23747.13,RAZORPAY SETTLEMENT UTR:UTR101137 ORD:order_001137,credit
bnk_001140,2026-08-23,5352.37,RAZORPAY SETTLEMENT UTR:UTR101148 ORD:order_001148,credit
bnk_001174,2026-08-23,12432.39,RAZORPAY SETTLEMENT UTR:UTR101182 ORD:order_001182,credit
bnk_001177,2026-08-23,23608.81,RAZORPAY SETTLEMENT UTR:UTR101185 ORD:order_001185,credit
bnk_001186,2026-08-23,3777.24,RAZORPAY SETTLEMENT UTR:UTR101194 ORD:order_001194,credit
bnk_001207,2026-08-23,16126.74,RAZORPAY SETTLEMENT UTR:UTR101215 ORD:order_001215,credit
bnk_001245,2026-08-23,9578.48,RAZORPAY SETTLEMENT UTR:UTR101253 ORD:order_001253,credit
bnk_001276,2026-08-23,19995.85,RAZORPAY SETTLEMENT UTR:UTR101284 ORD:order_001284,credit
bnk_001282,2026-08-23,7460.16,RAZORPAY SETTLEMENT UTR:UTR101290 ORD:order_001290,credit
bnk_001307,2026-08-23,1547.85,RAZORPAY SETTLEMENT UTR:UTR101315 ORD:order_001315,credit
bnk_001328,2026-08-23,20802.11,NEFT-RZPY-101337/settlemnt,credit
bnk_001346,2026-08-23,13112.1,RAZORPAY SETTLEMENT UTR:UTR101355 ORD:order_001355,credit
bnk_001361,2026-08-23,17076.37,RAZORPAY SETTLEMENT UTR:UTR101370 ORD:order_001370,credit
bnk_001385,2026-08-23,2938.19,RAZORPAY SETTLEMENT UTR:UTR101394 ORD:order_001394,credit
bnk_001410,2026-08-23,15616.39,RAZORPAY SETTLEMENT UTR:UTR101419 ORD:order_001419,credit
bnk_001427,2026-08-23,1587.24,RAZORPAY SETTLEMENT UTR:UTR101436 ORD:order_001436,credit
bnk_001437,2026-08-23,16384.45,RAZORPAY SETTLEMENT UTR:UTR101446 ORD:order_001446,credit
bnk_001455,2026-08-23,690.93,RAZORPAY SETTLEMENT UTR:UTR101464 ORD:order_001464,credit
bnk_001457,2026-08-23,17770.07,RAZORPAY SETTLEMENT UTR:UTR101466 ORD:order_001466,credit
bnk_001476,2026-08-23,6255.31,RAZORPAY SETTLEMENT UTR:UTR101485 ORD:order_001485,credit
bnk_001488,2026-08-23,12607.24,RAZORPAY SETTLEMENT UTR:UTR101497 ORD:order_001497,credit
bnk_001497,2026-08-23,14516.84,RAZORPAY SETTLEMENT UTR:UTR101506 ORD:order_001506,credit
bnk_001527,2026-08-23,13713.73,RAZORPAY SETTLEMENT UTR:UTR101536 ORD:order_001536,credit
bnk_001548,2026-08-23,523.17,RAZORPAY SETTLEMENT UTR:UTR101558 ORD:order_001558,credit
bnk_001590,2026-08-23,9392.84,RAZORPAY SETTLEMENT UTR:UTR101600 ORD:order_001600,credit
bnk_001595,2026-08-23,5218.74,RAZORPAY SETTLEMENT UTR:UTR101605 ORD:order_001605,credit
bnk_001611,2026-08-23,10517.04,RAZORPAY SETTLEMENT UTR:UTR101621 ORD:order_001621,credit
bnk_001670,2026-08-23,20143.83,RAZORPAY SETTLEMENT UTR:UTR101680 ORD:order_001680,credit
bnk_001693,2026-08-23,10806.23,RAZORPAY SETTLEMENT UTR:UTR101703 ORD:order_001703,credit
bnk_001705,2026-08-23,7534.35,RAZORPAY SETTLEMENT UTR:UTR101715 ORD:order_001715,credit
bnk_001738,2026-08-23,5318.47,RAZORPAY SETTLEMENT UTR:UTR101748 ORD:order_001748,credit
bnk_001782,2026-08-23,12571.74,RAZORPAY SETTLEMENT UTR:UTR101793 ORD:order_001793,credit
bnk_001793,2026-08-23,20991.84,RAZORPAY SETTLEMENT UTR:UTR101804 ORD:order_001804,credit
bnk_001801,2026-08-23,17538.24,RAZORPAY SETTLEMENT UTR:UTR101812 ORD:order_001812,credit
bnk_001814,2026-08-23,6735.31,RAZORPAY SETTLEMENT UTR:UTR101825 ORD:order_001825,credit
bnk_001826,2026-08-23,16906.16,RAZORPAY SETTLEMENT UTR:UTR101837 ORD:order_001837,credit
bnk_001840,2026-08-23,11744.29,RAZORPAY SETTLEMENT UTR:UTR101851 ORD:order_001851,credit
bnk_001882,2026-08-23,3434.46,RAZORPAY SETTLEMENT UTR:UTR101893 ORD:order_001893,credit
bnk_001887,2026-08-23,16323.7,RAZORPAY SETTLEMENT UTR:UTR101898 ORD:order_001898,credit
bnk_001893,2026-08-23,17118.44,RAZORPAY SETTLEMENT UTR:UTR101904 ORD:order_001904,credit
bnk_001915,2026-08-23,22132.15,RAZORPAY SETTLEMENT UTR:UTR101926 ORD:order_001926,credit
bnk_001933,2026-08-23,19623.23,RAZORPAY SETTLEMENT UTR:UTR101944 ORD:order_001944,credit
bnk_001952,2026-08-23,12016.82,RAZORPAY SETTLEMENT UTR:UTR101963 ORD:order_001963,credit
bnk_001955,2026-08-23,1793.52,RAZORPAY SETTLEMENT UTR:UTR101966 ORD:order_001966,credit
bnk_001968,2026-08-23,23947.6,RAZORPAY SETTLEMENT UTR:UTR101979 ORD:order_001979,credit
bnk_001974,2026-08-23,13940.21,RAZORPAY SETTLEMENT UTR:UTR101985 ORD:order_001985,credit
bnk_000443,2026-08-24,7096.54,RAZORPAY SETTLEMENT UTR:UTR100448 ORD:order_000448,credit
bnk_001769,2026-08-25,2624.11,RAZORPAY SETTLEMENT UTR:UTR101780 ORD:order_001780,credit
bnk_000664,2026-08-29,21111.43,RAZORPAY SETTLEMENT UTR:UTR100670 ORD:order_000670,credit
bnk_000222,2026-08-31,7276.88,RAZORPAY SETTLEMENT UTR:UTR100226 ORD:order_000226,credit
