ledger_id,order_id,customer,amount,date,status
led_000001,order_000001,cust_0001,16165.96,2026-08-01,paid
led_000002,order_000002,cust_0002,18667.99,2026-08-08,paid
led_000003,order_000003,cust_0003,5968.66,2026-08-04,paid
led_000004,order_000004,cust_0004,22358.4,2026-08-03,paid
led_000005,order_000005,cust_0005,14967.07,2026-08-02,paid
led_000006,order_000006,cust_0006,1230.03,2026-08-07,paid
led_000007,order_000007,cust_0007,6200.19,2026-08-20,paid
led_000008,order_000008,cust_0008,1150.13,2026-08-07,paid
led_000009,order_000009,cust_0009,18042.48,2026-08-18,paid
led_000010,order_000010,cust_0010,10778.24,2026-08-15,paid
led_000011,order_000011,cust_0011,11202.76,2026-08-01,partially_refunded
led_000012,order_000012,cust_0012,19090.78,2026-08-06,paid
led_000013,order_000013,cust_0013,17604.42,2026-08-11,paid
led_000014,order_000014,cust_0014,7307.85,2026-08-07,paid
led_000015,order_000015,cust_0015,23951.72,2026-08-11,paid
led_000016,order_000016,cust_0016,3004.15,2026-08-13,paid
led_000017,order_000017,cust_0017,2869.55,2026-08-12,paid
led_000018,order_000018,cust_0018,15291.29,2026-08-02,paid
led_000019,order_000019,cust_0019,18378.43,2026-08-18,paid
led_000020,order_000020,cust_0020,4308.24,2026-08-13,paid
led_000021,order_000021,cust_0021,2430.6,2026-08-10,paid
led_000022,order_000022,cust_0022,20820.41,2026-08-20,paid
led_000023,order_000023,cust_0023,22193.57,2026-08-12,paid
led_000024,order_000024,cust_0024,14645.13,2026-08-03,paid
led_000025,order_000025,cust_0025,1622.7,2026-08-08,paid
led_000026,order_000026,cust_0026,19440.17,2026-08-03,paid
led_000027,order_000027,cust_0027,21455.28,2026-08-04,paid
led_000028,order_000028,cust_0028,9813.09,2026-08-15,paid
led_000029,order_000029,cust_0029,16074.27,2026-08-12,paid
led_000030,order_000030,cust_0030,4485.03,2026-08-12,paid
led_000031,order_000031,cust_0031,5632.92,2026-08-09,paid
led_000032,order_000032,cust_0032,17694.6,2026-08-21,paid
led_000033,order_000033,cust_0033,2249.36,2026-08-21,paid
led_000034,order_000034,cust_0034,4692.9,2026-08-08,paid
led_000035,order_000035,cust_0035,3377.52,2026-08-13,partially_refunded
led_000036,order_000036,cust_0036,7113.72,2026-08-21,paid
led_000037,order_000037,cust_0037,17359.97,2026-08-08,paid
led_000038,order_000038,cust_0038,17273.05,2026-08-02,paid
led_000039,order_000039,cust_0039,6111.68,2026-08-02,paid
led_000040,order_000040,cust_0040,20223.62,2026-08-13,paid
led_000041,order_000041,cust_0041,7059.65,2026-08-07,paid
led_000042,order_000042,cust_0042,22871.84,2026-08-19,paid
led_000043,order_000043,cust_0043,21971.01,2026-08-11,paid
led_000044,order_000044,cust_0044,5709.35,2026-08-16,paid
led_000045,order_000045,cust_0045,10192.98,2026-08-21,paid
led_000046,order_000046,cust_0046,11741.87,2026-08-09,paid
led_000047,order_000047,cust_0047,3920.94,2026-08-18,paid
led_000048,order_000048,cust_0048,13704.94,2026-08-19,paid
led_000049,order_000049,cust_0049,10996.63,2026-08-19,paid
led_000050,order_000050,cust_0050,10285.31,2026-08-08,paid
led_000051,order_000051,cust_0051,24934.48,2026-08-05,paid
led_000052,order_000052,cust_0052,12983.39,2026-08-03,paid
led_000053,order_000053,cust_0053,19016.66,2026-08-04,paid
led_000054,order_000054,cust_0054,4244.61,2026-08-06,paid
led_000055,order_000055,cust_0055,19905.94,2026-08-14,paid
led_000056,order_000056,cust_0056,15112.02,2026-08-13,paid
led_000057,order_000057,cust_0057,9849.67,2026-08-15,paid
led_000058,order_000058,cust_0058,13463.3,2026-08-18,paid
led_000059,order_000059,cust_0059,21589.1,2026-08-01,paid
led_000060,order_000060,cust_0060,17166.94,2026-08-04,paid
led_000061,order_000061,cust_0061,17201.9,2026-08-18,paid
led_000062,order_000062,cust_0062,18896.51,2026-08-21,paid
led_000063,order_000063,cust_0063,8834.3,2026-08-10,paid
led_000064,order_000064,cust_0064,11151.75,2026-08-15,paid
led_000065,order_000065,cust_0065,579.51,2026-08-09,paid
led_000066,order_000066,cust_0066,24311.26,2026-08-06,paid
led_000067,order_000067,cust_0067,12938.2,2026-08-04,paid
led_000068,order_000068,cust_0068,21827.7,2026-08-10,paid
led_000069,order_000069,cust_0069,21120.9,2026-08-17,paid
led_000070,order_000070,cust_0070,15419.77,2026-08-05,paid
led_000071,order_000071,cust_0071,9660.89,2026-08-06,paid
led_000072,order_000072,cust_0072,13714.79,2026-08-17,paid
led_000073,order_000073,cust_0073,23003.09,2026-08-20,paid
led_000074,order_000074,cust_0074,8441.82,2026-08-01,paid
led_000075,order_000075,cust_0075,3240.76,2026-08-12,paid
led_000076,order_000076,cust_0076,22028.69,2026-08-10,paid
led_000077,order_000077,cust_0077,6366.58,2026-08-08,paid
led_000078,order_000078,cust_0078,22011.24,2026-08-03,paid
led_000079,order_000079,cust_0079,2598.51,2026-08-16,paid
led_000080,order_000080,cust_0080,20492.57,2026-08-18,paid
led_000081,order_000081,cust_0081,19262.94,2026-08-05,paid
led_000082,order_000082,cust_0082,16663.9,2026-08-18,paid
led_000083,order_000083,cust_0083,4545.61,2026-08-17,paid
led_000084,order_000084,cust_0084,21874.61,2026-08-14,paid
led_000085,order_000085,cust_0085,24126.89,2026-08-18,paid
led_000086,order_000086,cust_0086,19004.0,2026-08-07,paid
led_000087,order_000087,cust_0087,17967.25,2026-08-13,paid
led_000088,order_000088,cust_0088,24881.16,2026-08-21,paid
led_000089,order_000089,cust_0089,9648.8,2026-08-17,paid
led_000090,order_000090,cust_0090,11561.41,2026-08-08,paid
led_000091,order_000091,cust_0091,6005.08,2026-08-11,paid
led_000092,order_000092,cust_0092,1015.34,2026-08-18,paid
led_000093,order_000093,cust_0093,6137.81,2026-08-08,paid
led_000094,order_000094,cust_0094,676.18,2026-08-21,paid
led_000095,order_000095,cust_0095,1942.41,2026-08-03,paid
led_000096,order_000096,cust_0096,22682.79,2026-08-11,paid
led_000097,order_000097,cust_0097,2236.01,2026-08-08,paid
led_000098,order_000098,cust_0098,7322.69,2026-08-16,paid
led_000099,order_000099,cust_0099,5748.8,2026-08-05,paid
led_000100,order_000100,cust_0100,18222.14,2026-08-19,paid
led_000101,order_000101,cust_0101,14617.19,2026-08-08,paid
led_000102,order_000102,cust_0102,19723.18,2026-08-14,paid
led_000103,order_000103,cust_0103,5165.04,2026-08-04,paid
led_000104,order_000104,cust_0104,16645.08,2026-08-12,paid
led_000105,order_000105,cust_0105,10877.68,2026-08-15,paid
led_000106,order_000106,cust_0106,21664.0,2026-08-02,paid
led_000107,order_000107,cust_0107,16997.43,2026-08-21,paid
led_000108,order_000108,cust_0108,2911.24,2026-08-13,paid
led_000109,order_000109,cust_0109,18341.23,2026-08-04,paid
led_000110,order_000110,cust_0110,6592.08,2026-08-07,paid
led_000111,order_000111,cust_0111,13639.0,2026-08-05,paid
led_000112,order_000112,cust_0112,10836.1,2026-08-09,paid
led_000113,order_000113,cust_0113,11834.39,2026-08-03,paid
led_000114,order_000114,cust_0114,11356.7,2026-08-18,paid
led_000115,order_000115,cust_0115,2898.76,2026-08-21,paid
led_000116,order_000116,cust_0116,24982.42,2026-08-01,paid
led_000117,order_000117,cust_0117,24240.41,2026-08-08,paid
led_000118,order_000118,cust_0118,4574.62,2026-08-16,paid
led_000119,order_000119,cust_0119,12293.28,2026-08-13,paid
led_000120,order_000120,cust_0120,22609.85,2026-08-06,paid
led_000121,order_000121,cust_0121,9784.84,2026-08-13,paid
led_000122,order_000122,cust_0122,6997.47,2026-08-15,paid
led_000123,order_000123,cust_0123,7488.61,2026-08-18,paid
led_000124,order_000124,cust_0124,16715.85,2026-08-16,paid
led_000125,order_000125,cust_0125,4292.52,2026-08-10,paid
led_000126,order_000126,cust_0126,5833.67,2026-08-02,paid
led_000127,order_000127,cust_0127,14689.92,2026-08-18,paid
led_000128,order_000128,cust_0128,1993.46,2026-08-11,paid
led_000129,order_000129,cust_0129,1900.55,2026-08-19,paid
led_000130,order_000130,cust_0130,12181.32,2026-08-17,paid
led_000131,order_000131,cust_0131,4357.1,2026-08-17,paid
led_000132,order_000132,cust_0132,2462.73,2026-08-06,paid
led_000133,order_000133,cust_0133,2178.77,2026-08-03,paid
led_000134,order_000134,cust_0134,17042.71,2026-08-08,paid
led_000135,order_000135,cust_0135,10392.5,2026-08-19,paid
led_000136,order_000136,cust_0136,6532.28,2026-08-20,paid
led_000137,order_000137,cust_0137,1473.67,2026-08-03,paid
led_000138,order_000138,cust_0138,10771.01,2026-08-19,paid
led_000139,order_000139,cust_0139,14348.06,2026-08-11,paid
led_000140,order_000140,cust_0140,23400.3,2026-08-07,paid
led_000141,order_000141,cust_0141,16908.29,2026-08-11,paid
led_000142,order_000142,cust_0142,6347.81,2026-08-13,paid
led_000143,order_000143,cust_0143,3706.52,2026-08-21,paid
led_000144,order_000144,cust_0144,7849.93,2026-08-11,paid
led_000145,order_000145,cust_0145,23260.95,2026-08-03,paid
led_000146,order_000146,cust_0146,728.23,2026-08-20,paid
led_000147,order_000147,cust_0147,24962.13,2026-08-04,paid
led_000148,order_000148,cust_0148,2294.89,2026-08-07,paid
led_000149,order_000149,cust_0149,12894.18,2026-08-05,paid
led_000150,order_000150,cust_0150,23364.85,2026-08-03,paid
led_000151,order_000151,cust_0151,22042.12,2026-08-12,paid
led_000152,order_000152,cust_0152,7482.19,2026-08-15,paid
led_000153,order_000153,cust_0153,20926.75,2026-08-10,paid
led_000154,order_000154,cust_0154,15486.11,2026-08-21,paid
led_000155,order_000155,cust_0155,13459.05,2026-08-18,paid
led_000156,order_000156,cust_0156,7834.78,2026-08-04,paid
led_000157,order_000157,cust_0157,23503.79,2026-08-05,paid
led_000158,order_000158,cust_0158,6979.42,2026-08-04,paid
led_000159,order_000159,cust_0159,18689.21,2026-08-05,paid
led_000160,order_000160,cust_0160,7172.53,2026-08-20,paid
led_000161,order_000161,cust_0161,5660.43,2026-08-11,paid
led_000162,order_000162,cust_0162,5488.13,2026-08-21,paid
led_000163,order_000163,cust_0163,21396.36,2026-08-17,paid
led_000164,order_000164,cust_0164,12469.03,2026-08-02,paid
led_000165,order_000165,cust_0165,2761.31,2026-08-14,paid
led_000166,order_000166,cust_0166,20819.03,2026-08-02,paid
led_000167,order_000167,cust_0167,586.87,2026-08-05,paid
led_000168,order_000168,cust_0168,16109.28,2026-08-09,paid
led_000169,order_000169,cust_0169,4458.76,2026-08-15,paid
led_000170,order_000170,cust_0170,14016.17,2026-08-14,paid
led_000171,order_000171,cust_0171,14242.22,2026-08-04,paid
led_000172,order_000172,cust_0172,2343.47,2026-08-05,paid
led_000173,order_000173,cust_0173,13866.96,2026-08-12,paid
led_000174,order_000174,cust_0174,14771.48,2026-08-05,paid
led_000175,order_000175,cust_0175,11029.77,2026-08-02,paid
led_000176,order_000176,cust_0176,8052.33,2026-08-02,paid
led_000177,order_000177,cust_0177,22523.65,2026-08-07,paid
led_000178,order_000178,cust_0178,17210.63,2026-08-04,paid
led_000179,order_000179,cust_0179,9165.13,2026-08-18,paid
led_000180,order_000180,cust_0180,22161.3,2026-08-14,paid
led_000181,order_000181,cust_0181,24359.01,2026-08-05,paid
led_000182,order_000182,cust_0182,23181.21,2026-08-08,paid
led_000183,order_000183,cust_0183,21682.84,2026-08-06,paid
led_000184,order_000184,cust_0184,22094.7,2026-08-01,paid
led_000185,order_000185,cust_0185,4894.34,2026-08-11,paid
led_000186,order_000186,cust_0186,19668.47,2026-08-14,paid
led_000187,order_000187,cust_0187,20154.76,2026-08-08,paid
led_000188,order_000188,cust_0188,7036.74,2026-08-04,paid
led_000189,order_000189,cust_0189,9872.27,2026-08-02,paid
led_000190,order_000190,cust_0190,21535.53,2026-08-08,paid
led_000191,order_000191,cust_0191,5389.53,2026-08-15,paid
led_000192,order_000192,cust_0192,9066.63,2026-08-08,paid
led_000193,order_000193,cust_0193,5961.63,2026-08-07,paid
led_000194,order_000194,cust_0194,10262.42,2026-08-09,paid
led_000195,order_000195,cust_0195,21676.65,2026-08-09,paid
led_000196,order_000196,cust_0196,9103.08,2026-08-17,paid
led_000197,order_000197,cust_0197,10292.12,2026-08-18,paid
led_000198,order_000198,cust_0198,8613.17,2026-08-01,paid
led_000199,order_000199,cust_0199,3325.87,2026-08-09,paid
led_000200,order_000200,cust_0200,4874.91,2026-08-09,paid
led_000201,order_000201,cust_0201,1437.3,2026-08-20,paid
led_000202,order_000202,cust_0202,11146.81,2026-08-11,paid
led_000203,order_000203,cust_0203,11191.65,2026-08-17,paid
led_000204,order_000204,cust_0204,3333.32,2026-08-19,paid
led_000205,order_000205,cust_0205,5156.93,2026-08-02,paid
led_000206,order_000206,cust_0206,17865.24,2026-08-01,paid
led_000207,order_000207,cust_0207,13238.05,2026-08-18,paid
led_000208,order_000208,cust_0208,17328.0,2026-08-07,paid
led_000209,order_000209,cust_0209,9423.43,2026-08-03,paid
led_000210,order_000210,cust_0210,23747.42,2026-08-11,paid
led_000211,order_000211,cust_0211,15767.31,2026-08-04,paid
led_000212,order_000212,cust_0212,18133.98,2026-08-10,paid
led_000213,order_000213,cust_0213,12924.5,2026-08-14,paid
led_000214,order_000214,cust_0214,8491.48,2026-08-10,paid
led_000215,order_000215,cust_0215,14083.11,2026-08-07,paid
led_000216,order_000216,cust_0216,10800.94,2026-08-13,paid
led_000217,order_000217,cust_0217,17094.29,2026-08-06,paid
led_000218,order_000218,cust_0218,15580.12,2026-08-10,paid
led_000219,order_000219,cust_0219,10448.84,2026-08-01,paid
led_000220,order_000220,cust_0220,7944.94,2026-08-07,paid
led_000221,order_000221,cust_0221,11032.26,2026-08-19,paid
led_000222,order_000222,cust_0222,15363.21,2026-08-11,paid
led_000223,order_000223,cust_0223,11892.21,2026-08-15,paid
led_000224,order_000224,cust_0224,17052.87,2026-08-17,paid
led_000225,order_000225,cust_0225,12093.06,2026-08-06,paid
led_000226,order_000226,cust_0226,7452.77,2026-08-21,paid
led_000227,order_000227,cust_0227,15671.89,2026-08-03,paid
led_000228,order_000228,cust_0228,20551.37,2026-08-08,paid
led_000229,order_000229,cust_0229,16983.49,2026-08-08,paid
led_000230,order_000230,cust_0230,20260.79,2026-08-05,paid
led_000231,order_000231,cust_0231,1098.42,2026-08-08,paid
led_000232,order_000232,cust_0232,24606.43,2026-08-20,paid
led_000233,order_000233,cust_0233,21318.57,2026-08-03,paid
led_000234,order_000234,cust_0234,11657.7,2026-08-21,paid
led_000235,order_000235,cust_0235,14603.94,2026-08-13,paid
led_000236,order_000236,cust_0236,12612.24,2026-08-08,paid
led_000237,order_000237,cust_0237,4115.5,2026-08-01,paid
led_000238,order_000238,cust_0238,22370.17,2026-08-04,paid
led_000239,order_000239,cust_0239,19571.3,2026-08-08,paid
led_000240,order_000240,cust_0240,4809.22,2026-08-17,paid
led_000241,order_000241,cust_0241,11881.47,2026-08-18,paid
led_000242,order_000242,cust_0242,6605.36,2026-08-04,paid
led_000243,order_000243,cust_0243,11683.31,2026-08-15,paid
led_000244,order_000244,cust_0244,16855.65,2026-08-18,paid
led_000245,order_000245,cust_0245,15088.58,2026-08-15,paid
led_000246,order_000246,cust_0246,15509.98,2026-08-17,paid
led_000247,order_000247,cust_0247,10955.15,2026-08-18,paid
led_000248,order_000248,cust_0248,11424.88,2026-08-06,paid
led_000249,order_000249,cust_0249,18719.56,2026-08-16,paid
led_000250,order_000250,cust_0250,11526.71,2026-08-08,paid
led_000251,order_000251,cust_0251,21076.64,2026-08-09,paid
led_000252,order_000252,cust_0252,19262.44,2026-08-17,paid
led_000253,order_000253,cust_0253,12372.63,2026-08-08,paid
led_000254,order_000254,cust_0254,7227.64,2026-08-03,paid
led_000255,order_000255,cust_0255,17981.85,2026-08-08,paid
led_000256,order_000256,cust_0256,7157.02,2026-08-11,paid
led_000257,order_000257,cust_0257,22379.16,2026-08-03,paid
led_000258,order_000258,cust_0258,3890.16,2026-08-08,paid
led_000259,order_000259,cust_0259,9884.36,2026-08-05,paid
led_000260,order_000260,cust_0260,17807.27,2026-08-03,paid
led_000261,order_000261,cust_0261,10664.26,2026-08-11,paid
led_000262,order_000262,cust_0262,13793.97,2026-08-14,paid
led_000263,order_000263,cust_0263,2025.51,2026-08-14,paid
led_000264,order_000264,cust_0264,10042.18,2026-08-19,paid
led_000265,order_000265,cust_0265,23678.52,2026-08-01,paid
led_000266,order_000266,cust_0266,21489.93,2026-08-19,paid
led_000267,order_000267,cust_0267,9819.34,2026-08-01,paid
led_000268,order_000268,cust_0268,23597.17,2026-08-10,paid
led_000269,order_000269,cust_0269,18960.14,2026-08-14,paid
led_000270,order_000270,cust_0270,13686.4,2026-08-18,paid
led_000271,order_000271,cust_0271,20096.77,2026-08-08,paid
led_000272,order_000272,cust_0272,12461.62,2026-08-09,paid
led_000273,order_000273,cust_0273,11177.98,2026-08-01,paid
led_000274,order_000274,cust_0274,10027.0,2026-08-13,paid
led_000275,order_000275,cust_0275,18242.44,2026-08-15,paid
led_000276,order_000276,cust_0276,23028.77,2026-08-20,paid
led_000277,order_000277,cust_0277,13586.03,2026-08-13,paid
led_000278,order_000278,cust_0278,15001.37,2026-08-01,paid
led_000279,order_000279,cust_0279,2556.71,2026-08-14,paid
led_000280,order_000280,cust_0280,3824.64,2026-08-15,paid
led_000281,order_000281,cust_0281,4952.36,2026-08-09,paid
led_000282,order_000282,cust_0282,9788.04,2026-08-07,paid
led_000283,order_000283,cust_0283,11640.13,2026-08-11,paid
led_000284,order_000284,cust_0284,19150.13,2026-08-13,paid
led_000285,order_000285,cust_0285,7317.29,2026-08-14,paid
led_000286,order_000286,cust_0286,6680.65,2026-08-03,paid
led_000287,order_000287,cust_0287,12022.52,2026-08-18,paid
led_000288,order_000288,cust_0288,1776.1,2026-08-12,paid
led_000289,order_000289,cust_0289,5993.44,2026-08-03,paid
led_000290,order_000290,cust_0290,19640.21,2026-08-21,paid
led_000291,order_000291,cust_0291,1486.32,2026-08-01,paid
led_000292,order_000292,cust_0292,23765.49,2026-08-07,paid
led_000293,order_000293,cust_0293,21061.11,2026-08-20,paid
led_000294,order_000294,cust_0294,4233.37,2026-08-05,paid
led_000295,order_000295,cust_0295,12102.25,2026-08-04,paid
led_000296,order_000296,cust_0296,14317.25,2026-08-07,paid
led_000297,order_000297,cust_0297,11893.33,2026-08-09,paid
led_000298,order_000298,cust_0298,19289.0,2026-08-06,paid
led_000299,order_000299,cust_0299,15344.37,2026-08-04,paid
led_000300,order_000300,cust_0300,19555.9,2026-08-06,paid
led_000301,order_000301,cust_0301,24135.66,2026-08-04,paid
led_000302,order_000302,cust_0302,14677.78,2026-08-10,paid
led_000303,order_000303,cust_0303,14607.02,2026-08-13,paid
led_000304,order_000304,cust_0304,10218.03,2026-08-07,paid
led_000305,order_000305,cust_0305,2361.91,2026-08-21,paid
led_000306,order_000306,cust_0306,6449.81,2026-08-10,paid
led_000307,order_000307,cust_0307,21332.18,2026-08-20,paid
led_000308,order_000308,cust_0308,20235.44,2026-08-19,paid
led_000309,order_000309,cust_0309,19674.57,2026-08-12,paid
led_000310,order_000310,cust_0310,13552.26,2026-08-12,paid
led_000311,order_000311,cust_0311,2189.44,2026-08-21,paid
led_000312,order_000312,cust_0312,8860.16,2026-08-14,paid
led_000313,order_000313,cust_0313,20647.11,2026-08-04,paid
led_000314,order_000314,cust_0314,11121.32,2026-08-12,paid
led_000315,order_000315,cust_0315,16071.84,2026-08-15,paid
led_000316,order_000316,cust_0316,17829.06,2026-08-14,paid
led_000317,order_000317,cust_0317,4815.36,2026-08-17,paid
led_000318,order_000318,cust_0318,24154.11,2026-08-09,paid
led_000319,order_000319,cust_0319,15589.85,2026-08-18,paid
led_000320,order_000320,cust_0320,19478.72,2026-08-15,paid
led_000321,order_000321,cust_0321,11171.58,2026-08-19,paid
led_000322,order_000322,cust_0322,7075.69,2026-08-08,paid
led_000323,order_000323,cust_0323,20852.91,2026-08-03,paid
led_000324,order_000324,cust_0324,7333.74,2026-08-15,paid
led_000325,order_000325,cust_0325,6474.65,2026-08-15,paid
led_000326,order_000326,cust_0326,14461.32,2026-08-13,paid
led_000327,order_000327,cust_0327,8741.72,2026-08-16,paid
led_000328,order_000328,cust_0328,21348.34,2026-08-06,paid
led_000329,order_000329,cust_0329,12444.97,2026-08-12,paid
led_000330,order_000330,cust_0330,20046.89,2026-08-11,paid
led_000331,order_000331,cust_0331,7351.63,2026-08-20,paid
led_000332,order_000332,cust_0332,17679.0,2026-08-09,paid
led_000333,order_000333,cust_0333,14116.88,2026-08-17,paid
led_000334,order_000334,cust_0334,23727.53,2026-08-03,paid
led_000335,order_000335,cust_0335,6413.22,2026-08-14,paid
led_000336,order_000336,cust_0336,12470.16,2026-08-08,paid
led_000337,order_000337,cust_0337,17419.93,2026-08-21,paid
led_000338,order_000338,cust_0338,17940.14,2026-08-15,paid
led_000339,order_000339,cust_0339,19926.86,2026-08-03,paid
led_000340,order_000340,cust_0340,7708.77,2026-08-13,paid
led_000341,order_000341,cust_0341,17448.79,2026-08-10,paid
led_000342,order_000342,cust_0342,16767.02,2026-08-12,paid
led_000343,order_000343,cust_0343,12094.88,2026-08-17,paid
led_000344,order_000344,cust_0344,8922.06,2026-08-18,paid
led_000345,order_000345,cust_0345,8604.39,2026-08-15,paid
led_000346,order_000346,cust_0346,7137.45,2026-08-09,paid
led_000347,order_000347,cust_0347,6148.18,2026-08-07,paid
led_000348,order_000348,cust_0348,8230.92,2026-08-18,paid
led_000349,order_000349,cust_0349,23796.5,2026-08-06,paid
led_000350,order_000350,cust_0350,5192.75,2026-08-16,paid
led_000351,order_000351,cust_0351,7274.24,2026-08-19,paid
led_000352,order_000352,cust_0352,24426.87,2026-08-17,paid
led_000353,order_000353,cust_0353,15121.37,2026-08-04,paid
led_000354,order_000354,cust_0354,20899.39,2026-08-10,paid
led_000355,order_000355,cust_0355,6073.34,2026-08-06,paid
led_000356,order_000356,cust_0356,7905.56,2026-08-18,paid
led_000357,order_000357,cust_0357,3601.28,2026-08-02,paid
led_000358,order_000358,cust_0358,24370.23,2026-08-18,paid
led_000359,order_000359,cust_0359,7657.35,2026-08-05,paid
led_000360,order_000360,cust_0360,16127.81,2026-08-16,paid
led_000361,order_000361,cust_0361,3013.4,2026-08-01,paid
led_000362,order_000362,cust_0362,14564.57,2026-08-16,paid
led_000363,order_000363,cust_0363,12228.5,2026-08-11,paid
led_000364,order_000364,cust_0364,5016.91,2026-08-02,paid
led_000365,order_000365,cust_0365,6685.72,2026-08-16,paid
led_000366,order_000366,cust_0366,3295.13,2026-08-03,paid
led_000367,order_000367,cust_0367,10317.33,2026-08-03,paid
led_000368,order_000368,cust_0368,14637.02,2026-08-02,paid
led_000369,order_000369,cust_0369,4217.31,2026-08-19,paid
led_000370,order_000370,cust_0370,23753.58,2026-08-03,paid
led_000371,order_000371,cust_0371,24850.99,2026-08-04,paid
led_000372,order_000372,cust_0372,14172.79,2026-08-14,paid
led_000373,order_000373,cust_0373,15354.78,2026-08-20,paid
led_000374,order_000374,cust_0374,6029.33,2026-08-17,paid
led_000375,order_000375,cust_0375,9819.26,2026-08-15,paid
led_000376,order_000376,cust_0376,7785.15,2026-08-19,paid
led_000377,order_000377,cust_0377,24755.77,2026-08-10,paid
led_000378,order_000378,cust_0378,14431.42,2026-08-02,paid
led_000379,order_000379,cust_0379,15435.96,2026-08-04,paid
led_000380,order_000380,cust_0380,23715.96,2026-08-07,paid
led_000381,order_000381,cust_0381,15825.12,2026-08-09,paid
led_000382,order_000382,cust_0382,16680.49,2026-08-06,paid
led_000383,order_000383,cust_0383,6376.7,2026-08-18,paid
led_000384,order_000384,cust_0384,2339.09,2026-08-01,paid
led_000385,order_000385,cust_0385,10508.68,2026-08-20,paid
led_000386,order_000386,cust_0386,12012.86,2026-08-02,paid
led_000387,order_000387,cust_0387,6171.17,2026-08-10,paid
led_000388,order_000388,cust_0388,17723.2,2026-08-15,paid
led_000389,order_000389,cust_0389,2243.9,2026-08-08,paid
led_000390,order_000390,cust_0390,23135.82,2026-08-21,paid
led_000391,order_000391,cust_0391,14949.84,2026-08-07,paid
led_000392,order_000392,cust_0392,10915.9,2026-08-18,paid
led_000393,order_000393,cust_0393,6007.83,2026-08-05,paid
led_000394,order_000394,cust_0394,22756.08,2026-08-05,paid
led_000395,order_000395,cust_0395,2249.54,2026-08-06,paid
led_000396,order_000396,cust_0396,19919.4,2026-08-20,paid
led_000397,order_000397,cust_0397,18849.46,2026-08-19,paid
led_000398,order_000398,cust_0398,23069.22,2026-08-15,paid
led_000399,order_000399,cust_0399,3546.66,2026-08-10,paid
led_000400,order_000400,cust_0400,17643.48,2026-08-09,paid
led_000401,order_000401,cust_0401,12761.57,2026-08-16,paid
led_000402,order_000402,cust_0402,11225.09,2026-08-20,paid
led_000403,order_000403,cust_0403,1476.59,2026-08-14,paid
led_000404,order_000404,cust_0404,18496.08,2026-08-20,paid
led_000405,order_000405,cust_0405,6634.01,2026-08-03,paid
led_000406,order_000406,cust_0406,6108.65,2026-08-19,paid
led_000407,order_000407,cust_0407,14884.51,2026-08-01,paid
led_000408,order_000408,cust_0408,24989.52,2026-08-09,paid
led_000409,order_000409,cust_0409,14618.05,2026-08-06,paid
led_000410,order_000410,cust_0410,12027.27,2026-08-21,paid
led_000411,order_000411,cust_0411,11334.62,2026-08-09,paid
led_000412,order_000412,cust_0412,4946.48,2026-08-19,paid
led_000413,order_000413,cust_0413,11179.18,2026-08-16,paid
led_000414,order_000414,cust_0414,24241.85,2026-08-16,paid
led_000415,order_000415,cust_0415,9025.05,2026-08-11,paid
led_000416,order_000416,cust_0416,8365.93,2026-08-04,paid
led_000417,order_000417,cust_0417,21514.46,2026-08-11,paid
led_000418,order_000418,cust_0418,10585.3,2026-08-16,paid
led_000419,order_000419,cust_0419,7561.34,2026-08-13,paid
led_000420,order_000420,cust_0420,20432.37,2026-08-18,paid
led_000421,order_000421,cust_0421,1399.08,2026-08-03,paid
led_000422,order_000422,cust_0422,8205.67,2026-08-11,paid
led_000423,order_000423,cust_0423,3340.08,2026-08-13,paid
led_000424,order_000424,cust_0424,21690.31,2026-08-01,paid
led_000425,order_000425,cust_0425,16612.68,2026-08-18,paid
led_000426,order_000426,cust_0426,11818.42,2026-08-02,paid
led_000427,order_000427,cust_0427,5095.77,2026-08-12,paid
led_000428,order_000428,cust_0428,15754.53,2026-08-16,paid
led_000429,order_000429,cust_0429,15822.51,2026-08-02,paid
led_000430,order_000430,cust_0430,5487.18,2026-08-18,paid
led_000431,order_000431,cust_0431,3709.82,2026-08-10,paid
led_000432,order_000432,cust_0432,11233.84,2026-08-16,paid
led_000433,order_000433,cust_0433,3474.94,2026-08-21,paid
led_000434,order_000434,cust_0434,15417.36,2026-08-08,paid
led_000435,order_000435,cust_0435,17889.68,2026-08-10,paid
led_000436,order_000436,cust_0436,13995.56,2026-08-18,paid
led_000437,order_000437,cust_0437,10495.77,2026-08-08,paid
led_000438,order_000438,cust_0438,24810.3,2026-08-04,paid
led_000439,order_000439,cust_0439,11805.47,2026-08-04,paid
led_000440,order_000440,cust_0440,16368.89,2026-08-05,paid
led_000441,order_000441,cust_0441,12710.2,2026-08-10,paid
led_000442,order_000442,cust_0442,12967.36,2026-08-09,paid
led_000443,order_000443,cust_0443,10679.51,2026-08-16,paid
led_000444,order_000444,cust_0444,24515.99,2026-08-08,paid
led_000445,order_000445,cust_0445,11691.27,2026-08-05,paid
led_000446,order_000446,cust_0446,9897.86,2026-08-20,paid
led_000447,order_000447,cust_0447,12951.9,2026-08-05,paid
led_000448,order_000448,cust_0448,7268.06,2026-08-14,paid
led_000449,order_000449,cust_0449,8826.94,2026-08-17,paid
led_000450,order_000450,cust_0450,7045.73,2026-08-01,paid
led_000451,order_000451,cust_0451,7429.56,2026-08-10,paid
led_000452,order_000452,cust_0452,21018.16,2026-08-19,paid
led_000453,order_000453,cust_0453,24973.11,2026-08-16,paid
led_000454,order_000454,cust_0454,21698.88,2026-08-15,paid
led_000455,order_000455,cust_0455,13695.22,2026-08-12,paid
led_000456,order_000456,cust_0456,8644.78,2026-08-18,paid
led_000457,order_000457,cust_0457,9741.65,2026-08-11,paid
led_000458,order_000458,cust_0458,21805.24,2026-08-08,paid
led_000459,order_000459,cust_0459,14509.04,2026-08-08,paid
led_000460,order_000460,cust_0460,21472.32,2026-08-14,paid
led_000461,order_000461,cust_0461,1569.36,2026-08-16,paid
led_000462,order_000462,cust_0462,17778.08,2026-08-13,paid
led_000463,order_000463,cust_0463,9958.93,2026-08-21,paid
led_000464,order_000464,cust_0464,24530.04,2026-08-16,paid
led_000465,order_000465,cust_0465,24138.2,2026-08-05,paid
led_000466,order_000466,cust_0466,12806.13,2026-08-19,paid
led_000467,order_000467,cust_0467,8633.87,2026-08-04,paid
led_000468,order_000468,cust_0468,21917.66,2026-08-15,paid
led_000469,order_000469,cust_0469,2942.94,2026-08-15,paid
led_000470,order_000470,cust_0470,876.02,2026-08-05,paid
led_000471,order_000471,cust_0471,10544.48,2026-08-21,paid
led_000472,order_000472,cust_0472,24263.94,2026-08-03,paid
led_000473,order_000473,cust_0473,12002.52,2026-08-09,paid
led_000474,order_000474,cust_0474,8794.75,2026-08-13,paid
led_000475,order_000475,cust_0475,16421.0,2026-08-11,paid
led_000476,order_000476,cust_0476,21382.36,2026-08-18,paid
led_000477,order_000477,cust_0477,9810.23,2026-08-11,paid
led_000478,order_000478,cust_0478,15856.58,2026-08-16,paid
led_000479,order_000479,cust_0479,21873.38,2026-08-02,paid
led_000480,order_000480,cust_0480,15627.76,2026-08-08,paid
led_000481,order_000481,cust_0481,15963.44,2026-08-10,paid
led_000482,order_000482,cust_0482,24936.94,2026-08-03,paid
led_000483,order_000483,cust_0483,11132.3,2026-08-04,paid
led_000484,order_000484,cust_0484,19129.06,2026-08-04,paid
led_000485,order_000485,cust_0485,11370.12,2026-08-10,paid
led_000486,order_000486,cust_0486,22633.89,2026-08-02,paid
led_000487,order_000487,cust_0487,8447.18,2026-08-02,paid
led_000488,order_000488,cust_0488,7687.51,2026-08-12,paid
led_000489,order_000489,cust_0489,11051.83,2026-08-08,paid
led_000490,order_000490,cust_0490,13513.57,2026-08-19,paid
led_000491,order_000491,cust_0491,17204.11,2026-08-06,paid
led_000492,order_000492,cust_0492,4664.6,2026-08-03,paid
led_000493,order_000493,cust_0493,15432.55,2026-08-13,paid
led_000494,order_000494,cust_0494,15682.9,2026-08-08,paid
led_000495,order_000495,cust_0495,12692.85,2026-08-19,paid
led_000496,order_000496,cust_0496,4006.38,2026-08-15,paid
led_000497,order_000497,cust_0497,16128.66,2026-08-15,paid
led_000498,order_000498,cust_0498,6755.5,2026-08-01,paid
led_000499,order_000499,cust_0499,22523.26,2026-08-15,paid
led_000500,order_000500,cust_0500,22579.63,2026-08-18,paid
led_000501,order_000501,cust_0501,4370.4,2026-08-15,paid
led_000502,order_000502,cust_0502,23658.27,2026-08-19,paid
led_000503,order_000503,cust_0503,7829.28,2026-08-14,paid
led_000504,order_000504,cust_0504,17412.68,2026-08-15,paid
led_000505,order_000505,cust_0505,21209.95,2026-08-07,paid
led_000506,order_000506,cust_0506,24984.65,2026-08-16,paid
led_000507,order_000507,cust_0507,3113.01,2026-08-13,paid
led_000508,order_000508,cust_0508,14512.11,2026-08-19,paid
led_000509,order_000509,cust_0509,7748.87,2026-08-10,paid
led_000510,order_000510,cust_0510,1037.52,2026-08-13,paid
led_000511,order_000511,cust_0511,7224.77,2026-08-19,paid
led_000512,order_000512,cust_0512,21694.15,2026-08-02,paid
led_000513,order_000513,cust_0513,22810.12,2026-08-16,paid
led_000514,order_000514,cust_0514,20904.55,2026-08-10,paid
led_000515,order_000515,cust_0515,19505.65,2026-08-08,paid
led_000516,order_000516,cust_0516,15373.09,2026-08-12,paid
led_000517,order_000517,cust_0517,5865.61,2026-08-07,paid
led_000518,order_000518,cust_0518,15711.83,2026-08-05,paid
led_000519,order_000519,cust_0519,15892.08,2026-08-21,paid
led_000520,order_000520,cust_0520,16335.34,2026-08-10,paid
led_000521,order_000521,cust_0521,19820.96,2026-08-02,paid
led_000522,order_000522,cust_0522,14699.56,2026-08-05,paid
led_000523,order_000523,cust_0523,2708.27,2026-08-10,paid
led_000524,order_000524,cust_0524,8504.62,2026-08-14,paid
led_000525,order_000525,cust_0525,4803.18,2026-08-05,paid
led_000526,order_000526,cust_0526,19769.56,2026-08-12,paid
led_000527,order_000527,cust_0527,13505.88,2026-08-09,paid
led_000528,order_000528,cust_0528,20846.58,2026-08-09,paid
led_000529,order_000529,cust_0529,22894.2,2026-08-16,paid
led_000530,order_000530,cust_0530,24200.91,2026-08-10,paid
led_000531,order_000531,cust_0531,18790.7,2026-08-11,paid
led_000532,order_000532,cust_0532,20203.7,2026-08-15,paid
led_000533,order_000533,cust_0533,24090.89,2026-08-05,paid
led_000534,order_000534,cust_0534,18976.71,2026-08-08,paid
led_000535,order_000535,cust_0535,21573.44,2026-08-13,paid
led_000536,order_000536,cust_0536,24198.11,2026-08-18,paid
led_000537,order_000537,cust_0537,9461.49,2026-08-13,paid
led_000538,order_000538,cust_0538,841.01,2026-08-18,paid
led_000539,order_000539,cust_0539,3527.92,2026-08-12,paid
led_000540,order_000540,cust_0540,16984.3,2026-08-09,paid
led_000541,order_000541,cust_0541,14821.72,2026-08-21,paid
led_000542,order_000542,cust_0542,23537.15,2026-08-04,paid
led_000543,order_000543,cust_0543,17033.5,2026-08-16,paid
led_000544,order_000544,cust_0544,1113.1,2026-08-18,paid
led_000545,order_000545,cust_0545,8536.15,2026-08-20,paid
led_000546,order_000546,cust_0546,5923.5,2026-08-03,paid
led_000547,order_000547,cust_0547,16067.4,2026-08-15,paid
led_000548,order_000548,cust_0548,22780.0,2026-08-10,paid
led_000549,order_000549,cust_0549,16406.37,2026-08-04,paid
led_000550,order_000550,cust_0550,3924.54,2026-08-02,paid
led_000551,order_000551,cust_0551,7956.93,2026-08-16,paid
led_000552,order_000552,cust_0552,3344.95,2026-08-08,paid
led_000553,order_000553,cust_0553,22237.85,2026-08-05,paid
led_000554,order_000554,cust_0554,10021.82,2026-08-12,paid
led_000555,order_000555,cust_0555,16926.91,2026-08-18,paid
led_000556,order_000556,cust_0556,10768.61,2026-08-05,paid
led_000557,order_000557,cust_0557,22192.64,2026-08-21,paid
led_000558,order_000558,cust_0558,2926.03,2026-08-16,paid
led_000559,order_000559,cust_0559,15583.48,2026-08-09,paid
led_000560,order_000560,cust_0560,1301.55,2026-08-12,paid
led_000561,order_000561,cust_0561,5823.11,2026-08-15,paid
led_000562,order_000562,cust_0562,23788.6,2026-08-12,paid
led_000563,order_000563,cust_0563,2934.19,2026-08-12,paid
led_000564,order_000564,cust_0564,13839.41,2026-08-21,paid
led_000565,order_000565,cust_0565,9287.51,2026-08-13,paid
led_000566,order_000566,cust_0566,7259.1,2026-08-04,paid
led_000567,order_000567,cust_0567,23750.76,2026-08-15,paid
led_000568,order_000568,cust_0568,2746.0,2026-08-07,paid
led_000569,order_000569,cust_0569,16221.76,2026-08-20,paid
led_000570,order_000570,cust_0570,24291.79,2026-08-02,paid
led_000571,order_000571,cust_0571,19776.47,2026-08-08,paid
led_000572,order_000572,cust_0572,24726.11,2026-08-19,paid
led_000573,order_000573,cust_0573,5527.54,2026-08-18,paid
led_000574,order_000574,cust_0574,5575.36,2026-08-07,paid
led_000575,order_000575,cust_0575,20419.8,2026-08-08,paid
led_000576,order_000576,cust_0576,8549.71,2026-08-05,paid
led_000577,order_000577,cust_0577,19821.77,2026-08-20,paid
led_000578,order_000578,cust_0578,569.47,2026-08-05,paid
led_000579,order_000579,cust_0579,24694.42,2026-08-18,paid
led_000580,order_000580,cust_0580,6641.03,2026-08-06,paid
led_000581,order_000581,cust_0581,3193.2,2026-08-01,paid
led_000582,order_000582,cust_0582,3729.18,2026-08-12,paid
led_000583,order_000583,cust_0583,19854.62,2026-08-08,paid
led_000584,order_000584,cust_0584,14926.9,2026-08-01,paid
led_000585,order_000585,cust_0585,4769.03,2026-08-02,paid
led_000586,order_000586,cust_0586,3605.58,2026-08-14,paid
led_000587,order_000587,cust_0587,13389.1,2026-08-03,paid
led_000588,order_000588,cust_0588,12168.03,2026-08-12,paid
led_000589,order_000589,cust_0589,13074.33,2026-08-04,paid
led_000590,order_000590,cust_0590,11574.13,2026-08-08,paid
led_000591,order_000591,cust_0591,23662.68,2026-08-02,paid
led_000592,order_000592,cust_0592,18317.45,2026-08-17,paid
led_000593,order_000593,cust_0593,7889.94,2026-08-21,paid
led_000594,order_000594,cust_0594,24118.64,2026-08-02,paid
led_000595,order_000595,cust_0595,24965.38,2026-08-13,paid
led_000596,order_000596,cust_0596,10943.7,2026-08-04,paid
led_000597,order_000597,cust_0597,12511.59,2026-08-15,paid
led_000598,order_000598,cust_0598,2300.52,2026-08-03,paid
led_000599,order_000599,cust_0599,8391.74,2026-08-05,paid
led_000600,order_000600,cust_0600,2109.21,2026-08-09,paid
led_000601,order_000601,cust_0601,15795.78,2026-08-19,paid
led_000602,order_000602,cust_0602,13934.73,2026-08-11,paid
led_000603,order_000603,cust_0603,9832.16,2026-08-20,paid
led_000604,order_000604,cust_0604,13498.64,2026-08-15,paid
led_000605,order_000605,cust_0605,12886.0,2026-08-14,paid
led_000606,order_000606,cust_0606,2929.87,2026-08-04,paid
led_000607,order_000607,cust_0607,21393.42,2026-08-21,paid
led_000608,order_000608,cust_0608,22003.8,2026-08-18,paid
led_000609,order_000609,cust_0609,18160.58,2026-08-07,paid
led_000610,order_000610,cust_0610,11036.71,2026-08-08,paid
led_000611,order_000611,cust_0611,10638.43,2026-08-15,paid
led_000612,order_000612,cust_0612,10268.89,2026-08-04,paid
led_000613,order_000613,cust_0613,8157.43,2026-08-11,paid
led_000614,order_000614,cust_0614,16795.14,2026-08-12,paid
led_000615,order_000615,cust_0615,23863.02,2026-08-16,paid
led_000616,order_000616,cust_0616,2144.77,2026-08-03,paid
led_000617,order_000617,cust_0617,2784.14,2026-08-04,paid
led_000618,order_000618,cust_0618,18742.43,2026-08-12,paid
led_000619,order_000619,cust_0619,20388.35,2026-08-18,paid
led_000620,order_000620,cust_0620,1969.53,2026-08-18,paid
led_000621,order_000621,cust_0621,14261.24,2026-08-04,paid
led_000622,order_000622,cust_0622,10564.81,2026-08-14,paid
led_000623,order_000623,cust_0623,21768.26,2026-08-02,paid
led_000624,order_000624,cust_0624,24225.77,2026-08-20,paid
led_000625,order_000625,cust_0625,8155.0,2026-08-04,paid
led_000626,order_000626,cust_0626,14659.0,2026-08-07,paid
led_000627,order_000627,cust_0627,4290.89,2026-08-16,paid
led_000628,order_000628,cust_0628,5994.0,2026-08-04,paid
led_000629,order_000629,cust_0629,9077.79,2026-08-18,paid
led_000630,order_000630,cust_0630,9505.25,2026-08-09,paid
led_000631,order_000631,cust_0631,14565.45,2026-08-14,paid
led_000632,order_000632,cust_0632,21206.3,2026-08-20,paid
led_000633,order_000633,cust_0633,15532.55,2026-08-21,paid
led_000634,order_000634,cust_0634,14140.12,2026-08-20,paid
led_000635,order_000635,cust_0635,23262.57,2026-08-09,paid
led_000636,order_000636,cust_0636,1209.35,2026-08-09,paid
led_000637,order_000637,cust_0637,17716.12,2026-08-10,paid
led_000638,order_000638,cust_0638,23077.67,2026-08-12,paid
led_000639,order_000639,cust_0639,649.59,2026-08-05,paid
led_000640,order_000640,cust_0640,14374.87,2026-08-13,paid
led_000641,order_000641,cust_0641,2204.84,2026-08-21,paid
led_000642,order_000642,cust_0642,24309.35,2026-08-03,paid
led_000643,order_000643,cust_0643,18779.74,2026-08-07,paid
led_000644,order_000644,cust_0644,9716.76,2026-08-15,paid
led_000645,order_000645,cust_0645,8851.95,2026-08-12,paid
led_000646,order_000646,cust_0646,8135.12,2026-08-11,paid
led_000647,order_000647,cust_0647,19532.47,2026-08-19,paid
led_000648,order_000648,cust_0648,15107.48,2026-08-02,paid
led_000649,order_000649,cust_0649,4311.71,2026-08-20,paid
led_000650,order_000650,cust_0650,1719.18,2026-08-03,paid
led_000651,order_000651,cust_0651,7166.52,2026-08-14,paid
led_000652,order_000652,cust_0652,12398.71,2026-08-15,paid
led_000653,order_000653,cust_0653,10647.5,2026-08-07,paid
led_000654,order_000654,cust_0654,18996.11,2026-08-04,paid
led_000655,order_000655,cust_0655,8956.73,2026-08-04,paid
led_000656,order_000656,cust_0656,7439.54,2026-08-19,paid
led_000657,order_000657,cust_0657,12422.5,2026-08-10,paid
led_000658,order_000658,cust_0658,1612.73,2026-08-13,paid
led_000659,order_000659,cust_0659,24618.92,2026-08-02,paid
led_000660,order_000660,cust_0660,688.33,2026-08-10,paid
led_000661,order_000661,cust_0661,23660.44,2026-08-05,paid
led_000662,order_000662,cust_0662,19221.94,2026-08-10,paid
led_000663,order_000663,cust_0663,8539.0,2026-08-01,paid
led_000664,order_000664,cust_0664,12685.94,2026-08-14,paid
led_000665,order_000665,cust_0665,4804.52,2026-08-13,paid
led_000666,order_000666,cust_0666,13548.27,2026-08-08,paid
led_000667,order_000667,cust_0667,12756.43,2026-08-12,paid
led_000668,order_000668,cust_0668,2265.85,2026-08-02,paid
led_000669,order_000669,cust_0669,11187.38,2026-08-15,paid
led_000670,order_000670,cust_0670,21621.7,2026-08-19,paid
led_000671,order_000671,cust_0671,11017.47,2026-08-13,paid
led_000672,order_000672,cust_0672,17882.72,2026-08-14,paid
led_000673,order_000673,cust_0673,7593.12,2026-08-13,paid
led_000674,order_000674,cust_0674,1010.99,2026-08-11,paid
led_000675,order_000675,cust_0675,4710.89,2026-08-20,paid
led_000676,order_000676,cust_0676,11772.37,2026-08-12,paid
led_000677,order_000677,cust_0677,2659.18,2026-08-04,paid
led_000678,order_000678,cust_0678,6461.25,2026-08-19,paid
led_000679,order_000679,cust_0679,10311.02,2026-08-03,paid
led_000680,order_000680,cust_0680,10196.28,2026-08-10,paid
led_000681,order_000681,cust_0681,18772.22,2026-08-08,paid
led_000682,order_000682,cust_0682,8660.18,2026-08-06,paid
led_000683,order_000683,cust_0683,2371.29,2026-08-21,paid
led_000684,order_000684,cust_0684,3293.65,2026-08-17,paid
led_000685,order_000685,cust_0685,5250.64,2026-08-12,paid
led_000686,order_000686,cust_0686,9101.94,2026-08-21,paid
led_000687,order_000687,cust_0687,20468.41,2026-08-08,paid
led_000688,order_000688,cust_0688,3018.71,2026-08-09,paid
led_000689,order_000689,cust_0689,5333.16,2026-08-20,paid
led_000690,order_000690,cust_0690,4245.31,2026-08-21,paid
led_000691,order_000691,cust_0691,2346.16,2026-08-21,paid
led_000692,order_000692,cust_0692,12605.87,2026-08-19,paid
led_000693,order_000693,cust_0693,19116.99,2026-08-15,paid
led_000694,order_000694,cust_0694,17187.77,2026-08-19,paid
led_000695,order_000695,cust_0695,16253.3,2026-08-20,paid
led_000696,order_000696,cust_0696,8418.6,2026-08-21,paid
led_000697,order_000697,cust_0697,8245.4,2026-08-15,paid
led_000698,order_000698,cust_0698,2173.01,2026-08-15,paid
led_000699,order_000699,cust_0699,15968.94,2026-08-09,paid
led_000700,order_000700,cust_0700,14989.78,2026-08-12,paid
led_000701,order_000701,cust_0701,12929.75,2026-08-10,paid
led_000702,order_000702,cust_0702,11812.69,2026-08-02,paid
led_000703,order_000703,cust_0703,1893.81,2026-08-10,paid
led_000704,order_000704,cust_0704,2379.91,2026-08-03,paid
led_000705,order_000705,cust_0705,15567.71,2026-08-17,paid
led_000706,order_000706,cust_0706,9919.82,2026-08-19,paid
led_000707,order_000707,cust_0707,14080.75,2026-08-02,paid
led_000708,order_000708,cust_0708,11518.48,2026-08-19,paid
led_000709,order_000709,cust_0709,16470.02,2026-08-11,paid
led_000710,order_000710,cust_0710,15322.64,2026-08-17,paid
led_000711,order_000711,cust_0711,4196.1,2026-08-02,paid
led_000712,order_000712,cust_0712,11537.82,2026-08-11,paid
led_000713,order_000713,cust_0713,24568.45,2026-08-03,paid
led_000714,order_000714,cust_0714,12861.45,2026-08-06,paid
led_000715,order_000715,cust_0715,1458.98,2026-08-15,paid
led_000716,order_000716,cust_0716,24779.16,2026-08-17,paid
led_000717,order_000717,cust_0717,13307.33,2026-08-06,paid
led_000718,order_000718,cust_0718,9415.5,2026-08-10,paid
led_000719,order_000719,cust_0719,9991.71,2026-08-11,paid
led_000720,order_000720,cust_0720,17132.99,2026-08-02,paid
led_000721,order_000721,cust_0721,19836.06,2026-08-21,paid
led_000722,order_000722,cust_0722,8698.91,2026-08-11,paid
led_000723,order_000723,cust_0723,2815.4,2026-08-13,paid
led_000724,order_000724,cust_0724,7461.6,2026-08-20,paid
led_000725,order_000725,cust_0725,21895.35,2026-08-11,paid
led_000726,order_000726,cust_0726,2496.8,2026-08-05,paid
led_000727,order_000727,cust_0727,22960.29,2026-08-10,paid
led_000728,order_000728,cust_0728,24208.56,2026-08-13,paid
led_000729,order_000729,cust_0729,3659.32,2026-08-03,paid
led_000730,order_000730,cust_0730,8084.76,2026-08-13,paid
led_000731,order_000731,cust_0731,16265.58,2026-08-11,paid
led_000732,order_000732,cust_0732,20423.03,2026-08-17,paid
led_000733,order_000733,cust_0733,2789.6,2026-08-14,paid
led_000734,order_000734,cust_0734,12957.97,2026-08-01,paid
led_000735,order_000735,cust_0735,9383.64,2026-08-06,paid
led_000736,order_000736,cust_0736,23803.65,2026-08-11,paid
led_000737,order_000737,cust_0737,23717.87,2026-08-16,paid
led_000738,order_000738,cust_0738,5204.13,2026-08-05,paid
led_000739,order_000739,cust_0739,4296.16,2026-08-10,paid
led_000740,order_000740,cust_0740,21188.5,2026-08-04,paid
led_000741,order_000741,cust_0741,12938.4,2026-08-18,paid
led_000742,order_000742,cust_0742,20960.44,2026-08-17,paid
led_000743,order_000743,cust_0743,1424.81,2026-08-11,paid
led_000744,order_000744,cust_0744,21971.62,2026-08-20,paid
led_000745,order_000745,cust_0745,3710.7,2026-08-13,paid
led_000746,order_000746,cust_0746,4279.19,2026-08-06,paid
led_000747,order_000747,cust_0747,20867.95,2026-08-20,paid
led_000748,order_000748,cust_0748,20321.57,2026-08-06,paid
led_000749,order_000749,cust_0749,18168.98,2026-08-02,paid
led_000750,order_000750,cust_0750,10566.04,2026-08-08,paid
led_000751,order_000751,cust_0751,24254.92,2026-08-20,paid
led_000752,order_000752,cust_0752,7480.73,2026-08-15,paid
led_000753,order_000753,cust_0753,6233.07,2026-08-08,paid
led_000754,order_000754,cust_0754,8081.96,2026-08-16,paid
led_000755,order_000755,cust_0755,22647.37,2026-08-07,paid
led_000756,order_000756,cust_0756,9512.1,2026-08-19,paid
led_000757,order_000757,cust_0757,24618.77,2026-08-15,paid
led_000758,order_000758,cust_0758,19351.24,2026-08-13,paid
led_000759,order_000759,cust_0759,12821.21,2026-08-14,paid
led_000760,order_000760,cust_0760,24173.57,2026-08-07,paid
led_000761,order_000761,cust_0761,20130.85,2026-08-05,paid
led_000762,order_000762,cust_0762,21888.55,2026-08-02,paid
led_000763,order_000763,cust_0763,16208.89,2026-08-12,paid
led_000764,order_000764,cust_0764,14086.25,2026-08-04,paid
led_000765,order_000765,cust_0765,17929.32,2026-08-17,paid
led_000766,order_000766,cust_0766,21353.57,2026-08-10,paid
led_000767,order_000767,cust_0767,2554.94,2026-08-06,paid
led_000768,order_000768,cust_0768,7183.39,2026-08-17,paid
led_000769,order_000769,cust_0769,4110.04,2026-08-14,paid
led_000770,order_000770,cust_0770,2746.98,2026-08-08,paid
led_000771,order_000771,cust_0771,20509.23,2026-08-12,paid
led_000772,order_000772,cust_0772,23296.56,2026-08-14,paid
led_000773,order_000773,cust_0773,1804.79,2026-08-17,paid
led_000774,order_000774,cust_0774,9662.06,2026-08-13,paid
led_000775,order_000775,cust_0775,24865.87,2026-08-12,paid
led_000776,order_000776,cust_0776,6001.2,2026-08-11,paid
led_000777,order_000777,cust_0777,23305.23,2026-08-21,paid
led_000778,order_000778,cust_0778,8714.61,2026-08-05,paid
led_000779,order_000779,cust_0779,3871.19,2026-08-10,paid
led_000780,order_000780,cust_0780,22976.21,2026-08-16,paid
led_000781,order_000781,cust_0781,17553.76,2026-08-05,paid
led_000782,order_000782,cust_0782,19091.61,2026-08-16,paid
led_000783,order_000783,cust_0783,11490.74,2026-08-01,paid
led_000784,order_000784,cust_0784,22693.51,2026-08-01,paid
led_000785,order_000785,cust_0785,6770.14,2026-08-05,paid
led_000786,order_000786,cust_0786,13945.7,2026-08-20,paid
led_000787,order_000787,cust_0787,13430.4,2026-08-04,paid
led_000788,order_000788,cust_0788,19516.23,2026-08-08,paid
led_000789,order_000789,cust_0789,7878.2,2026-08-02,paid
led_000790,order_000790,cust_0790,6341.77,2026-08-21,paid
led_000791,order_000791,cust_0791,19950.53,2026-08-15,paid
led_000792,order_000792,cust_0792,2038.78,2026-08-16,paid
led_000793,order_000793,cust_0793,15120.11,2026-08-01,paid
led_000794,order_000794,cust_0794,15982.9,2026-08-19,paid
led_000795,order_000795,cust_0795,6427.48,2026-08-05,paid
led_000796,order_000796,cust_0796,7636.16,2026-08-01,paid
led_000797,order_000797,cust_0797,15562.83,2026-08-08,paid
led_000798,order_000798,cust_0798,14481.26,2026-08-06,paid
led_000799,order_000799,cust_0799,16777.1,2026-08-03,paid
led_000800,order_000800,cust_0800,13325.37,2026-08-12,paid
led_000801,order_000801,cust_0801,2158.14,2026-08-17,paid
led_000802,order_000802,cust_0802,13830.01,2026-08-17,paid
led_000803,order_000803,cust_0803,14076.72,2026-08-13,paid
led_000804,order_000804,cust_0804,21896.62,2026-08-02,paid
led_000805,order_000805,cust_0805,16073.93,2026-08-12,paid
led_000806,order_000806,cust_0806,6714.43,2026-08-01,paid
led_000807,order_000807,cust_0807,9248.8,2026-08-03,paid
led_000808,order_000808,cust_0808,8947.66,2026-08-21,paid
led_000809,order_000809,cust_0809,3039.76,2026-08-19,paid
led_000810,order_000810,cust_0810,18512.08,2026-08-11,paid
led_000811,order_000811,cust_0811,3768.53,2026-08-12,paid
led_000812,order_000812,cust_0812,13877.34,2026-08-21,paid
led_000813,order_000813,cust_0813,4789.68,2026-08-15,paid
led_000814,order_000814,cust_0814,24530.07,2026-08-16,paid
led_000815,order_000815,cust_0815,15977.53,2026-08-05,paid
led_000816,order_000816,cust_0816,2045.96,2026-08-15,paid
led_000817,order_000817,cust_0817,1406.1,2026-08-07,paid
led_000818,order_000818,cust_0818,1573.25,2026-08-07,paid
led_000819,order_000819,cust_0819,22201.86,2026-08-11,paid
led_000820,order_000820,cust_0820,23367.59,2026-08-17,paid
led_000821,order_000821,cust_0821,10256.49,2026-08-18,paid
led_000822,order_000822,cust_0822,12098.29,2026-08-02,paid
led_000823,order_000823,cust_0823,18955.63,2026-08-07,paid
led_000824,order_000824,cust_0824,7509.72,2026-08-02,paid
led_000825,order_000825,cust_0825,21712.06,2026-08-11,paid
led_000826,order_000826,cust_0826,7193.81,2026-08-12,paid
led_000827,order_000827,cust_0827,11205.31,2026-08-13,paid
led_000828,order_000828,cust_0828,18711.04,2026-08-13,paid
led_000829,order_000829,cust_0829,8806.4,2026-08-06,paid
led_000830,order_000830,cust_0830,12656.98,2026-08-16,paid
led_000831,order_000831,cust_0831,9500.0,2026-08-17,paid
led_000832,order_000832,cust_0832,7034.66,2026-08-03,paid
led_000833,order_000833,cust_0833,18313.49,2026-08-03,paid
led_000834,order_000834,cust_0834,11049.88,2026-08-06,paid
led_000835,order_000835,cust_0835,13864.12,2026-08-11,paid
led_000836,order_000836,cust_0836,3013.65,2026-08-11,paid
led_000837,order_000837,cust_0837,16692.52,2026-08-10,paid
led_000838,order_000838,cust_0838,11424.94,2026-08-14,paid
led_000839,order_000839,cust_0839,4582.8,2026-08-15,paid
led_000840,order_000840,cust_0840,9112.9,2026-08-02,paid
led_000841,order_000841,cust_0841,18306.95,2026-08-12,paid
led_000842,order_000842,cust_0842,15563.86,2026-08-14,paid
led_000843,order_000843,cust_0843,7226.61,2026-08-02,paid
led_000844,order_000844,cust_0844,2338.51,2026-08-21,paid
led_000845,order_000845,cust_0845,10452.15,2026-08-17,paid
led_000846,order_000846,cust_0846,20126.85,2026-08-06,paid
led_000847,order_000847,cust_0847,23843.34,2026-08-05,paid
led_000848,order_000848,cust_0848,21292.4,2026-08-15,paid
led_000849,order_000849,cust_0849,1352.57,2026-08-03,paid
led_000850,order_000850,cust_0850,6281.89,2026-08-21,paid
led_000851,order_000851,cust_0851,9475.05,2026-08-13,paid
led_000852,order_000852,cust_0852,23761.94,2026-08-02,paid
led_000853,order_000853,cust_0853,15324.82,2026-08-15,paid
led_000854,order_000854,cust_0854,23746.18,2026-08-12,paid
led_000855,order_000855,cust_0855,11376.51,2026-08-03,paid
led_000856,order_000856,cust_0856,14561.08,2026-08-17,paid
led_000857,order_000857,cust_0857,9490.27,2026-08-11,paid
led_000858,order_000858,cust_0858,16414.24,2026-08-08,paid
led_000859,order_000859,cust_0859,24032.74,2026-08-01,paid
led_000860,order_000860,cust_0860,18524.03,2026-08-16,paid
led_000861,order_000861,cust_0861,13184.76,2026-08-18,paid
led_000862,order_000862,cust_0862,3385.14,2026-08-09,paid
led_000863,order_000863,cust_0863,17748.93,2026-08-07,paid
led_000864,order_000864,cust_0864,24910.95,2026-08-10,paid
led_000865,order_000865,cust_0865,17502.53,2026-08-16,paid
led_000866,order_000866,cust_0866,5404.37,2026-08-05,paid
led_000867,order_000867,cust_0867,21394.24,2026-08-15,paid
led_000868,order_000868,cust_0868,4730.08,2026-08-15,paid
led_000869,order_000869,cust_0869,24932.93,2026-08-11,paid
led_000870,order_000870,cust_0870,16862.07,2026-08-03,paid
led_000871,order_000871,cust_0871,13974.93,2026-08-10,paid
led_000872,order_000872,cust_0872,22337.63,2026-08-06,paid
led_000873,order_000873,cust_0873,17939.32,2026-08-21,paid
led_000874,order_000874,cust_0874,4765.23,2026-08-12,paid
led_000875,order_000875,cust_0875,12964.52,2026-08-04,paid
led_000876,order_000876,cust_0876,24635.75,2026-08-05,paid
led_000877,order_000877,cust_0877,6300.04,2026-08-16,paid
led_000878,order_000878,cust_0878,1143.96,2026-08-18,paid
led_000879,order_000879,cust_0879,14520.8,2026-08-15,paid
led_000880,order_000880,cust_0880,20189.71,2026-08-18,paid
led_000881,order_000881,cust_0881,3679.4,2026-08-03,paid
led_000882,order_000882,cust_0882,2110.83,2026-08-13,paid
led_000883,order_000883,cust_0883,24990.08,2026-08-16,paid
led_000884,order_000884,cust_0884,13379.54,2026-08-14,paid
led_000885,order_000885,cust_0885,20671.82,2026-08-03,paid
led_000886,order_000886,cust_0886,3570.51,2026-08-11,paid
led_000887,order_000887,cust_0887,16237.3,2026-08-15,paid
led_000888,order_000888,cust_0888,11912.91,2026-08-17,paid
led_000889,order_000889,cust_0889,8940.61,2026-08-18,paid
led_000890,order_000890,cust_0890,16174.95,2026-08-06,paid
led_000891,order_000891,cust_0891,19310.65,2026-08-05,paid
led_000892,order_000892,cust_0892,22812.45,2026-08-02,paid
led_000893,order_000893,cust_0893,20869.07,2026-08-17,paid
led_000894,order_000894,cust_0894,4248.88,2026-08-06,paid
led_000895,order_000895,cust_0895,4468.19,2026-08-08,paid
led_000896,order_000896,cust_0896,8977.57,2026-08-17,paid
led_000897,order_000897,cust_0897,22425.68,2026-08-03,paid
led_000898,order_000898,cust_0898,6639.83,2026-08-21,paid
led_000899,order_000899,cust_0899,23930.61,2026-08-09,paid
led_000900,order_000900,cust_0900,3566.67,2026-08-10,paid
led_000901,order_000901,cust_0901,15553.49,2026-08-03,paid
led_000902,order_000902,cust_0902,12813.04,2026-08-06,paid
led_000903,order_000903,cust_0903,14999.31,2026-08-19,paid
led_000904,order_000904,cust_0904,4277.76,2026-08-20,paid
led_000905,order_000905,cust_0905,18155.5,2026-08-20,paid
led_000906,order_000906,cust_0906,8771.68,2026-08-19,paid
led_000907,order_000907,cust_0907,1509.26,2026-08-01,paid
led_000908,order_000908,cust_0908,2489.96,2026-08-21,paid
led_000909,order_000909,cust_0909,19390.05,2026-08-09,paid
led_000910,order_000910,cust_0910,16452.68,2026-08-19,paid
led_000911,order_000911,cust_0911,10706.38,2026-08-21,paid
led_000912,order_000912,cust_0912,1242.0,2026-08-21,paid
led_000913,order_000913,cust_0913,13866.65,2026-08-21,paid
led_000914,order_000914,cust_0914,23937.93,2026-08-16,paid
led_000915,order_000915,cust_0915,6499.51,2026-08-13,paid
led_000916,order_000916,cust_0916,7787.13,2026-08-03,paid
led_000917,order_000917,cust_0917,17371.03,2026-08-06,paid
led_000918,order_000918,cust_0918,11270.33,2026-08-16,paid
led_000919,order_000919,cust_0919,11878.83,2026-08-11,paid
led_000920,order_000920,cust_0920,15363.18,2026-08-11,paid
led_000921,order_000921,cust_0921,21606.38,2026-08-11,paid
led_000922,order_000922,cust_0922,18487.89,2026-08-12,paid
led_000923,order_000923,cust_0923,24396.67,2026-08-05,paid
led_000924,order_000924,cust_0924,19136.29,2026-08-17,paid
led_000925,order_000925,cust_0925,14260.45,2026-08-11,paid
led_000926,order_000926,cust_0926,6422.58,2026-08-04,paid
led_000927,order_000927,cust_0927,7053.06,2026-08-08,paid
led_000928,order_000928,cust_0928,3951.5,2026-08-02,paid
led_000929,order_000929,cust_0929,7610.19,2026-08-13,paid
led_000930,order_000930,cust_0930,21672.01,2026-08-14,paid
led_000931,order_000931,cust_0931,6582.62,2026-08-06,paid
led_000932,order_000932,cust_0932,20430.21,2026-08-19,paid
led_000933,order_000933,cust_0933,18167.65,2026-08-07,paid
led_000934,order_000934,cust_0934,19196.47,2026-08-16,paid
led_000935,order_000935,cust_0935,24901.25,2026-08-15,paid
led_000936,order_000936,cust_0936,12719.61,2026-08-10,paid
led_000937,order_000937,cust_0937,12685.57,2026-08-03,paid
led_000938,order_000938,cust_0938,23658.2,2026-08-17,paid
led_000939,order_000939,cust_0939,11702.15,2026-08-08,paid
led_000940,order_000940,cust_0940,5771.04,2026-08-12,paid
led_000941,order_000941,cust_0941,1692.12,2026-08-10,paid
led_000942,order_000942,cust_0942,12624.91,2026-08-21,paid
led_000943,order_000943,cust_0943,16976.75,2026-08-10,paid
led_000944,order_000944,cust_0944,13648.92,2026-08-04,paid
led_000945,order_000945,cust_0945,11057.73,2026-08-09,paid
led_000946,order_000946,cust_0946,18323.95,2026-08-13,paid
led_000947,order_000947,cust_0947,9465.47,2026-08-13,paid
led_000948,order_000948,cust_0948,1753.36,2026-08-18,paid
led_000949,order_000949,cust_0949,5269.05,2026-08-18,paid
led_000950,order_000950,cust_0950,7570.74,2026-08-13,paid
led_000951,order_000951,cust_0951,12854.26,2026-08-18,paid
led_000952,order_000952,cust_0952,7353.16,2026-08-20,paid
led_000953,order_000953,cust_0953,17169.77,2026-08-04,paid
led_000954,order_000954,cust_0954,3652.25,2026-08-04,paid
led_000955,order_000955,cust_0955,10150.64,2026-08-11,paid
led_000956,order_000956,cust_0956,14166.88,2026-08-12,paid
led_000957,order_000957,cust_0957,18996.65,2026-08-07,paid
led_000958,order_000958,cust_0958,15260.34,2026-08-13,paid
led_000959,order_000959,cust_0959,12751.91,2026-08-02,paid
led_000960,order_000960,cust_0960,1453.39,2026-08-11,paid
led_000961,order_000961,cust_0961,20197.16,2026-08-17,paid
led_000962,order_000962,cust_0962,11696.22,2026-08-20,paid
led_000963,order_000963,cust_0963,22381.73,2026-08-05,paid
led_000964,order_000964,cust_0964,8535.16,2026-08-20,paid
led_000965,order_000965,cust_0965,8303.99,2026-08-13,paid
led_000966,order_000966,cust_0966,24770.09,2026-08-10,paid
led_000967,order_000967,cust_0967,15046.25,2026-08-17,paid
led_000968,order_000968,cust_0968,20793.09,2026-08-18,paid
led_000969,order_000969,cust_0969,12501.24,2026-08-19,paid
led_000970,order_000970,cust_0970,7844.87,2026-08-01,paid
led_000971,order_000971,cust_0971,9524.77,2026-08-04,paid
led_000972,order_000972,cust_0972,24507.5,2026-08-19,paid
led_000973,order_000973,cust_0973,8038.11,2026-08-21,paid
led_000974,order_000974,cust_0974,1152.86,2026-08-16,paid
led_000975,order_000975,cust_0975,7005.5,2026-08-21,paid
led_000976,order_000976,cust_0976,19681.15,2026-08-19,paid
led_000977,order_000977,cust_0977,14652.04,2026-08-02,paid
led_000978,order_000978,cust_0978,14796.32,2026-08-06,paid
led_000979,order_000979,cust_0979,13343.69,2026-08-20,paid
led_000980,order_000980,cust_0980,19477.85,2026-08-13,paid
led_000981,order_000981,cust_0981,4120.5,2026-08-08,paid
led_000982,order_000982,cust_0982,1273.48,2026-08-04,paid
led_000983,order_000983,cust_0983,5174.22,2026-08-15,paid
led_000984,order_000984,cust_0984,8185.47,2026-08-05,paid
led_000985,order_000985,cust_0985,10617.52,2026-08-07,paid
led_000986,order_000986,cust_0986,10554.25,2026-08-20,paid
led_000987,order_000987,cust_0987,23052.76,2026-08-02,paid
led_000988,order_000988,cust_0988,17791.49,2026-08-17,paid
led_000989,order_000989,cust_0989,5579.87,2026-08-11,paid
led_000990,order_000990,cust_0990,24954.01,2026-08-16,paid
led_000991,order_000991,cust_0991,13374.19,2026-08-11,paid
led_000992,order_000992,cust_0992,23938.79,2026-08-15,paid
led_000993,order_000993,cust_0993,22847.04,2026-08-11,paid
led_000994,order_000994,cust_0994,13883.69,2026-08-21,paid
led_000995,order_000995,cust_0995,20189.49,2026-08-09,paid
led_000996,order_000996,cust_0996,15446.88,2026-08-07,paid
led_000997,order_000997,cust_0997,23954.77,2026-08-09,paid
led_000998,order_000998,cust_0998,14173.12,2026-08-08,paid
led_000999,order_000999,cust_0999,23566.4,2026-08-10,paid
led_001000,order_001000,cust_1000,19393.77,2026-08-07,paid
led_001001,order_001001,cust_1001,17410.88,2026-08-16,paid
led_001002,order_001002,cust_1002,8267.5,2026-08-12,paid
led_001003,order_001003,cust_1003,14231.95,2026-08-09,paid
led_001004,order_001004,cust_1004,7550.84,2026-08-19,paid
led_001005,order_001005,cust_1005,17077.25,2026-08-13,paid
led_001006,order_001006,cust_1006,22446.13,2026-08-13,paid
led_001007,order_001007,cust_1007,20550.25,2026-08-05,paid
led_001008,order_001008,cust_1008,7616.09,2026-08-10,paid
led_001009,order_001009,cust_1009,23905.19,2026-08-03,paid
led_001010,order_001010,cust_1010,8985.91,2026-08-15,paid
led_001011,order_001011,cust_1011,16571.32,2026-08-16,paid
led_001012,order_001012,cust_1012,5742.68,2026-08-18,paid
led_001013,order_001013,cust_1013,7142.75,2026-08-18,paid
led_001014,order_001014,cust_1014,17556.2,2026-08-05,paid
led_001015,order_001015,cust_1015,3176.05,2026-08-19,paid
led_001016,order_001016,cust_1016,6362.41,2026-08-02,paid
led_001017,order_001017,cust_1017,16910.93,2026-08-17,paid
led_001018,order_001018,cust_1018,6028.96,2026-08-08,paid
led_001019,order_001019,cust_1019,1786.03,2026-08-14,paid
led_001020,order_001020,cust_1020,8592.19,2026-08-16,paid
led_001021,order_001021,cust_1021,2963.35,2026-08-05,paid
led_001022,order_001022,cust_1022,626.95,2026-08-18,paid
led_001023,order_001023,cust_1023,24458.81,2026-08-06,paid
led_001024,order_001024,cust_1024,10469.23,2026-08-16,paid
led_001025,order_001025,cust_1025,12197.49,2026-08-07,paid
led_001026,order_001026,cust_1026,19019.82,2026-08-10,paid
led_001027,order_001027,cust_1027,8368.61,2026-08-21,paid
led_001028,order_001028,cust_1028,1949.48,2026-08-03,paid
led_001029,order_001029,cust_1029,16481.32,2026-08-08,paid
led_001030,order_001030,cust_1030,13611.23,2026-08-02,paid
led_001031,order_001031,cust_1031,22874.13,2026-08-06,paid
led_001032,order_001032,cust_1032,10738.18,2026-08-06,paid
led_001033,order_001033,cust_1033,23381.1,2026-08-02,paid
led_001034,order_001034,cust_1034,24930.71,2026-08-13,paid
led_001035,order_001035,cust_1035,19805.04,2026-08-06,paid
led_001036,order_001036,cust_1036,23446.91,2026-08-10,paid
led_001037,order_001037,cust_1037,21980.21,2026-08-01,paid
led_001038,order_001038,cust_1038,7810.61,2026-08-20,paid
led_001039,order_001039,cust_1039,3128.87,2026-08-11,paid
led_001040,order_001040,cust_1040,7471.76,2026-08-21,paid
led_001041,order_001041,cust_1041,13810.86,2026-08-16,paid
led_001042,order_001042,cust_1042,22286.87,2026-08-05,paid
led_001043,order_001043,cust_1043,21350.96,2026-08-15,paid
led_001044,order_001044,cust_1044,7184.51,2026-08-04,paid
led_001045,order_001045,cust_1045,8601.76,2026-08-15,paid
led_001046,order_001046,cust_1046,16382.99,2026-08-06,paid
led_001047,order_001047,cust_1047,845.06,2026-08-11,paid
led_001048,order_001048,cust_1048,19873.81,2026-08-19,paid
led_001049,order_001049,cust_1049,17022.83,2026-08-07,paid
led_001050,order_001050,cust_1050,4799.63,2026-08-21,paid
led_001051,order_001051,cust_1051,22477.55,2026-08-14,paid
led_001052,order_001052,cust_1052,13124.38,2026-08-03,paid
led_001053,order_001053,cust_1053,10320.41,2026-08-04,paid
led_001054,order_001054,cust_1054,5027.14,2026-08-05,paid
led_001055,order_001055,cust_1055,12197.63,2026-08-08,paid
led_001056,order_001056,cust_1056,667.34,2026-08-13,paid
led_001057,order_001057,cust_1057,6270.27,2026-08-09,paid
led_001058,order_001058,cust_1058,23873.85,2026-08-10,paid
led_001059,order_001059,cust_1059,14770.29,2026-08-19,paid
led_001060,order_001060,cust_1060,780.18,2026-08-21,paid
led_001061,order_001061,cust_1061,9309.03,2026-08-08,paid
led_001062,order_001062,cust_1062,2022.05,2026-08-04,paid
led_001063,order_001063,cust_1063,11902.18,2026-08-06,paid
led_001064,order_001064,cust_1064,10432.71,2026-08-17,paid
led_001065,order_001065,cust_1065,23116.1,2026-08-10,paid
led_001066,order_001066,cust_1066,17412.11,2026-08-21,paid
led_001067,order_001067,cust_1067,22945.19,2026-08-10,paid
led_001068,order_001068,cust_1068,9504.83,2026-08-08,paid
led_001069,order_001069,cust_1069,5868.65,2026-08-05,paid
led_001070,order_001070,cust_1070,12215.46,2026-08-15,paid
led_001071,order_001071,cust_1071,18819.5,2026-08-20,paid
led_001072,order_001072,cust_1072,9653.81,2026-08-18,paid
led_001073,order_001073,cust_1073,22863.52,2026-08-18,paid
led_001074,order_001074,cust_1074,20148.88,2026-08-07,paid
led_001075,order_001075,cust_1075,19165.56,2026-08-20,paid
led_001076,order_001076,cust_1076,21891.81,2026-08-03,paid
led_001077,order_001077,cust_1077,13374.91,2026-08-17,paid
led_001078,order_001078,cust_1078,17742.27,2026-08-03,paid
led_001079,order_001079,cust_1079,22972.5,2026-08-04,paid
led_001080,order_001080,cust_1080,2013.07,2026-08-18,paid
led_001081,order_001081,cust_1081,22620.76,2026-08-07,paid
led_001082,order_001082,cust_1082,14531.19,2026-08-05,paid
led_001083,order_001083,cust_1083,4531.16,2026-08-17,paid
led_001084,order_001084,cust_1084,11325.09,2026-08-07,paid
led_001085,order_001085,cust_1085,18064.49,2026-08-16,paid
led_001086,order_001086,cust_1086,2728.07,2026-08-17,paid
led_001087,order_001087,cust_1087,11414.33,2026-08-02,paid
led_001088,order_001088,cust_1088,11609.09,2026-08-17,paid
led_001089,order_001089,cust_1089,10677.9,2026-08-19,paid
led_001090,order_001090,cust_1090,1914.55,2026-08-15,paid
led_001091,order_001091,cust_1091,16982.81,2026-08-10,paid
led_001092,order_001092,cust_1092,18220.36,2026-08-13,paid
led_001093,order_001093,cust_1093,6734.2,2026-08-01,paid
led_001094,order_001094,cust_1094,18772.21,2026-08-19,paid
led_001095,order_001095,cust_1095,2289.22,2026-08-14,paid
led_001096,order_001096,cust_1096,8940.96,2026-08-03,paid
led_001097,order_001097,cust_1097,13758.51,2026-08-02,paid
led_001098,order_001098,cust_1098,23397.28,2026-08-03,paid
led_001099,order_001099,cust_1099,24660.36,2026-08-16,paid
led_001100,order_001100,cust_1100,1277.5,2026-08-14,paid
led_001101,order_001101,cust_1101,4909.54,2026-08-05,paid
led_001102,order_001102,cust_1102,19262.78,2026-08-21,paid
led_001103,order_001103,cust_1103,24112.67,2026-08-12,paid
led_001104,order_001104,cust_1104,24824.99,2026-08-13,paid
led_001105,order_001105,cust_1105,11489.16,2026-08-13,paid
led_001106,order_001106,cust_1106,9703.32,2026-08-18,paid
led_001107,order_001107,cust_1107,3758.25,2026-08-12,paid
led_001108,order_001108,cust_1108,3406.51,2026-08-18,paid
led_001109,order_001109,cust_1109,10129.94,2026-08-05,paid
led_001110,order_001110,cust_1110,18332.52,2026-08-08,paid
led_001111,order_001111,cust_1111,20953.13,2026-08-01,paid
led_001112,order_001112,cust_1112,24473.02,2026-08-15,paid
led_001113,order_001113,cust_1113,17000.75,2026-08-18,paid
led_001114,order_001114,cust_1114,9792.27,2026-08-08,paid
led_001115,order_001115,cust_1115,6564.04,2026-08-12,paid
led_001116,order_001116,cust_1116,4300.47,2026-08-07,paid
led_001117,order_001117,cust_1117,23466.55,2026-08-04,paid
led_001118,order_001118,cust_1118,1289.32,2026-08-14,paid
led_001119,order_001119,cust_1119,15565.62,2026-08-01,paid
led_001120,order_001120,cust_1120,6396.32,2026-08-03,paid
led_001121,order_001121,cust_1121,2971.97,2026-08-02,paid
led_001122,order_001122,cust_1122,11437.81,2026-08-02,paid
led_001123,order_001123,cust_1123,6495.99,2026-08-02,paid
led_001124,order_001124,cust_1124,10355.5,2026-08-08,paid
led_001125,order_001125,cust_1125,13724.12,2026-08-02,paid
led_001126,order_001126,cust_1126,3933.32,2026-08-10,paid
led_001127,order_001127,cust_1127,6236.96,2026-08-19,paid
led_001128,order_001128,cust_1128,8313.14,2026-08-20,paid
led_001129,order_001129,cust_1129,19427.19,2026-08-11,paid
led_001130,order_001130,cust_1130,6304.15,2026-08-05,paid
led_001131,order_001131,cust_1131,24649.54,2026-08-17,paid
led_001132,order_001132,cust_1132,5915.55,2026-08-10,paid
led_001133,order_001133,cust_1133,7241.27,2026-08-18,paid
led_001134,order_001134,cust_1134,23738.75,2026-08-06,paid
led_001135,order_001135,cust_1135,15836.83,2026-08-14,paid
led_001136,order_001136,cust_1136,14118.34,2026-08-02,paid
led_001137,order_001137,cust_1137,24321.11,2026-08-21,paid
led_001138,order_001138,cust_1138,16947.89,2026-08-17,paid
led_001139,order_001139,cust_1139,8308.99,2026-08-14,paid
led_001140,order_001140,cust_1140,10502.35,2026-08-10,paid
led_001141,order_001141,cust_1141,9723.27,2026-08-18,paid
led_001142,order_001142,cust_1142,12101.21,2026-08-08,paid
led_001143,order_001143,cust_1143,7868.04,2026-08-05,paid
led_001144,order_001144,cust_1144,20241.52,2026-08-02,paid
led_001145,order_001145,cust_1145,14278.46,2026-08-14,paid
led_001146,order_001146,cust_1146,14153.53,2026-08-05,paid
led_001147,order_001147,cust_1147,10016.27,2026-08-09,paid
led_001148,order_001148,cust_1148,5481.75,2026-08-21,paid
led_001149,order_001149,cust_1149,2437.23,2026-08-15,paid
led_001150,order_001150,cust_1150,21254.77,2026-08-03,paid
led_001151,order_001151,cust_1151,13623.07,2026-08-07,paid
led_001152,order_001152,cust_1152,1762.65,2026-08-13,paid
led_001153,order_001153,cust_1153,17004.96,2026-08-20,paid
led_001154,order_001154,cust_1154,1468.92,2026-08-03,paid
led_001155,order_001155,cust_1155,5110.0,2026-08-19,paid
led_001156,order_001156,cust_1156,18245.48,2026-08-18,paid
led_001157,order_001157,cust_1157,5816.9,2026-08-07,paid
led_001158,order_001158,cust_1158,21802.11,2026-08-11,paid
led_001159,order_001159,cust_1159,7928.11,2026-08-01,paid
led_001160,order_001160,cust_1160,5689.29,2026-08-07,paid
led_001161,order_001161,cust_1161,24070.9,2026-08-04,paid
led_001162,order_001162,cust_1162,18798.54,2026-08-16,paid
led_001163,order_001163,cust_1163,22903.81,2026-08-20,paid
led_001164,order_001164,cust_1164,17742.33,2026-08-13,paid
led_001165,order_001165,cust_1165,22920.6,2026-08-18,paid
led_001166,order_001166,cust_1166,8379.57,2026-08-10,paid
led_001167,order_001167,cust_1167,9826.21,2026-08-18,paid
led_001168,order_001168,cust_1168,16393.67,2026-08-10,paid
led_001169,order_001169,cust_1169,6908.26,2026-08-17,paid
led_001170,order_001170,cust_1170,22128.89,2026-08-15,paid
led_001171,order_001171,cust_1171,2915.9,2026-08-16,paid
led_001172,order_001172,cust_1172,19159.91,2026-08-11,paid
led_001173,order_001173,cust_1173,22901.1,2026-08-12,paid
led_001174,order_001174,cust_1174,8166.59,2026-08-02,paid
led_001175,order_001175,cust_1175,14281.86,2026-08-08,paid
led_001176,order_001176,cust_1176,18660.68,2026-08-01,paid
led_001177,order_001177,cust_1177,6888.97,2026-08-19,paid
led_001178,order_001178,cust_1178,14689.0,2026-08-14,paid
led_001179,order_001179,cust_1179,7732.21,2026-08-07,paid
led_001180,order_001180,cust_1180,8581.7,2026-08-13,paid
led_001181,order_001181,cust_1181,14459.84,2026-08-08,paid
led_001182,order_001182,cust_1182,12732.89,2026-08-21,paid
led_001183,order_001183,cust_1183,23614.88,2026-08-11,paid
led_001184,order_001184,cust_1184,6804.51,2026-08-16,paid
led_001185,order_001185,cust_1185,24179.45,2026-08-21,paid
led_001186,order_001186,cust_1186,18620.06,2026-08-15,paid
led_001187,order_001187,cust_1187,4621.72,2026-08-12,paid
led_001188,order_001188,cust_1188,4647.01,2026-08-18,paid
led_001189,order_001189,cust_1189,12463.75,2026-08-18,paid
led_001190,order_001190,cust_1190,24762.93,2026-08-02,paid
led_001191,order_001191,cust_1191,13336.64,2026-08-03,paid
led_001192,order_001192,cust_1192,23657.11,2026-08-02,paid
led_001193,order_001193,cust_1193,19226.3,2026-08-14,paid
led_001194,order_001194,cust_1194,3868.54,2026-08-21,paid
led_001195,order_001195,cust_1195,6170.12,2026-08-05,paid
led_001196,order_001196,cust_1196,723.97,2026-08-17,paid
led_001197,order_001197,cust_1197,11672.24,2026-08-02,paid
led_001198,order_001198,cust_1198,15636.96,2026-08-20,paid
led_001199,order_001199,cust_1199,22862.41,2026-08-16,paid
led_001200,order_001200,cust_1200,885.43,2026-08-18,paid
led_001201,order_001201,cust_1201,14015.27,2026-08-01,paid
led_001202,order_001202,cust_1202,909.79,2026-08-09,paid
led_001203,order_001203,cust_1203,13625.58,2026-08-10,paid
led_001204,order_001204,cust_1204,919.99,2026-08-14,paid
led_001205,order_001205,cust_1205,20251.11,2026-08-06,paid
led_001206,order_001206,cust_1206,3121.9,2026-08-04,paid
led_001207,order_001207,cust_1207,13347.44,2026-08-08,paid
led_001208,order_001208,cust_1208,5202.34,2026-08-17,paid
led_001209,order_001209,cust_1209,6684.25,2026-08-12,paid
led_001210,order_001210,cust_1210,7049.46,2026-08-13,paid
led_001211,order_001211,cust_1211,2435.97,2026-08-13,paid
led_001212,order_001212,cust_1212,11745.44,2026-08-08,paid
led_001213,order_001213,cust_1213,24760.71,2026-08-08,paid
led_001214,order_001214,cust_1214,7849.38,2026-08-03,paid
led_001215,order_001215,cust_1215,16516.53,2026-08-21,paid
led_001216,order_001216,cust_1216,19109.85,2026-08-03,paid
led_001217,order_001217,cust_1217,10429.32,2026-08-13,paid
led_001218,order_001218,cust_1218,14041.19,2026-08-02,paid
led_001219,order_001219,cust_1219,16100.33,2026-08-06,paid
led_001220,order_001220,cust_1220,2525.81,2026-08-14,paid
led_001221,order_001221,cust_1221,16300.23,2026-08-11,paid
led_001222,order_001222,cust_1222,14363.49,2026-08-04,paid
led_001223,order_001223,cust_1223,22422.38,2026-08-02,paid
led_001224,order_001224,cust_1224,6129.28,2026-08-19,paid
led_001225,order_001225,cust_1225,12149.76,2026-08-02,paid
led_001226,order_001226,cust_1226,23141.9,2026-08-09,paid
led_001227,order_001227,cust_1227,22533.14,2026-08-19,paid
led_001228,order_001228,cust_1228,16623.68,2026-08-06,paid
led_001229,order_001229,cust_1229,23254.78,2026-08-11,paid
led_001230,order_001230,cust_1230,883.62,2026-08-07,paid
led_001231,order_001231,cust_1231,14882.38,2026-08-13,paid
led_001232,order_001232,cust_1232,23257.44,2026-08-10,paid
led_001233,order_001233,cust_1233,4480.03,2026-08-08,paid
led_001234,order_001234,cust_1234,14384.05,2026-08-13,paid
led_001235,order_001235,cust_1235,17087.36,2026-08-18,paid
led_001236,order_001236,cust_1236,8627.38,2026-08-05,paid
led_001237,order_001237,cust_1237,19867.2,2026-08-03,paid
led_001238,order_001238,cust_1238,12769.42,2026-08-12,paid
led_001239,order_001239,cust_1239,1815.56,2026-08-14,paid
led_001240,order_001240,cust_1240,6187.53,2026-08-03,paid
led_001241,order_001241,cust_1241,8844.52,2026-08-20,paid
led_001242,order_001242,cust_1242,23894.03,2026-08-13,paid
led_001243,order_001243,cust_1243,24238.55,2026-08-11,paid
led_001244,order_001244,cust_1244,1225.83,2026-08-09,paid
led_001245,order_001245,cust_1245,19696.93,2026-08-15,paid
led_001246,order_001246,cust_1246,12519.78,2026-08-12,paid
led_001247,order_001247,cust_1247,14049.42,2026-08-13,paid
led_001248,order_001248,cust_1248,11080.27,2026-08-19,paid
led_001249,order_001249,cust_1249,16686.46,2026-08-03,paid
led_001250,order_001250,cust_1250,19418.1,2026-08-10,paid
led_001251,order_001251,cust_1251,20052.35,2026-08-03,paid
led_001252,order_001252,cust_1252,2509.93,2026-08-05,paid
led_001253,order_001253,cust_1253,9810.0,2026-08-21,paid
led_001254,order_001254,cust_1254,4279.78,2026-08-13,paid
led_001255,order_001255,cust_1255,8258.62,2026-08-04,paid
led_001256,order_001256,cust_1256,2742.25,2026-08-10,paid
led_001257,order_001257,cust_1257,11396.03,2026-08-09,paid
led_001258,order_001258,cust_1258,3004.67,2026-08-03,paid
led_001259,order_001259,cust_1259,5091.1,2026-08-15,paid
led_001260,order_001260,cust_1260,14146.13,2026-08-17,paid
led_001261,order_001261,cust_1261,10497.08,2026-08-01,paid
led_001262,order_001262,cust_1262,2695.66,2026-08-18,paid
led_001263,order_001263,cust_1263,2780.07,2026-08-20,paid
led_001264,order_001264,cust_1264,19718.75,2026-08-13,paid
led_001265,order_001265,cust_1265,802.35,2026-08-14,paid
led_001266,order_001266,cust_1266,10001.09,2026-08-03,paid
led_001267,order_001267,cust_1267,18258.67,2026-08-18,paid
led_001268,order_001268,cust_1268,22677.59,2026-08-08,paid
led_001269,order_001269,cust_1269,14513.03,2026-08-06,paid
led_001270,order_001270,cust_1270,17290.24,2026-08-06,paid
led_001271,order_001271,cust_1271,3901.58,2026-08-10,paid
led_001272,order_001272,cust_1272,7075.97,2026-08-05,paid
led_001273,order_001273,cust_1273,2050.05,2026-08-14,paid
led_001274,order_001274,cust_1274,7261.07,2026-08-10,paid
led_001275,order_001275,cust_1275,12363.67,2026-08-03,paid
led_001276,order_001276,cust_1276,9347.56,2026-08-08,paid
led_001277,order_001277,cust_1277,18162.04,2026-08-16,paid
led_001278,order_001278,cust_1278,15048.26,2026-08-07,paid
led_001279,order_001279,cust_1279,11717.61,2026-08-05,paid
led_001280,order_001280,cust_1280,7964.12,2026-08-13,paid
led_001281,order_001281,cust_1281,8639.32,2026-08-20,paid
led_001282,order_001282,cust_1282,9807.3,2026-08-11,paid
led_001283,order_001283,cust_1283,11285.46,2026-08-14,paid
led_001284,order_001284,cust_1284,20479.15,2026-08-21,paid
led_001285,order_001285,cust_1285,24368.52,2026-08-05,paid
led_001286,order_001286,cust_1286,7860.66,2026-08-20,paid
led_001287,order_001287,cust_1287,23708.33,2026-08-07,paid
led_001288,order_001288,cust_1288,12235.74,2026-08-06,paid
led_001289,order_001289,cust_1289,24132.08,2026-08-11,paid
led_001290,order_001290,cust_1290,7640.48,2026-08-21,paid
led_001291,order_001291,cust_1291,12529.68,2026-08-19,paid
led_001292,order_001292,cust_1292,19658.37,2026-08-11,paid
led_001293,order_001293,cust_1293,9713.35,2026-08-13,paid
led_001294,order_001294,cust_1294,9442.88,2026-08-19,paid
led_001295,order_001295,cust_1295,5395.1,2026-08-18,paid
led_001296,order_001296,cust_1296,4908.22,2026-08-18,paid
led_001297,order_001297,cust_1297,1159.44,2026-08-15,paid
led_001298,order_001298,cust_1298,23602.89,2026-08-07,paid
led_001299,order_001299,cust_1299,11242.15,2026-08-10,paid
led_001300,order_001300,cust_1300,20866.4,2026-08-03,paid
led_001301,order_001301,cust_1301,20564.66,2026-08-14,paid
led_001302,order_001302,cust_1302,16987.95,2026-08-05,paid
led_001303,order_001303,cust_1303,16016.73,2026-08-08,paid
led_001304,order_001304,cust_1304,6690.7,2026-08-05,paid
led_001305,order_001305,cust_1305,18023.29,2026-08-13,paid
led_001306,order_001306,cust_1306,2312.15,2026-08-20,paid
led_001307,order_001307,cust_1307,12241.25,2026-08-13,paid
led_001308,order_001308,cust_1308,13592.0,2026-08-14,paid
led_001309,order_001309,cust_1309,13819.31,2026-08-12,paid
led_001310,order_001310,cust_1310,17690.04,2026-08-18,paid
led_001311,order_001311,cust_1311,15048.59,2026-08-03,paid
led_001312,order_001312,cust_1312,3179.55,2026-08-08,paid
led_001313,order_001313,cust_1313,16611.24,2026-08-12,paid
led_001314,order_001314,cust_1314,4575.29,2026-08-20,paid
led_001315,order_001315,cust_1315,1585.27,2026-08-21,paid
led_001316,order_001316,cust_1316,17098.06,2026-08-13,paid
led_001317,order_001317,cust_1317,24186.87,2026-08-11,paid
led_001318,order_001318,cust_1318,24160.06,2026-08-14,paid
led_001319,order_001319,cust_1319,3095.64,2026-08-04,paid
led_001320,order_001320,cust_1320,6839.09,2026-08-17,paid
led_001321,order_001321,cust_1321,18797.9,2026-08-18,paid
led_001322,order_001322,cust_1322,14722.7,2026-08-19,paid
led_001323,order_001323,cust_1323,5915.28,2026-08-12,paid
led_001324,order_001324,cust_1324,10082.79,2026-08-19,paid
led_001325,order_001325,cust_1325,17415.71,2026-08-05,paid
led_001326,order_001326,cust_1326,8951.7,2026-08-01,paid
led_001327,order_001327,cust_1327,12327.89,2026-08-10,paid
led_001328,order_001328,cust_1328,10691.4,2026-08-03,paid
led_001329,order_001329,cust_1329,3343.7,2026-08-05,paid
led_001330,order_001330,cust_1330,9034.05,2026-08-11,paid
led_001331,order_001331,cust_1331,11655.65,2026-08-07,paid
led_001332,order_001332,cust_1332,13267.31,2026-08-12,paid
led_001333,order_001333,cust_1333,12165.98,2026-08-15,paid
led_001334,order_001334,cust_1334,18188.85,2026-08-15,paid
led_001335,order_001335,cust_1335,8313.28,2026-08-10,paid
led_001336,order_001336,cust_1336,17914.09,2026-08-01,paid
led_001337,order_001337,cust_1337,21304.91,2026-08-21,paid
led_001338,order_001338,cust_1338,3179.39,2026-08-06,paid
led_001339,order_001339,cust_1339,23283.1,2026-08-08,paid
led_001340,order_001340,cust_1340,13141.85,2026-08-18,paid
led_001341,order_001341,cust_1341,4423.32,2026-08-18,paid
led_001342,order_001342,cust_1342,10946.05,2026-08-15,paid
led_001343,order_001343,cust_1343,6180.46,2026-08-13,paid
led_001344,order_001344,cust_1344,15929.13,2026-08-06,paid
led_001345,order_001345,cust_1345,16191.73,2026-08-14,paid
led_001346,order_001346,cust_1346,10191.77,2026-08-20,paid
led_001347,order_001347,cust_1347,22135.89,2026-08-15,paid
led_001348,order_001348,cust_1348,15008.98,2026-08-13,paid
led_001349,order_001349,cust_1349,609.03,2026-08-07,paid
led_001350,order_001350,cust_1350,5541.72,2026-08-03,paid
led_001351,order_001351,cust_1351,14645.02,2026-08-18,paid
led_001352,order_001352,cust_1352,5080.52,2026-08-11,paid
led_001353,order_001353,cust_1353,5328.32,2026-08-04,paid
led_001354,order_001354,cust_1354,6927.66,2026-08-16,paid
led_001355,order_001355,cust_1355,13429.02,2026-08-21,paid
led_001356,order_001356,cust_1356,8178.4,2026-08-13,paid
led_001357,order_001357,cust_1357,15477.06,2026-08-19,paid
led_001358,order_001358,cust_1358,3298.69,2026-08-12,paid
led_001359,order_001359,cust_1359,21215.19,2026-08-20,paid
led_001360,order_001360,cust_1360,4726.92,2026-08-10,paid
led_001361,order_001361,cust_1361,23007.72,2026-08-19,paid
led_001362,order_001362,cust_1362,2576.42,2026-08-05,paid
led_001363,order_001363,cust_1363,8173.05,2026-08-08,paid
led_001364,order_001364,cust_1364,7981.81,2026-08-06,paid
led_001365,order_001365,cust_1365,9646.0,2026-08-05,paid
led_001366,order_001366,cust_1366,13015.21,2026-08-14,paid
led_001367,order_001367,cust_1367,15112.43,2026-08-19,paid
led_001368,order_001368,cust_1368,9900.89,2026-08-06,paid
led_001369,order_001369,cust_1369,12423.42,2026-08-18,paid
led_001370,order_001370,cust_1370,17489.11,2026-08-21,paid
led_001371,order_001371,cust_1371,23302.03,2026-08-06,paid
led_001372,order_001372,cust_1372,14095.36,2026-08-16,paid
led_001373,order_001373,cust_1373,7576.45,2026-08-06,paid
led_001374,order_001374,cust_1374,8207.21,2026-08-15,paid
led_001375,order_001375,cust_1375,15675.54,2026-08-12,paid
led_001376,order_001376,cust_1376,23820.13,2026-08-16,paid
led_001377,order_001377,cust_1377,3845.1,2026-08-13,paid
led_001378,order_001378,cust_1378,24113.81,2026-08-17,paid
led_001379,order_001379,cust_1379,16500.21,2026-08-14,paid
led_001380,order_001380,cust_1380,17275.07,2026-08-14,paid
led_001381,order_001381,cust_1381,17898.49,2026-08-15,paid
led_001382,order_001382,cust_1382,12473.14,2026-08-03,paid
led_001383,order_001383,cust_1383,14352.25,2026-08-08,paid
led_001384,order_001384,cust_1384,7656.2,2026-08-09,paid
led_001385,order_001385,cust_1385,6008.66,2026-08-10,paid
led_001386,order_001386,cust_1386,4621.12,2026-08-15,paid
led_001387,order_001387,cust_1387,14358.44,2026-08-16,paid
led_001388,order_001388,cust_1388,13968.29,2026-08-04,paid
led_001389,order_001389,cust_1389,14531.49,2026-08-09,paid
led_001390,order_001390,cust_1390,19490.27,2026-08-12,paid
led_001391,order_001391,cust_1391,13780.06,2026-08-02,paid
led_001392,order_001392,cust_1392,19120.1,2026-08-15,paid
led_001393,order_001393,cust_1393,13885.66,2026-08-14,paid
led_001394,order_001394,cust_1394,3009.2,2026-08-21,paid
led_001395,order_001395,cust_1395,18907.96,2026-08-10,paid
led_001396,order_001396,cust_1396,21932.84,2026-08-02,paid
led_001397,order_001397,cust_1397,11518.44,2026-08-12,paid
led_001398,order_001398,cust_1398,21623.89,2026-08-03,paid
led_001399,order_001399,cust_1399,11257.21,2026-08-04,paid
led_001400,order_001400,cust_1400,19502.98,2026-08-08,paid
led_001401,order_001401,cust_1401,5642.02,2026-08-19,paid
led_001402,order_001402,cust_1402,17383.77,2026-08-20,paid
led_001403,order_001403,cust_1403,16002.88,2026-08-06,paid
led_001404,order_001404,cust_1404,15595.7,2026-08-07,paid
led_001405,order_001405,cust_1405,20431.48,2026-08-02,paid
led_001406,order_001406,cust_1406,14466.82,2026-08-18,paid
led_001407,order_001407,cust_1407,7386.58,2026-08-18,paid
led_001408,order_001408,cust_1408,4625.25,2026-08-10,paid
led_001409,order_001409,cust_1409,7588.66,2026-08-09,paid
led_001410,order_001410,cust_1410,23833.73,2026-08-17,paid
led_001411,order_001411,cust_1411,24644.46,2026-08-04,paid
led_001412,order_001412,cust_1412,3821.93,2026-08-14,paid
led_001413,order_001413,cust_1413,23009.83,2026-08-09,paid
led_001414,order_001414,cust_1414,21742.67,2026-08-05,paid
led_001415,order_001415,cust_1415,17684.95,2026-08-05,paid
led_001416,order_001416,cust_1416,6617.09,2026-08-11,paid
led_001417,order_001417,cust_1417,20797.8,2026-08-13,paid
led_001418,order_001418,cust_1418,12491.74,2026-08-19,paid
led_001419,order_001419,cust_1419,15993.85,2026-08-21,paid
led_001420,order_001420,cust_1420,10648.51,2026-08-15,paid
led_001421,order_001421,cust_1421,2350.15,2026-08-03,paid
led_001422,order_001422,cust_1422,10369.84,2026-08-09,paid
led_001423,order_001423,cust_1423,17520.24,2026-08-12,paid
led_001424,order_001424,cust_1424,11640.04,2026-08-16,paid
led_001425,order_001425,cust_1425,8518.59,2026-08-01,paid
led_001426,order_001426,cust_1426,21788.24,2026-08-03,paid
led_001427,order_001427,cust_1427,18407.83,2026-08-15,paid
led_001428,order_001428,cust_1428,16053.59,2026-08-12,paid
led_001429,order_001429,cust_1429,21327.6,2026-08-18,paid
led_001430,order_001430,cust_1430,10244.04,2026-08-14,paid
led_001431,order_001431,cust_1431,20708.77,2026-08-16,paid
led_001432,order_001432,cust_1432,7079.15,2026-08-10,paid
led_001433,order_001433,cust_1433,8775.0,2026-08-19,paid
led_001434,order_001434,cust_1434,3699.56,2026-08-16,paid
led_001435,order_001435,cust_1435,19813.44,2026-08-02,paid
led_001436,order_001436,cust_1436,1625.6,2026-08-21,paid
led_001437,order_001437,cust_1437,19705.3,2026-08-15,paid
led_001438,order_001438,cust_1438,898.89,2026-08-06,paid
led_001439,order_001439,cust_1439,11311.51,2026-08-01,paid
led_001440,order_001440,cust_1440,24800.04,2026-08-14,paid
led_001441,order_001441,cust_1441,5456.8,2026-08-05,paid
led_001442,order_001442,cust_1442,22112.62,2026-08-10,paid
led_001443,order_001443,cust_1443,4394.95,2026-08-09,paid
led_001444,order_001444,cust_1444,2786.83,2026-08-12,paid
led_001445,order_001445,cust_1445,6634.54,2026-08-12,paid
led_001446,order_001446,cust_1446,16780.47,2026-08-21,paid
led_001447,order_001447,cust_1447,4555.36,2026-08-13,paid
led_001448,order_001448,cust_1448,15827.3,2026-08-08,paid
led_001449,order_001449,cust_1449,11016.16,2026-08-03,paid
led_001450,order_001450,cust_1450,17740.6,2026-08-01,paid
led_001451,order_001451,cust_1451,5728.82,2026-08-03,paid
led_001452,order_001452,cust_1452,3751.14,2026-08-08,paid
led_001453,order_001453,cust_1453,13226.38,2026-08-15,paid
led_001454,order_001454,cust_1454,727.53,2026-08-11,paid
led_001455,order_001455,cust_1455,20519.17,2026-08-14,paid
led_001456,order_001456,cust_1456,17503.76,2026-08-16,paid
led_001457,order_001457,cust_1457,2235.29,2026-08-13,paid
led_001458,order_001458,cust_1458,2688.61,2026-08-04,paid
led_001459,order_001459,cust_1459,3028.44,2026-08-12,paid
led_001460,order_001460,cust_1460,22084.23,2026-08-05,paid
led_001461,order_001461,cust_1461,9876.67,2026-08-05,paid
led_001462,order_001462,cust_1462,16218.62,2026-08-05,paid
led_001463,order_001463,cust_1463,2176.08,2026-08-19,paid
led_001464,order_001464,cust_1464,707.63,2026-08-21,paid
led_001465,order_001465,cust_1465,4520.86,2026-08-12,paid
led_001466,order_001466,cust_1466,18199.58,2026-08-21,paid
led_001467,order_001467,cust_1467,18832.59,2026-08-14,paid
led_001468,order_001468,cust_1468,15593.86,2026-08-15,paid
led_001469,order_001469,cust_1469,21569.08,2026-08-03,paid
led_001470,order_001470,cust_1470,22466.53,2026-08-05,paid
led_001471,order_001471,cust_1471,18934.92,2026-08-19,paid
led_001472,order_001472,cust_1472,18385.22,2026-08-12,paid
led_001473,order_001473,cust_1473,24099.59,2026-08-11,paid
led_001474,order_001474,cust_1474,19881.38,2026-08-08,paid
led_001475,order_001475,cust_1475,7285.71,2026-08-03,paid
led_001476,order_001476,cust_1476,6580.09,2026-08-20,paid
led_001477,order_001477,cust_1477,15200.19,2026-08-20,paid
led_001478,order_001478,cust_1478,7480.56,2026-08-01,paid
led_001479,order_001479,cust_1479,21273.36,2026-08-10,paid
led_001480,order_001480,cust_1480,5533.42,2026-08-20,paid
led_001481,order_001481,cust_1481,12983.3,2026-08-13,paid
led_001482,order_001482,cust_1482,7740.78,2026-08-02,paid
led_001483,order_001483,cust_1483,19703.14,2026-08-08,paid
led_001484,order_001484,cust_1484,12624.75,2026-08-04,paid
led_001485,order_001485,cust_1485,6406.5,2026-08-21,paid
led_001486,order_001486,cust_1486,15051.28,2026-08-17,paid
led_001487,order_001487,cust_1487,22273.75,2026-08-01,paid
led_001488,order_001488,cust_1488,24678.62,2026-08-11,paid
led_001489,order_001489,cust_1489,3733.58,2026-08-19,paid
led_001490,order_001490,cust_1490,10811.16,2026-08-18,paid
led_001491,order_001491,cust_1491,17232.08,2026-08-16,paid
led_001492,order_001492,cust_1492,23884.1,2026-08-03,paid
led_001493,order_001493,cust_1493,908.89,2026-08-03,paid
led_001494,order_001494,cust_1494,837.94,2026-08-07,paid
led_001495,order_001495,cust_1495,1475.76,2026-08-02,paid
led_001496,order_001496,cust_1496,23742.66,2026-08-13,paid
led_001497,order_001497,cust_1497,12911.96,2026-08-21,paid
led_001498,order_001498,cust_1498,17959.41,2026-08-14,paid
led_001499,order_001499,cust_1499,10877.59,2026-08-13,paid
led_001500,order_001500,cust_1500,2519.48,2026-08-18,paid
led_001501,order_001501,cust_1501,13672.56,2026-08-05,paid
led_001502,order_001502,cust_1502,7297.96,2026-08-10,paid
led_001503,order_001503,cust_1503,2436.03,2026-08-07,paid
led_001504,order_001504,cust_1504,24370.68,2026-08-05,paid
led_001505,order_001505,cust_1505,13641.56,2026-08-13,paid
led_001506,order_001506,cust_1506,14867.71,2026-08-21,paid
led_001507,order_001507,cust_1507,17185.86,2026-08-03,paid
led_001508,order_001508,cust_1508,8099.15,2026-08-14,paid
led_001509,order_001509,cust_1509,18383.98,2026-08-08,paid
led_001510,order_001510,cust_1510,1918.7,2026-08-03,paid
led_001511,order_001511,cust_1511,23153.38,2026-08-04,paid
led_001512,order_001512,cust_1512,11607.61,2026-08-20,paid
led_001513,order_001513,cust_1513,1848.2,2026-08-06,paid
led_001514,order_001514,cust_1514,3426.35,2026-08-05,paid
led_001515,order_001515,cust_1515,17686.74,2026-08-06,paid
led_001516,order_001516,cust_1516,12662.12,2026-08-12,paid
led_001517,order_001517,cust_1517,13313.63,2026-08-09,paid
led_001518,order_001518,cust_1518,4590.59,2026-08-05,paid
led_001519,order_001519,cust_1519,18869.52,2026-08-09,paid
led_001520,order_001520,cust_1520,18456.93,2026-08-04,paid
led_001521,order_001521,cust_1521,19400.04,2026-08-01,paid
led_001522,order_001522,cust_1522,8707.77,2026-08-14,paid
led_001523,order_001523,cust_1523,7163.52,2026-08-03,paid
led_001524,order_001524,cust_1524,6942.27,2026-08-19,paid
led_001525,order_001525,cust_1525,15874.55,2026-08-16,paid
led_001526,order_001526,cust_1526,11652.35,2026-08-12,paid
led_001527,order_001527,cust_1527,1858.26,2026-08-19,paid
led_001528,order_001528,cust_1528,4588.59,2026-08-06,paid
led_001529,order_001529,cust_1529,6750.34,2026-08-04,paid
led_001530,order_001530,cust_1530,22409.58,2026-08-04,paid
led_001531,order_001531,cust_1531,6095.91,2026-08-17,paid
led_001532,order_001532,cust_1532,562.93,2026-08-01,paid
led_001533,order_001533,cust_1533,6491.51,2026-08-16,paid
led_001534,order_001534,cust_1534,9417.42,2026-08-05,paid
led_001535,order_001535,cust_1535,4884.54,2026-08-02,paid
led_001536,order_001536,cust_1536,14045.19,2026-08-21,paid
led_001537,order_001537,cust_1537,10774.55,2026-08-11,paid
led_001538,order_001538,cust_1538,6582.45,2026-08-11,paid
led_001539,order_001539,cust_1539,7145.82,2026-08-03,paid
led_001540,order_001540,cust_1540,14502.63,2026-08-04,paid
led_001541,order_001541,cust_1541,12800.0,2026-08-02,paid
led_001542,order_001542,cust_1542,4893.94,2026-08-17,paid
led_001543,order_001543,cust_1543,24544.64,2026-08-13,paid
led_001544,order_001544,cust_1544,2188.7,2026-08-15,paid
led_001545,order_001545,cust_1545,21717.79,2026-08-10,paid
led_001546,order_001546,cust_1546,8518.87,2026-08-18,paid
led_001547,order_001547,cust_1547,11690.28,2026-08-12,paid
led_001548,order_001548,cust_1548,5416.44,2026-08-19,paid
led_001549,order_001549,cust_1549,19720.43,2026-08-20,paid
led_001550,order_001550,cust_1550,6443.31,2026-08-12,paid
led_001551,order_001551,cust_1551,14996.43,2026-08-16,paid
led_001552,order_001552,cust_1552,24945.78,2026-08-07,paid
led_001553,order_001553,cust_1553,18445.35,2026-08-18,paid
led_001554,order_001554,cust_1554,19131.81,2026-08-08,paid
led_001555,order_001555,cust_1555,4188.88,2026-08-14,paid
led_001556,order_001556,cust_1556,1085.8,2026-08-18,paid
led_001557,order_001557,cust_1557,8987.38,2026-08-01,paid
led_001558,order_001558,cust_1558,535.82,2026-08-13,paid
led_001559,order_001559,cust_1559,21300.65,2026-08-10,paid
led_001560,order_001560,cust_1560,3046.75,2026-08-17,paid
led_001561,order_001561,cust_1561,24586.34,2026-08-14,paid
led_001562,order_001562,cust_1562,12554.71,2026-08-02,paid
led_001563,order_001563,cust_1563,24327.7,2026-08-05,paid
led_001564,order_001564,cust_1564,17935.49,2026-08-03,paid
led_001565,order_001565,cust_1565,1575.56,2026-08-08,paid
led_001566,order_001566,cust_1566,22483.54,2026-08-17,paid
led_001567,order_001567,cust_1567,10619.89,2026-08-12,paid
led_001568,order_001568,cust_1568,11732.22,2026-08-03,paid
led_001569,order_001569,cust_1569,14728.88,2026-08-17,paid
led_001570,order_001570,cust_1570,3771.09,2026-08-13,paid
led_001571,order_001571,cust_1571,2333.35,2026-08-19,paid
led_001572,order_001572,cust_1572,2025.93,2026-08-05,paid
led_001573,order_001573,cust_1573,6300.91,2026-08-09,paid
led_001574,order_001574,cust_1574,21347.39,2026-08-13,paid
led_001575,order_001575,cust_1575,17667.78,2026-08-11,paid
led_001576,order_001576,cust_1576,8292.41,2026-08-09,paid
led_001577,order_001577,cust_1577,6223.48,2026-08-07,paid
led_001578,order_001578,cust_1578,3834.74,2026-08-19,paid
led_001579,order_001579,cust_1579,3169.83,2026-08-04,paid
led_001580,order_001580,cust_1580,4527.19,2026-08-15,paid
led_001581,order_001581,cust_1581,8193.82,2026-08-04,paid
led_001582,order_001582,cust_1582,13630.15,2026-08-07,paid
led_001583,order_001583,cust_1583,11571.97,2026-08-15,paid
led_001584,order_001584,cust_1584,6992.69,2026-08-04,paid
led_001585,order_001585,cust_1585,2715.31,2026-08-10,paid
led_001586,order_001586,cust_1586,20746.47,2026-08-20,paid
led_001587,order_001587,cust_1587,1488.08,2026-08-11,paid
led_001588,order_001588,cust_1588,4133.93,2026-08-08,paid
led_001589,order_001589,cust_1589,24225.8,2026-08-13,paid
led_001590,order_001590,cust_1590,13079.76,2026-08-10,paid
led_001591,order_001591,cust_1591,6874.09,2026-08-06,paid
led_001592,order_001592,cust_1592,1261.51,2026-08-13,paid
led_001593,order_001593,cust_1593,21437.73,2026-08-18,paid
led_001594,order_001594,cust_1594,18827.92,2026-08-08,paid
led_001595,order_001595,cust_1595,2820.77,2026-08-04,paid
led_001596,order_001596,cust_1596,20195.47,2026-08-05,paid
led_001597,order_001597,cust_1597,3475.6,2026-08-02,paid
led_001598,order_001598,cust_1598,20844.12,2026-08-08,paid
led_001599,order_001599,cust_1599,3702.52,2026-08-13,paid
led_001600,order_001600,cust_1600,9619.87,2026-08-21,paid
led_001601,order_001601,cust_1601,23470.59,2026-08-03,paid
led_001602,order_001602,cust_1602,14766.93,2026-08-09,paid
led_001603,order_001603,cust_1603,22977.0,2026-08-03,paid
led_001604,order_001604,cust_1604,1034.1,2026-08-03,paid
led_001605,order_001605,cust_1605,5344.88,2026-08-21,paid
led_001606,order_001606,cust_1606,11364.07,2026-08-05,paid
led_001607,order_001607,cust_1607,2753.48,2026-08-11,paid
led_001608,order_001608,cust_1608,3501.93,2026-08-15,paid
led_001609,order_001609,cust_1609,1740.62,2026-08-19,paid
led_001610,order_001610,cust_1610,11112.33,2026-08-13,paid
led_001611,order_001611,cust_1611,12655.1,2026-08-13,paid
led_001612,order_001612,cust_1612,17238.72,2026-08-06,paid
led_001613,order_001613,cust_1613,9171.61,2026-08-06,paid
led_001614,order_001614,cust_1614,7237.05,2026-08-15,paid
led_001615,order_001615,cust_1615,22143.88,2026-08-02,paid
led_001616,order_001616,cust_1616,15545.61,2026-08-20,paid
led_001617,order_001617,cust_1617,6521.73,2026-08-10,paid
led_001618,order_001618,cust_1618,12722.84,2026-08-18,paid
led_001619,order_001619,cust_1619,12236.26,2026-08-03,paid
led_001620,order_001620,cust_1620,7354.51,2026-08-05,paid
led_001621,order_001621,cust_1621,10771.25,2026-08-21,paid
led_001622,order_001622,cust_1622,22173.99,2026-08-17,paid
led_001623,order_001623,cust_1623,6604.12,2026-08-18,paid
led_001624,order_001624,cust_1624,19973.73,2026-08-13,paid
led_001625,order_001625,cust_1625,19656.94,2026-08-12,paid
led_001626,order_001626,cust_1626,12252.27,2026-08-16,paid
led_001627,order_001627,cust_1627,8928.84,2026-08-19,paid
led_001628,order_001628,cust_1628,12808.63,2026-08-13,paid
led_001629,order_001629,cust_1629,7125.67,2026-08-01,paid
led_001630,order_001630,cust_1630,8312.5,2026-08-08,paid
led_001631,order_001631,cust_1631,1217.93,2026-08-09,paid
led_001632,order_001632,cust_1632,1935.49,2026-08-16,paid
led_001633,order_001633,cust_1633,13471.09,2026-08-19,paid
led_001634,order_001634,cust_1634,24990.34,2026-08-06,paid
led_001635,order_001635,cust_1635,2953.29,2026-08-08,paid
led_001636,order_001636,cust_1636,7029.91,2026-08-02,paid
led_001637,order_001637,cust_1637,19219.22,2026-08-08,paid
led_001638,order_001638,cust_1638,14604.46,2026-08-13,paid
led_001639,order_001639,cust_1639,9192.71,2026-08-06,paid
led_001640,order_001640,cust_1640,4814.46,2026-08-19,paid
led_001641,order_001641,cust_1641,8291.11,2026-08-12,paid
led_001642,order_001642,cust_1642,22892.51,2026-08-01,paid
led_001643,order_001643,cust_1643,17734.6,2026-08-12,paid
led_001644,order_001644,cust_1644,23715.19,2026-08-19,paid
led_001645,order_001645,cust_1645,3981.51,2026-08-07,paid
led_001646,order_001646,cust_1646,20999.07,2026-08-16,paid
led_001647,order_001647,cust_1647,13782.05,2026-08-06,paid
led_001648,order_001648,cust_1648,12515.69,2026-08-03,paid
led_001649,order_001649,cust_1649,1876.12,2026-08-20,paid
led_001650,order_001650,cust_1650,5860.82,2026-08-17,paid
led_001651,order_001651,cust_1651,12210.73,2026-08-11,paid
led_001652,order_001652,cust_1652,22988.46,2026-08-07,paid
led_001653,order_001653,cust_1653,20257.91,2026-08-11,paid
led_001654,order_001654,cust_1654,18064.97,2026-08-11,paid
led_001655,order_001655,cust_1655,1959.12,2026-08-05,paid
led_001656,order_001656,cust_1656,14871.92,2026-08-05,paid
led_001657,order_001657,cust_1657,19471.98,2026-08-17,paid
led_001658,order_001658,cust_1658,21586.4,2026-08-03,paid
led_001659,order_001659,cust_1659,9652.97,2026-08-13,paid
led_001660,order_001660,cust_1660,14857.41,2026-08-11,paid
led_001661,order_001661,cust_1661,7893.25,2026-08-05,paid
led_001662,order_001662,cust_1662,24408.59,2026-08-14,paid
led_001663,order_001663,cust_1663,19900.14,2026-08-16,paid
led_001664,order_001664,cust_1664,16404.92,2026-08-06,paid
led_001665,order_001665,cust_1665,17825.98,2026-08-18,paid
led_001666,order_001666,cust_1666,17492.23,2026-08-20,paid
led_001667,order_001667,cust_1667,19781.3,2026-08-08,paid
led_001668,order_001668,cust_1668,16805.53,2026-08-06,paid
led_001669,order_001669,cust_1669,9770.41,2026-08-10,paid
led_001670,order_001670,cust_1670,3620.03,2026-08-01,paid
led_001671,order_001671,cust_1671,23745.31,2026-08-19,paid
led_001672,order_001672,cust_1672,10094.23,2026-08-19,paid
led_001673,order_001673,cust_1673,1293.38,2026-08-20,paid
led_001674,order_001674,cust_1674,8296.31,2026-08-20,paid
led_001675,order_001675,cust_1675,5911.93,2026-08-19,paid
led_001676,order_001676,cust_1676,3050.7,2026-08-16,paid
led_001677,order_001677,cust_1677,3945.76,2026-08-03,paid
led_001678,order_001678,cust_1678,6330.9,2026-08-11,paid
led_001679,order_001679,cust_1679,4613.24,2026-08-03,paid
led_001680,order_001680,cust_1680,20630.71,2026-08-21,paid
led_001681,order_001681,cust_1681,18367.51,2026-08-11,paid
led_001682,order_001682,cust_1682,11442.43,2026-08-09,paid
led_001683,order_001683,cust_1683,5637.26,2026-08-03,paid
led_001684,order_001684,cust_1684,9086.79,2026-08-04,paid
led_001685,order_001685,cust_1685,18150.13,2026-08-02,paid
led_001686,order_001686,cust_1686,9955.46,2026-08-14,paid
led_001687,order_001687,cust_1687,24242.99,2026-08-14,paid
led_001688,order_001688,cust_1688,12580.51,2026-08-13,paid
led_001689,order_001689,cust_1689,9105.16,2026-08-13,paid
led_001690,order_001690,cust_1690,2985.0,2026-08-16,paid
led_001691,order_001691,cust_1691,19823.88,2026-08-19,paid
led_001692,order_001692,cust_1692,16448.75,2026-08-08,paid
led_001693,order_001693,cust_1693,4485.08,2026-08-03,paid
led_001694,order_001694,cust_1694,20080.27,2026-08-02,paid
led_001695,order_001695,cust_1695,7725.26,2026-08-11,paid
led_001696,order_001696,cust_1696,6897.63,2026-08-04,paid
led_001697,order_001697,cust_1697,2317.91,2026-08-06,paid
led_001698,order_001698,cust_1698,22254.32,2026-08-06,paid
led_001699,order_001699,cust_1699,18433.63,2026-08-18,paid
led_001700,order_001700,cust_1700,23574.94,2026-08-03,paid
led_001701,order_001701,cust_1701,8779.79,2026-08-20,paid
led_001702,order_001702,cust_1702,22384.04,2026-08-01,paid
led_001703,order_001703,cust_1703,11067.42,2026-08-21,paid
led_001704,order_001704,cust_1704,4542.43,2026-08-14,paid
led_001705,order_001705,cust_1705,4349.04,2026-08-04,paid
led_001706,order_001706,cust_1706,8611.82,2026-08-07,paid
led_001707,order_001707,cust_1707,10527.36,2026-08-18,paid
led_001708,order_001708,cust_1708,18189.93,2026-08-18,paid
led_001709,order_001709,cust_1709,6998.99,2026-08-10,paid
led_001710,order_001710,cust_1710,7786.32,2026-08-04,paid
led_001711,order_001711,cust_1711,1716.07,2026-08-19,paid
led_001712,order_001712,cust_1712,13966.73,2026-08-16,paid
led_001713,order_001713,cust_1713,4262.95,2026-08-12,paid
led_001714,order_001714,cust_1714,593.48,2026-08-03,paid
led_001715,order_001715,cust_1715,7716.46,2026-08-21,paid
led_001716,order_001716,cust_1716,15205.28,2026-08-07,paid
led_001717,order_001717,cust_1717,2876.18,2026-08-07,paid
led_001718,order_001718,cust_1718,4685.39,2026-08-10,paid
led_001719,order_001719,cust_1719,24437.91,2026-08-16,paid
led_001720,order_001720,cust_1720,21172.34,2026-08-10,paid
led_001721,order_001721,cust_1721,19729.48,2026-08-16,paid
led_001722,order_001722,cust_1722,12482.87,2026-08-09,paid
led_001723,order_001723,cust_1723,2732.85,2026-08-18,paid
led_001724,order_001724,cust_1724,9994.41,2026-08-12,paid
led_001725,order_001725,cust_1725,22194.57,2026-08-12,paid
led_001726,order_001726,cust_1726,5071.28,2026-08-02,paid
led_001727,order_001727,cust_1727,6950.75,2026-08-15,paid
led_001728,order_001728,cust_1728,6953.32,2026-08-09,paid
led_001729,order_001729,cust_1729,14324.04,2026-08-05,paid
led_001730,order_001730,cust_1730,18929.76,2026-08-04,paid
led_001731,order_001731,cust_1731,2599.83,2026-08-12,paid
led_001732,order_001732,cust_1732,20300.41,2026-08-14,paid
led_001733,order_001733,cust_1733,24282.29,2026-08-19,paid
led_001734,order_001734,cust_1734,6074.06,2026-08-02,paid
led_001735,order_001735,cust_1735,21099.53,2026-08-17,paid
led_001736,order_001736,cust_1736,10756.49,2026-08-18,paid
led_001737,order_001737,cust_1737,17333.16,2026-08-16,paid
led_001738,order_001738,cust_1738,14531.5,2026-08-08,paid
led_001739,order_001739,cust_1739,12168.43,2026-08-03,paid
led_001740,order_001740,cust_1740,10172.71,2026-08-02,paid
led_001741,order_001741,cust_1741,12801.49,2026-08-17,paid
led_001742,order_001742,cust_1742,20111.03,2026-08-20,paid
led_001743,order_001743,cust_1743,4112.47,2026-08-15,paid
led_001744,order_001744,cust_1744,4735.53,2026-08-06,paid
led_001745,order_001745,cust_1745,24318.04,2026-08-07,paid
led_001746,order_001746,cust_1746,3591.56,2026-08-14,paid
led_001747,order_001747,cust_1747,2420.03,2026-08-14,paid
led_001748,order_001748,cust_1748,5447.02,2026-08-21,paid
led_001749,order_001749,cust_1749,4123.02,2026-08-20,paid
led_001750,order_001750,cust_1750,6818.22,2026-08-03,paid
led_001751,order_001751,cust_1751,2632.17,2026-08-18,paid
led_001752,order_001752,cust_1752,10235.2,2026-08-11,paid
led_001753,order_001753,cust_1753,21487.29,2026-08-17,paid
led_001754,order_001754,cust_1754,11724.85,2026-08-01,paid
led_001755,order_001755,cust_1755,19770.49,2026-08-20,paid
led_001756,order_001756,cust_1756,14895.61,2026-08-14,paid
led_001757,order_001757,cust_1757,3256.71,2026-08-05,paid
led_001758,order_001758,cust_1758,4130.89,2026-08-19,paid
led_001759,order_001759,cust_1759,14775.59,2026-08-04,paid
led_001760,order_001760,cust_1760,23160.74,2026-08-19,paid
led_001761,order_001761,cust_1761,19598.85,2026-08-10,paid
led_001762,order_001762,cust_1762,21753.14,2026-08-12,paid
led_001763,order_001763,cust_1763,22008.39,2026-08-09,paid
led_001764,order_001764,cust_1764,9884.57,2026-08-16,paid
led_001765,order_001765,cust_1765,14514.57,2026-08-16,paid
led_001766,order_001766,cust_1766,1417.91,2026-08-09,paid
led_001767,order_001767,cust_1767,10372.86,2026-08-20,paid
led_001768,order_001768,cust_1768,15412.05,2026-08-13,paid
led_001769,order_001769,cust_1769,1450.17,2026-08-11,paid
led_001770,order_001770,cust_1770,17417.59,2026-08-02,paid
led_001771,order_001771,cust_1771,18770.87,2026-08-09,paid
led_001772,order_001772,cust_1772,22477.27,2026-08-01,paid
led_001773,order_001773,cust_1773,8777.72,2026-08-10,paid
led_001774,order_001774,cust_1774,8118.26,2026-08-16,paid
led_001775,order_001775,cust_1775,21526.75,2026-08-04,paid
led_001776,order_001776,cust_1776,24326.17,2026-08-08,paid
led_001777,order_001777,cust_1777,3792.45,2026-08-15,paid
led_001778,order_001778,cust_1778,19463.76,2026-08-11,paid
led_001779,order_001779,cust_1779,7100.79,2026-08-14,paid
led_001780,order_001780,cust_1780,2687.53,2026-08-15,paid
led_001781,order_001781,cust_1781,5679.07,2026-08-14,paid
led_001782,order_001782,cust_1782,18653.15,2026-08-17,paid
led_001783,order_001783,cust_1783,21746.13,2026-08-02,paid
led_001784,order_001784,cust_1784,13124.11,2026-08-06,paid
led_001785,order_001785,cust_1785,2107.62,2026-08-17,paid
led_001786,order_001786,cust_1786,10382.94,2026-08-17,paid
led_001787,order_001787,cust_1787,22043.65,2026-08-01,paid
led_001788,order_001788,cust_1788,4756.57,2026-08-07,paid
led_001789,order_001789,cust_1789,21005.93,2026-08-08,paid
led_001790,order_001790,cust_1790,1310.24,2026-08-02,paid
led_001791,order_001791,cust_1791,22991.76,2026-08-07,paid
led_001792,order_001792,cust_1792,7212.45,2026-08-15,paid
led_001793,order_001793,cust_1793,12875.6,2026-08-21,paid
led_001794,order_001794,cust_1794,23115.3,2026-08-01,paid
led_001795,order_001795,cust_1795,6427.48,2026-08-16,paid
led_001796,order_001796,cust_1796,15054.07,2026-08-06,paid
led_001797,order_001797,cust_1797,24032.75,2026-08-16,paid
led_001798,order_001798,cust_1798,14878.57,2026-08-12,paid
led_001799,order_001799,cust_1799,8934.1,2026-08-09,paid
led_001800,order_001800,cust_1800,18849.55,2026-08-03,paid
led_001801,order_001801,cust_1801,7484.2,2026-08-13,paid
led_001802,order_001802,cust_1802,1716.45,2026-08-19,paid
led_001803,order_001803,cust_1803,19605.84,2026-08-07,paid
led_001804,order_001804,cust_1804,21499.22,2026-08-21,paid
led_001805,order_001805,cust_1805,6015.25,2026-08-07,paid
led_001806,order_001806,cust_1806,7092.55,2026-08-14,paid
led_001807,order_001807,cust_1807,13075.39,2026-08-01,paid
led_001808,order_001808,cust_1808,12115.38,2026-08-05,paid
led_001809,order_001809,cust_1809,16360.6,2026-08-20,paid
led_001810,order_001810,cust_1810,20121.19,2026-08-08,paid
led_001811,order_001811,cust_1811,6683.57,2026-08-10,paid
led_001812,order_001812,cust_1812,17962.14,2026-08-21,paid
led_001813,order_001813,cust_1813,7246.77,2026-08-13,paid
led_001814,order_001814,cust_1814,21363.86,2026-08-15,paid
led_001815,order_001815,cust_1815,6673.97,2026-08-15,paid
led_001816,order_001816,cust_1816,7902.55,2026-08-17,paid
led_001817,order_001817,cust_1817,20695.62,2026-08-13,paid
led_001818,order_001818,cust_1818,14819.94,2026-08-01,paid
led_001819,order_001819,cust_1819,13032.09,2026-08-12,paid
led_001820,order_001820,cust_1820,14255.7,2026-08-20,paid
led_001821,order_001821,cust_1821,15421.73,2026-08-10,paid
led_001822,order_001822,cust_1822,17268.12,2026-08-16,paid
led_001823,order_001823,cust_1823,2064.01,2026-08-09,paid
led_001824,order_001824,cust_1824,16194.57,2026-08-09,paid
led_001825,order_001825,cust_1825,6898.1,2026-08-21,paid
led_001826,order_001826,cust_1826,7820.38,2026-08-05,paid
led_001827,order_001827,cust_1827,13173.69,2026-08-08,paid
led_001828,order_001828,cust_1828,22542.33,2026-08-20,paid
led_001829,order_001829,cust_1829,10400.41,2026-08-11,paid
led_001830,order_001830,cust_1830,17178.52,2026-08-01,paid
led_001831,order_001831,cust_1831,16557.31,2026-08-10,paid
led_001832,order_001832,cust_1832,6855.94,2026-08-14,paid
led_001833,order_001833,cust_1833,10412.67,2026-08-02,paid
led_001834,order_001834,cust_1834,14784.08,2026-08-19,paid
led_001835,order_001835,cust_1835,20492.36,2026-08-11,paid
led_001836,order_001836,cust_1836,18300.47,2026-08-08,paid
led_001837,order_001837,cust_1837,17314.79,2026-08-21,paid
led_001838,order_001838,cust_1838,19729.98,2026-08-12,paid
led_001839,order_001839,cust_1839,12929.21,2026-08-06,paid
led_001840,order_001840,cust_1840,21095.65,2026-08-18,paid
led_001841,order_001841,cust_1841,4937.83,2026-08-04,paid
led_001842,order_001842,cust_1842,12034.13,2026-08-09,paid
led_001843,order_001843,cust_1843,18267.07,2026-08-18,paid
led_001844,order_001844,cust_1844,19191.5,2026-08-06,paid
led_001845,order_001845,cust_1845,23699.62,2026-08-11,paid
led_001846,order_001846,cust_1846,16533.65,2026-08-08,paid
led_001847,order_001847,cust_1847,9204.44,2026-08-10,paid
led_001848,order_001848,cust_1848,10801.58,2026-08-11,paid
led_001849,order_001849,cust_1849,9606.22,2026-08-19,paid
led_001850,order_001850,cust_1850,7704.25,2026-08-04,paid
led_001851,order_001851,cust_1851,12028.15,2026-08-21,paid
led_001852,order_001852,cust_1852,14797.58,2026-08-20,paid
led_001853,order_001853,cust_1853,2244.79,2026-08-07,paid
led_001854,order_001854,cust_1854,12761.7,2026-08-13,paid
led_001855,order_001855,cust_1855,13481.04,2026-08-14,paid
led_001856,order_001856,cust_1856,1824.52,2026-08-05,paid
led_001857,order_001857,cust_1857,3865.45,2026-08-07,paid
led_001858,order_001858,cust_1858,8895.41,2026-08-19,paid
led_001859,order_001859,cust_1859,22374.71,2026-08-15,paid
led_001860,order_001860,cust_1860,4008.99,2026-08-06,paid
led_001861,order_001861,cust_1861,19584.06,2026-08-16,paid
led_001862,order_001862,cust_1862,8649.42,2026-08-06,paid
led_001863,order_001863,cust_1863,8178.64,2026-08-02,paid
led_001864,order_001864,cust_1864,615.48,2026-08-09,paid
led_001865,order_001865,cust_1865,5629.87,2026-08-06,paid
led_001866,order_001866,cust_1866,14618.83,2026-08-06,paid
led_001867,order_001867,cust_1867,12494.64,2026-08-03,paid
led_001868,order_001868,cust_1868,3670.45,2026-08-14,paid
led_001869,order_001869,cust_1869,16020.44,2026-08-13,paid
led_001870,order_001870,cust_1870,11011.12,2026-08-16,paid
led_001871,order_001871,cust_1871,9891.25,2026-08-02,paid
led_001872,order_001872,cust_1872,13577.67,2026-08-12,paid
led_001873,order_001873,cust_1873,23776.68,2026-08-11,paid
led_001874,order_001874,cust_1874,19042.77,2026-08-17,paid
led_001875,order_001875,cust_1875,5169.13,2026-08-01,paid
led_001876,order_001876,cust_1876,15853.83,2026-08-08,paid
led_001877,order_001877,cust_1877,6043.51,2026-08-12,paid
led_001878,order_001878,cust_1878,8146.26,2026-08-04,paid
led_001879,order_001879,cust_1879,9896.99,2026-08-19,paid
led_001880,order_001880,cust_1880,7999.82,2026-08-03,paid
led_001881,order_001881,cust_1881,20684.17,2026-08-10,paid
led_001882,order_001882,cust_1882,23737.35,2026-08-15,paid
led_001883,order_001883,cust_1883,18331.88,2026-08-20,paid
led_001884,order_001884,cust_1884,13340.88,2026-08-14,paid
led_001885,order_001885,cust_1885,22255.36,2026-08-05,paid
led_001886,order_001886,cust_1886,8896.95,2026-08-16,paid
led_001887,order_001887,cust_1887,9301.65,2026-08-07,paid
led_001888,order_001888,cust_1888,4539.65,2026-08-13,paid
led_001889,order_001889,cust_1889,968.56,2026-08-08,paid
led_001890,order_001890,cust_1890,18315.64,2026-08-05,paid
led_001891,order_001891,cust_1891,5674.16,2026-08-01,paid
led_001892,order_001892,cust_1892,14947.47,2026-08-06,paid
led_001893,order_001893,cust_1893,3517.47,2026-08-21,paid
led_001894,order_001894,cust_1894,19907.12,2026-08-13,paid
led_001895,order_001895,cust_1895,21975.33,2026-08-09,paid
led_001896,order_001896,cust_1896,19395.62,2026-08-20,paid
led_001897,order_001897,cust_1897,1690.38,2026-08-02,paid
led_001898,order_001898,cust_1898,16718.26,2026-08-21,paid
led_001899,order_001899,cust_1899,20984.94,2026-08-02,paid
led_001900,order_001900,cust_1900,17398.87,2026-08-14,paid
led_001901,order_001901,cust_1901,11385.7,2026-08-04,paid
led_001902,order_001902,cust_1902,13908.42,2026-08-16,paid
led_001903,order_001903,cust_1903,17695.77,2026-08-07,paid
led_001904,order_001904,cust_1904,17532.2,2026-08-21,paid
led_001905,order_001905,cust_1905,727.96,2026-08-14,paid
led_001906,order_001906,cust_1906,16710.78,2026-08-17,paid
led_001907,order_001907,cust_1907,7114.44,2026-08-20,paid
led_001908,order_001908,cust_1908,17667.8,2026-08-14,paid
led_001909,order_001909,cust_1909,20850.99,2026-08-04,paid
led_001910,order_001910,cust_1910,13033.83,2026-08-20,paid
led_001911,order_001911,cust_1911,3384.5,2026-08-04,paid
led_001912,order_001912,cust_1912,19726.62,2026-08-16,paid
led_001913,order_001913,cust_1913,5366.84,2026-08-07,paid
led_001914,order_001914,cust_1914,19559.99,2026-08-17,paid
led_001915,order_001915,cust_1915,24341.43,2026-08-12,paid
led_001916,order_001916,cust_1916,17734.2,2026-08-10,paid
led_001917,order_001917,cust_1917,4429.15,2026-08-18,paid
led_001918,order_001918,cust_1918,12660.69,2026-08-07,paid
led_001919,order_001919,cust_1919,17361.0,2026-08-16,paid
led_001920,order_001920,cust_1920,8599.79,2026-08-01,paid
led_001921,order_001921,cust_1921,812.36,2026-08-03,paid
led_001922,order_001922,cust_1922,22718.56,2026-08-19,paid
led_001923,order_001923,cust_1923,16891.04,2026-08-05,paid
led_001924,order_001924,cust_1924,23761.43,2026-08-17,paid
led_001925,order_001925,cust_1925,2338.68,2026-08-04,paid
led_001926,order_001926,cust_1926,22667.09,2026-08-21,paid
led_001927,order_001927,cust_1927,6163.43,2026-08-10,paid
led_001928,order_001928,cust_1928,6971.06,2026-08-02,paid
led_001929,order_001929,cust_1929,2945.32,2026-08-06,paid
led_001930,order_001930,cust_1930,21916.44,2026-08-10,paid
led_001931,order_001931,cust_1931,9325.26,2026-08-11,paid
led_001932,order_001932,cust_1932,10936.88,2026-08-04,paid
led_001933,order_001933,cust_1933,2827.46,2026-08-02,paid
led_001934,order_001934,cust_1934,736.97,2026-08-05,paid
led_001935,order_001935,cust_1935,16752.2,2026-08-06,paid
led_001936,order_001936,cust_1936,8552.19,2026-08-15,paid
led_001937,order_001937,cust_1937,23899.68,2026-08-09,paid
led_001938,order_001938,cust_1938,22022.65,2026-08-03,paid
led_001939,order_001939,cust_1939,9629.24,2026-08-11,paid
led_001940,order_001940,cust_1940,4980.3,2026-08-13,paid
led_001941,order_001941,cust_1941,10306.13,2026-08-15,paid
led_001942,order_001942,cust_1942,7159.91,2026-08-13,paid
led_001943,order_001943,cust_1943,17402.61,2026-08-16,paid
led_001944,order_001944,cust_1944,20097.53,2026-08-21,paid
led_001945,order_001945,cust_1945,22210.04,2026-08-06,paid
led_001946,order_001946,cust_1946,3269.89,2026-08-02,paid
led_001947,order_001947,cust_1947,24548.44,2026-08-06,paid
led_001948,order_001948,cust_1948,3040.97,2026-08-19,paid
led_001949,order_001949,cust_1949,12325.53,2026-08-19,paid
led_001950,order_001950,cust_1950,17120.63,2026-08-06,paid
led_001951,order_001951,cust_1951,15477.42,2026-08-12,paid
led_001952,order_001952,cust_1952,15478.28,2026-08-05,paid
led_001953,order_001953,cust_1953,12335.45,2026-08-16,paid
led_001954,order_001954,cust_1954,3266.97,2026-08-14,paid
led_001955,order_001955,cust_1955,11296.85,2026-08-03,paid
led_001956,order_001956,cust_1956,6909.52,2026-08-11,paid
led_001957,order_001957,cust_1957,802.83,2026-08-17,paid
led_001958,order_001958,cust_1958,19304.45,2026-08-19,paid
led_001959,order_001959,cust_1959,18232.45,2026-08-08,paid
led_001960,order_001960,cust_1960,24458.44,2026-08-11,paid
led_001961,order_001961,cust_1961,13217.94,2026-08-20,paid
led_001962,order_001962,cust_1962,2833.43,2026-08-08,paid
led_001963,order_001963,cust_1963,12307.28,2026-08-21,paid
led_001964,order_001964,cust_1964,9929.48,2026-08-18,paid
led_001965,order_001965,cust_1965,22355.52,2026-08-20,paid
led_001966,order_001966,cust_1966,1836.87,2026-08-21,paid
led_001967,order_001967,cust_1967,23392.1,2026-08-17,paid
led_001968,order_001968,cust_1968,21296.72,2026-08-16,paid
led_001969,order_001969,cust_1969,21800.68,2026-08-03,paid
led_001970,order_001970,cust_1970,18910.04,2026-08-11,paid
led_001971,order_001971,cust_1971,6401.85,2026-08-09,paid
led_001972,order_001972,cust_1972,1733.59,2026-08-08,paid
led_001973,order_001973,cust_1973,13987.14,2026-08-13,paid
led_001974,order_001974,cust_1974,10380.29,2026-08-08,paid
led_001975,order_001975,cust_1975,2431.35,2026-08-15,paid
led_001976,order_001976,cust_1976,20130.9,2026-08-15,paid
led_001977,order_001977,cust_1977,2656.49,2026-08-16,paid
led_001978,order_001978,cust_1978,11453.17,2026-08-04,paid
led_001979,order_001979,cust_1979,24526.43,2026-08-21,paid
led_001980,order_001980,cust_1980,935.34,2026-08-13,paid
led_001981,order_001981,cust_1981,10602.29,2026-08-18,paid
led_001982,order_001982,cust_1982,13952.92,2026-08-03,paid
led_001983,order_001983,cust_1983,19898.69,2026-08-20,paid
led_001984,order_001984,cust_1984,16119.68,2026-08-17,paid
led_001985,order_001985,cust_1985,14277.15,2026-08-21,paid
led_001986,order_001986,cust_1986,16951.12,2026-08-11,paid
led_001987,order_001987,cust_1987,9401.89,2026-08-02,paid
led_001988,order_001988,cust_1988,20506.42,2026-08-15,paid
led_001989,order_001989,cust_1989,8633.33,2026-08-20,paid
led_001990,order_001990,cust_1990,15198.8,2026-08-12,paid
led_001991,order_001991,cust_1991,18039.88,2026-08-04,paid
led_001992,order_001992,cust_1992,2887.21,2026-08-08,paid
led_001993,order_001993,cust_1993,553.83,2026-08-12,paid
led_001994,order_001994,cust_1994,20832.16,2026-08-10,paid
led_001995,order_001995,cust_1995,13918.42,2026-08-12,paid
led_001996,order_001996,cust_1996,17701.35,2026-08-02,paid
led_001997,order_001997,cust_1997,22473.49,2026-08-16,paid
led_001998,order_001998,cust_1998,3941.01,2026-08-14,paid
led_001999,order_001999,cust_1999,3120.56,2026-08-20,paid
led_002000,order_002000,cust_2000,5300.08,2026-08-04,paid
