settlement_id,payment_id,order_id,gross_amount,fee,tax,refund_amount,settled_amount,settlement_date,utr
stl_000001,pay_000001,order_000001,16165.96,323.32,58.2,0.0,15784.44,2026-08-03,UTR100001
stl_000002,pay_000001,order_000001,16165.96,323.32,58.2,0.0,15784.44,2026-08-03,UTR100001
stl_000003,pay_000003,order_000003,5968.66,119.37,21.49,0.0,5799.12,2026-08-06,UTR100003
stl_000004,pay_000004,order_000004,22358.4,447.17,80.49,0.0,21830.74,2026-08-05,UTR100004
stl_000005,pay_000005,order_000005,14967.07,299.34,53.88,0.0,14613.85,2026-08-04,UTR100005
stl_000006,pay_000006,order_000006,1230.03,24.6,4.43,0.0,1201.0,2026-08-09,UTR100006
stl_000007,pay_000007,order_000007,6200.19,124.0,22.32,0.0,6053.87,2026-08-22,UTR700007
stl_000008,pay_000008,order_000008,1150.13,23.0,4.14,0.0,1122.99,2026-08-09,UTR100008
stl_000009,pay_000009,order_000009,18042.48,360.85,64.95,0.0,17616.68,2026-08-20,UTR100009
stl_000010,pay_000010,order_000010,10778.24,215.56,38.8,0.0,10523.88,2026-08-17,UTR100010
stl_000011,pay_000011,order_000011,14937.01,298.74,53.77,3734.25,10850.25,2026-08-03,UTR100011
stl_000012,pay_000012,order_000012,19090.78,381.82,68.73,0.0,18640.23,2026-08-08,UTR100012
stl_000013,pay_000013,order_000013,17604.42,352.09,63.38,0.0,17188.95,2026-08-13,UTR100013
stl_000014,pay_000014,order_000014,7307.85,146.16,26.31,0.0,7135.38,2026-08-09,UTR100014
stl_000015,pay_000015,order_000015,23951.72,479.03,86.23,0.0,23386.46,2026-08-13,UTR100015
stl_000016,pay_000016,order_000016,3004.15,60.08,10.81,0.0,2933.26,2026-08-15,UTR100016
stl_000017,pay_000017,order_000017,2869.55,57.39,10.33,0.0,2801.83,2026-08-14,UTR100017
stl_000018,pay_000018,order_000018,15291.29,305.83,55.05,0.0,14930.41,2026-08-04,UTR100018
stl_000019,pay_000019,order_000019,18378.43,367.57,66.16,0.0,17944.7,2026-08-20,UTR700007
stl_000020,pay_000020,order_000020,3558.24,71.16,12.81,0.0,3474.27,2026-08-15,UTR100020
stl_000021,pay_000021,order_000021,2430.6,48.61,8.75,0.0,2373.24,2026-08-12,UTR100021
stl_000022,pay_000022,order_000022,20820.41,416.41,74.95,0.0,20329.05,2026-08-22,UTR100022
stl_000023,pay_000023,order_000023,22193.57,443.87,79.9,0.0,21669.8,2026-08-14,UTR100023
stl_000024,pay_000024,order_000024,14645.13,292.9,52.72,0.0,14299.51,2026-08-05,UTR100024
stl_000025,pay_000025,order_000025,1622.7,32.45,5.84,0.0,1584.41,2026-08-10,UTR100025
stl_000026,pay_000026,order_000026,19440.17,388.8,69.98,0.0,18981.39,2026-08-05,UTR100026
stl_000027,pay_000027,order_000027,21455.28,429.11,77.24,0.0,20948.93,2026-08-06,UTR100027
stl_000028,pay_000028,order_000028,9813.09,196.26,35.33,0.0,9581.5,2026-08-17,UTR100028
stl_000029,pay_000029,order_000029,16074.27,321.49,57.87,0.0,15694.91,2026-08-14,UTR100029
stl_000030,pay_000030,order_000030,4485.03,89.7,16.15,0.0,4379.18,2026-08-14,UTR100030
stl_000031,pay_000031,order_000031,5632.92,112.66,20.28,0.0,5499.98,2026-08-11,UTR700007
stl_000032,pay_000032,order_000032,17694.6,353.89,63.7,0.0,17277.01,2026-08-23,UTR100032
stl_000033,pay_000033,order_000033,2249.36,44.99,8.1,0.0,2196.27,2026-08-23,UTR100033
stl_000034,pay_000034,order_000034,4692.9,93.86,16.89,0.0,4582.15,2026-08-10,UTR100034
stl_000035,pay_000035,order_000035,4503.36,90.07,16.21,1125.84,3271.24,2026-08-15,UTR100035
stl_000036,pay_000036,order_000036,7113.72,142.27,25.61,0.0,6945.84,2026-08-23,UTR100036
stl_000037,pay_000037,order_000037,17359.97,347.2,62.5,0.0,16950.27,2026-08-10,UTR100037
stl_000038,pay_000038,order_000038,17273.05,345.46,62.18,0.0,16865.41,2026-08-04,UTR100038
stl_000039,pay_000039,order_000039,6111.68,122.23,22.0,0.0,5967.45,2026-08-04,UTR100039
stl_000040,pay_000040,order_000040,20223.62,404.47,72.8,0.0,19746.35,2026-08-15,UTR100040
stl_000041,pay_000041,order_000041,7059.65,141.19,25.41,0.0,6893.05,2026-08-09,UTR100041
stl_000042,pay_000042,order_000042,22871.84,457.44,82.34,0.0,22332.06,2026-08-21,UTR100042
stl_000043,pay_000043,order_000043,21971.01,439.42,79.1,0.0,21452.49,2026-08-13,UTR700043
stl_000044,pay_000044,order_000044,5709.35,114.19,20.55,0.0,5574.61,2026-08-18,UTR100044
stl_000045,pay_000045,order_000045,10192.98,203.86,36.69,0.0,9952.43,2026-08-23,UTR100045
stl_000046,pay_000046,order_000046,11741.87,234.84,42.27,0.0,11464.76,2026-08-11,UTR100046
stl_000047,pay_000047,order_000047,3920.94,78.42,14.12,0.0,3828.4,2026-08-20,UTR100047
stl_000048,pay_000048,order_000048,13704.94,274.1,49.34,0.0,13381.5,2026-08-21,UTR100048
stl_000049,pay_000049,order_000049,10996.63,219.93,39.59,0.0,10737.11,2026-08-21,UTR100049
stl_000050,pay_000050,order_000050,10285.31,205.71,37.03,0.0,10042.57,2026-08-10,UTR100050
stl_000051,pay_000051,order_000051,24934.48,498.69,89.76,0.0,24346.03,2026-08-07,UTR100051
stl_000052,pay_000052,order_000052,12983.39,259.67,46.74,0.0,12676.98,2026-08-05,UTR100052
stl_000053,pay_000053,order_000053,19016.66,380.33,68.46,0.0,18567.87,2026-08-06,UTR100053
stl_000054,pay_000054,order_000054,4244.61,84.89,15.28,0.0,4144.44,2026-08-08,UTR100054
stl_000055,pay_000055,order_000055,19905.94,398.12,71.66,0.0,19436.16,2026-08-16,UTR700043
stl_000056,pay_000056,order_000056,15112.02,302.24,54.4,0.0,14755.38,2026-08-15,UTR100056
stl_000057,pay_000057,order_000057,9849.67,196.99,35.46,0.0,9617.22,2026-08-17,UTR100057
stl_000058,pay_000058,order_000058,13463.3,269.27,48.47,0.0,13145.56,2026-08-20,UTR100058
stl_000059,pay_000059,order_000059,21589.1,431.78,77.72,0.0,21079.6,2026-08-03,UTR100059
stl_000060,pay_000060,order_000060,17166.94,343.34,61.8,0.0,16761.8,2026-08-06,UTR100060
stl_000061,pay_000061,order_000061,17201.9,344.04,61.93,0.0,16795.93,2026-08-20,UTR100061
stl_000062,pay_000062,order_000062,18896.51,377.93,68.03,0.0,18450.55,2026-08-23,UTR100062
stl_000063,pay_000063,order_000063,8834.3,176.69,31.8,0.0,8625.81,2026-08-12,UTR100063
stl_000064,pay_000064,order_000064,11151.75,223.03,40.15,0.0,10888.57,2026-08-17,UTR100064
stl_000065,pay_000065,order_000065,579.51,11.59,2.09,0.0,565.83,2026-08-11,UTR100065
stl_000066,pay_000066,order_000066,24311.26,486.23,87.52,0.0,23737.51,2026-08-08,UTR100066
stl_000067,pay_000067,order_000067,12938.2,258.76,46.58,0.0,12632.86,2026-08-06,UTR100067
stl_000068,pay_000068,order_000068,21827.7,436.55,78.58,0.0,21312.57,2026-08-12,UTR100068
stl_000069,pay_000069,order_000069,21120.9,422.42,76.04,0.0,20622.44,2026-08-19,UTR100069
stl_000070,pay_000070,order_000070,15419.77,308.4,55.51,0.0,15055.86,2026-08-07,UTR100070
stl_000071,pay_000071,order_000071,9660.89,193.22,34.78,0.0,9432.89,2026-08-08,UTR100071
stl_000072,pay_000072,order_000072,13714.79,274.3,49.37,0.0,13391.12,2026-08-19,UTR100072
stl_000073,pay_000073,order_000073,23003.09,460.06,82.81,0.0,22460.22,2026-08-22,UTR100073
stl_000074,pay_000074,order_000074,8441.82,168.84,30.39,0.0,8242.59,2026-08-03,UTR100074
stl_000075,pay_000075,order_000075,3240.76,64.82,11.67,0.0,3164.27,2026-08-14,UTR100075
stl_000076,pay_000076,order_000076,22028.69,440.57,79.3,0.0,21508.82,2026-08-12,UTR100076
stl_000077,pay_000077,order_000077,6366.58,127.33,22.92,0.0,6216.33,2026-08-10,UTR100077
stl_000078,pay_000078,order_000078,22011.24,440.22,79.24,0.0,21491.78,2026-08-05,UTR100078
stl_000079,pay_000079,order_000079,2598.51,51.97,9.35,0.0,2537.19,2026-08-18,UTR100079
stl_000080,pay_000080,order_000080,20492.57,409.85,73.77,0.0,20008.95,2026-08-20,UTR100080
stl_000081,pay_000081,order_000081,19262.94,385.26,69.35,0.0,18808.33,2026-08-07,UTR100081
stl_000082,pay_000082,order_000082,16663.9,333.28,59.99,0.0,16270.63,2026-08-20,UTR100082
stl_000083,pay_000083,order_000083,4545.61,90.91,16.36,0.0,4438.34,2026-08-19,UTR100083
stl_000084,pay_000084,order_000084,21874.61,437.49,78.75,0.0,21358.37,2026-08-16,UTR100084
stl_000085,pay_000085,order_000085,24126.89,482.54,86.86,0.0,23557.49,2026-08-20,UTR100085
stl_000086,pay_000086,order_000086,19004.0,380.08,68.41,0.0,18555.51,2026-08-09,UTR100086
stl_000087,pay_000087,order_000087,17967.25,359.35,64.68,0.0,17543.22,2026-08-15,UTR100087
stl_000088,pay_000088,order_000088,24881.16,497.62,89.57,0.0,24293.97,2026-08-23,UTR100088
stl_000089,pay_000089,order_000089,9648.8,192.98,34.74,0.0,9421.08,2026-08-19,UTR100089
stl_000090,pay_000090,order_000090,11561.41,231.23,41.62,0.0,11288.56,2026-08-10,UTR100090
stl_000091,pay_000091,order_000091,6005.08,120.1,21.62,0.0,5863.36,2026-08-13,UTR100091
stl_000092,pay_000092,order_000092,1015.34,20.31,3.66,0.0,991.37,2026-08-20,UTR100092
stl_000093,pay_000093,order_000093,6137.81,122.76,22.1,0.0,5992.95,2026-08-10,UTR100093
stl_000094,pay_000094,order_000094,676.18,13.52,2.43,0.0,660.23,2026-08-23,UTR100094
stl_000095,pay_000095,order_000095,1942.41,38.85,6.99,0.0,1896.57,2026-08-05,UTR100095
stl_000096,pay_000096,order_000096,22682.79,453.66,81.66,0.0,22147.47,2026-08-13,UTR100096
stl_000097,pay_000097,order_000097,2236.01,44.72,8.05,0.0,2183.24,2026-08-10,UTR100097
stl_000098,pay_000098,order_000098,7322.69,146.45,26.36,0.0,7149.88,2026-08-18,UTR100098
stl_000099,pay_000099,order_000099,5748.8,114.98,20.7,0.0,5613.12,2026-08-07,UTR100099
stl_000100,pay_000100,order_000100,18222.14,364.44,65.6,0.0,17792.1,2026-08-21,UTR100100
stl_000101,pay_000101,order_000101,14617.19,292.34,52.62,0.0,14272.23,2026-08-10,UTR100101
stl_000102,pay_000102,order_000102,19723.18,394.46,71.0,0.0,19257.72,2026-08-16,UTR100102
stl_000103,pay_000103,order_000103,5165.04,103.3,18.59,0.0,5043.15,2026-08-06,UTR100103
stl_000104,pay_000104,order_000104,16645.08,332.9,59.92,0.0,16252.26,2026-08-14,UTR100104
stl_000105,pay_000105,order_000105,10877.68,217.55,39.16,0.0,10620.97,2026-08-17,UTR100105
stl_000106,pay_000106,order_000106,21664.0,433.28,77.99,0.0,21152.73,2026-08-04,UTR100106
stl_000107,pay_000107,order_000107,16997.43,339.95,61.19,0.0,16596.29,2026-08-23,UTR100107
stl_000108,pay_000108,order_000108,2911.24,58.22,10.48,0.0,2842.54,2026-08-15,UTR100108
stl_000109,pay_000109,order_000109,18341.23,366.82,66.03,0.0,17908.38,2026-08-06,UTR100109
stl_000110,pay_000110,order_000110,6592.08,131.84,23.73,0.0,6436.51,2026-08-09,UTR100110
stl_000111,pay_000111,order_000111,13639.0,272.78,49.1,0.0,13317.12,2026-08-07,UTR100111
stl_000112,pay_000112,order_000112,10836.1,216.72,39.01,0.0,10580.37,2026-08-11,UTR100112
stl_000113,pay_000113,order_000113,11834.39,236.69,42.6,0.0,11555.1,2026-08-05,UTR100113
stl_000114,pay_000114,order_000114,11356.7,227.13,40.88,0.0,11088.69,2026-08-20,UTR100114
stl_000115,pay_000115,order_000115,2898.76,57.98,10.44,0.0,2830.34,2026-08-23,UTR100115
stl_000116,pay_000116,order_000116,24982.42,499.65,89.94,0.0,24392.83,2026-08-03,UTR100116
stl_000117,pay_000117,order_000117,24240.41,484.81,87.27,0.0,23668.33,2026-08-10,UTR100117
stl_000118,pay_000118,order_000118,4574.62,91.49,16.47,0.0,4466.66,2026-08-18,UTR100118
stl_000119,pay_000119,order_000119,12293.28,245.87,44.26,0.0,12003.15,2026-08-15,UTR100119
stl_000120,pay_000120,order_000120,22609.85,452.2,81.4,0.0,22076.25,2026-08-08,UTR100120
stl_000121,pay_000121,order_000121,9784.84,195.7,35.23,0.0,9553.91,2026-08-15,UTR100121
stl_000122,pay_000122,order_000122,6997.47,139.95,25.19,0.0,6832.33,2026-08-17,UTR100122
stl_000123,pay_000123,order_000123,7488.61,149.77,26.96,0.0,7311.88,2026-08-20,UTR100123
stl_000124,pay_000124,order_000124,16715.85,334.32,60.18,0.0,16321.35,2026-08-18,UTR100124
stl_000125,pay_000125,order_000125,4292.52,85.85,15.45,0.0,4191.22,2026-08-12,UTR100125
stl_000126,pay_000126,order_000126,5833.67,116.67,21.0,0.0,5696.0,2026-08-04,UTR100126
stl_000127,pay_000127,order_000127,14689.92,293.8,52.88,0.0,14343.24,2026-08-20,UTR100127
stl_000128,pay_000128,order_000128,1993.46,39.87,7.18,0.0,1946.41,2026-08-13,UTR100128
stl_000129,pay_000129,order_000129,1900.55,38.01,6.84,0.0,1855.7,2026-08-21,UTR100129
stl_000130,pay_000130,order_000130,12181.32,243.63,43.85,0.0,11893.84,2026-08-19,UTR100130
stl_000131,pay_000131,order_000131,4357.1,87.14,15.69,0.0,4254.27,2026-08-19,UTR100131
stl_000132,pay_000132,order_000132,2462.73,49.25,8.87,0.0,2404.61,2026-08-08,UTR100132
stl_000133,pay_000133,order_000133,2178.77,43.58,7.84,0.0,2127.35,2026-08-05,UTR100133
stl_000134,pay_000134,order_000134,17042.71,340.85,61.35,0.0,16640.51,2026-08-10,UTR100134
stl_000135,pay_000135,order_000135,10392.5,207.85,37.41,0.0,10147.24,2026-08-21,UTR100135
stl_000136,pay_000136,order_000136,6532.28,130.65,23.52,0.0,6378.11,2026-08-22,UTR100136
stl_000137,pay_000137,order_000137,1473.67,29.47,5.3,0.0,1438.9,2026-08-05,UTR100137
stl_000138,pay_000138,order_000138,10771.01,215.42,38.78,0.0,10516.81,2026-08-21,UTR100138
stl_000139,pay_000139,order_000139,14348.06,286.96,51.65,0.0,14009.45,2026-08-13,UTR100139
stl_000140,pay_000140,order_000140,23400.3,468.01,84.24,0.0,22848.05,2026-08-09,UTR100140
stl_000141,pay_000141,order_000141,16908.29,338.17,60.87,0.0,16509.25,2026-08-13,UTR100141
stl_000142,pay_000142,order_000142,6347.81,126.96,22.85,0.0,6198.0,2026-08-15,UTR100142
stl_000143,pay_000143,order_000143,3706.52,74.13,13.34,0.0,3619.05,2026-08-23,UTR100143
stl_000144,pay_000144,order_000144,7849.93,157.0,28.26,0.0,7664.67,2026-08-13,UTR100144
stl_000145,pay_000145,order_000145,23260.95,465.22,83.74,0.0,22711.99,2026-08-05,UTR100145
stl_000146,pay_000146,order_000146,728.23,14.56,2.62,0.0,711.05,2026-08-22,UTR100146
stl_000147,pay_000147,order_000147,24962.13,499.24,89.86,0.0,24373.03,2026-08-06,UTR100147
stl_000148,pay_000148,order_000148,2294.89,45.9,8.26,0.0,2240.73,2026-08-09,UTR100148
stl_000149,pay_000149,order_000149,12894.18,257.88,46.42,0.0,12589.88,2026-08-07,UTR100149
stl_000150,pay_000150,order_000150,23364.85,467.3,84.11,0.0,22813.44,2026-08-05,UTR100150
stl_000151,pay_000151,order_000151,22042.12,440.84,79.35,0.0,21521.93,2026-08-14,UTR100151
stl_000152,pay_000152,order_000152,7482.19,149.64,26.94,0.0,7305.61,2026-08-17,UTR100152
stl_000153,pay_000153,order_000153,20926.75,418.54,75.34,0.0,20432.87,2026-08-12,UTR100153
stl_000154,pay_000154,order_000154,15486.11,309.72,55.75,0.0,15120.64,2026-08-23,UTR100154
stl_000155,pay_000155,order_000155,13459.05,269.18,48.45,0.0,13141.42,2026-08-20,UTR100155
stl_000156,pay_000156,order_000156,7834.78,156.7,28.21,0.0,7649.87,2026-08-06,UTR100156
stl_000157,pay_000157,order_000157,23503.79,470.08,84.61,0.0,22949.1,2026-08-07,UTR100157
stl_000158,pay_000158,order_000158,6979.42,139.59,25.13,0.0,6814.7,2026-08-06,UTR100158
stl_000159,pay_000159,order_000159,18689.21,373.78,67.28,0.0,18248.15,2026-08-07,UTR100159
stl_000160,pay_000160,order_000160,7172.53,143.45,25.82,0.0,7003.26,2026-08-22,UTR100160
stl_000161,pay_000161,order_000161,5660.43,113.21,20.38,0.0,5526.84,2026-08-13,UTR100161
stl_000162,pay_000162,order_000162,5488.13,109.76,19.76,0.0,5358.61,2026-08-23,UTR100162
stl_000163,pay_000163,order_000163,21396.36,427.93,77.03,0.0,20891.4,2026-08-19,UTR100163
stl_000164,pay_000164,order_000164,12469.03,249.38,44.89,0.0,12174.76,2026-08-04,UTR100164
stl_000165,pay_000165,order_000165,2761.31,55.23,9.94,0.0,2696.14,2026-08-16,UTR100165
stl_000166,pay_000166,order_000166,20819.03,416.38,74.95,0.0,20327.7,2026-08-04,UTR100166
stl_000167,pay_000167,order_000167,586.87,11.74,2.11,0.0,573.02,2026-08-07,UTR100167
stl_000168,pay_000168,order_000168,16109.28,322.19,57.99,0.0,15729.1,2026-08-11,UTR100168
stl_000169,pay_000169,order_000169,4458.76,89.18,16.05,0.0,4353.53,2026-08-17,UTR100169
stl_000170,pay_000170,order_000170,14016.17,280.32,50.46,0.0,13685.39,2026-08-16,UTR100170
stl_000171,pay_000171,order_000171,14242.22,284.84,51.27,0.0,13906.11,2026-08-06,UTR100171
stl_000172,pay_000172,order_000172,2343.47,46.87,8.44,0.0,2288.16,2026-08-07,UTR100172
stl_000173,pay_000173,order_000173,13866.96,277.34,49.92,0.0,13539.7,2026-08-14,UTR100173
stl_000174,pay_000174,order_000174,14771.48,295.43,53.18,0.0,14422.87,2026-08-07,UTR100174
stl_000175,pay_000175,order_000175,11029.77,220.6,39.71,0.0,10769.46,2026-08-04,UTR100175
stl_000176,pay_000176,order_000176,8052.33,161.05,28.99,0.0,7862.29,2026-08-04,UTR100176
stl_000177,pay_000177,order_000177,22523.65,450.47,81.08,0.0,21992.1,2026-08-09,UTR100177
stl_000178,pay_000178,order_000178,17210.63,344.21,61.96,0.0,16804.46,2026-08-06,UTR100178
stl_000179,pay_000179,order_000179,9165.13,183.3,32.99,0.0,8948.84,2026-08-20,UTR100179
stl_000180,pay_000180,order_000180,22161.3,443.23,79.78,0.0,21638.29,2026-08-16,UTR100180
stl_000181,pay_000181,order_000181,24359.01,487.18,87.69,0.0,23784.14,2026-08-07,UTR100181
stl_000182,pay_000182,order_000182,23181.21,463.62,83.45,0.0,22634.14,2026-08-10,UTR100182
stl_000183,pay_000183,order_000183,21682.84,433.66,78.06,0.0,21171.12,2026-08-08,UTR100183
stl_000184,pay_000184,order_000184,22094.7,441.89,79.54,0.0,21573.27,2026-08-03,UTR100184
stl_000185,pay_000185,order_000185,4894.34,97.89,17.62,0.0,4778.83,2026-08-13,UTR100185
stl_000186,pay_000186,order_000186,19668.47,393.37,70.81,0.0,19204.29,2026-08-16,UTR100186
stl_000187,pay_000187,order_000187,20154.76,403.1,72.56,0.0,19679.1,2026-08-10,UTR100187
stl_000188,pay_000188,order_000188,7036.74,140.73,25.33,0.0,6870.68,2026-08-06,UTR100188
stl_000189,pay_000189,order_000189,9872.27,197.45,35.54,0.0,9639.28,2026-08-04,UTR100189
stl_000190,pay_000190,order_000190,21535.53,430.71,77.53,0.0,21027.29,2026-08-10,UTR100190
stl_000191,pay_000191,order_000191,5389.53,107.79,19.4,0.0,5262.34,2026-08-17,UTR100191
stl_000192,pay_000192,order_000192,9066.63,181.33,32.64,0.0,8852.66,2026-08-10,UTR100192
stl_000193,pay_000193,order_000193,5961.63,119.23,21.46,0.0,5820.94,2026-08-09,UTR100193
stl_000194,pay_000194,order_000194,10262.42,205.25,36.95,0.0,10020.22,2026-08-11,UTR100194
stl_000195,pay_000195,order_000195,21676.65,433.53,78.04,0.0,21165.08,2026-08-11,UTR100195
stl_000196,pay_000196,order_000196,9103.08,182.06,32.77,0.0,8888.25,2026-08-19,UTR100196
stl_000197,pay_000197,order_000197,10292.12,205.84,37.05,0.0,10049.23,2026-08-20,UTR100197
stl_000198,pay_000198,order_000198,8613.17,172.26,31.01,0.0,8409.9,2026-08-03,UTR100198
stl_000199,pay_000199,order_000199,3325.87,66.52,11.97,0.0,3247.38,2026-08-11,UTR100199
stl_000200,pay_000200,order_000200,4874.91,97.5,17.55,0.0,4759.86,2026-08-11,UTR100200
stl_000201,pay_000201,order_000201,1437.3,28.75,5.17,0.0,1403.38,2026-08-22,UTR100201
stl_000202,pay_000202,order_000202,11146.81,222.94,40.13,0.0,10883.74,2026-08-13,UTR100202
stl_000203,pay_000203,order_000203,11191.65,223.83,40.29,0.0,10927.53,2026-08-19,UTR100203
stl_000204,pay_000204,order_000204,3333.32,66.67,12.0,0.0,3254.65,2026-08-21,UTR100204
stl_000205,pay_000205,order_000205,5156.93,103.14,18.57,0.0,5035.22,2026-08-04,UTR100205
stl_000206,pay_000206,order_000206,17865.24,357.3,64.31,0.0,17443.63,2026-08-03,UTR100206
stl_000207,pay_000207,order_000207,13238.05,264.76,47.66,0.0,12925.63,2026-08-20,UTR100207
stl_000208,pay_000208,order_000208,17328.0,346.56,62.38,0.0,16919.06,2026-08-09,UTR100208
stl_000209,pay_000209,order_000209,9423.43,188.47,33.92,0.0,9201.04,2026-08-05,UTR100209
stl_000210,pay_000210,order_000210,23747.42,474.95,85.49,0.0,23186.98,2026-08-13,UTR100210
stl_000211,pay_000211,order_000211,15767.31,315.35,56.76,0.0,15395.2,2026-08-06,UTR100211
stl_000212,pay_000212,order_000212,18133.98,362.68,65.28,0.0,17706.02,2026-08-12,UTR100212
stl_000213,pay_000213,order_000213,12924.5,258.49,46.53,0.0,12619.48,2026-08-16,UTR100213
stl_000214,pay_000214,order_000214,8491.48,169.83,30.57,0.0,8291.08,2026-08-12,UTR100214
stl_000215,pay_000215,order_000215,14083.11,281.66,50.7,0.0,13750.75,2026-08-09,UTR100215
stl_000216,pay_000216,order_000216,10800.94,216.02,38.88,0.0,10546.04,2026-08-15,UTR100216
stl_000217,pay_000217,order_000217,17094.29,341.89,61.54,0.0,16690.86,2026-08-08,UTR100217
stl_000218,pay_000218,order_000218,15580.12,311.6,56.09,0.0,15212.43,2026-08-12,UTR100218
stl_000219,pay_000219,order_000219,10448.84,208.98,37.62,0.0,10202.24,2026-08-03,UTR100219
stl_000220,pay_000220,order_000220,7944.94,158.9,28.6,0.0,7757.44,2026-08-09,UTR100220
stl_000221,pay_000221,order_000221,11032.26,220.65,39.72,0.0,10771.89,2026-08-21,UTR100221
stl_000222,pay_000222,order_000222,15363.21,307.26,55.31,4608.96,10391.68,2026-08-13,UTR100222
stl_000223,pay_000223,order_000223,11892.21,237.84,42.81,0.0,11611.56,2026-08-17,UTR100223
stl_000224,pay_000223,order_000223,11892.21,237.84,42.81,0.0,11611.56,2026-08-17,UTR100223
stl_000225,pay_000225,order_000225,12093.06,241.86,43.53,0.0,11779.61,2026-08-08,UTR100225
stl_000226,pay_000226,order_000226,7452.77,149.06,26.83,0.0,7276.88,2026-08-23,UTR100226
stl_000227,pay_000227,order_000227,15671.89,313.44,56.42,0.0,15302.03,2026-08-05,UTR100227
stl_000228,pay_000228,order_000228,20551.37,411.03,73.99,0.0,20066.35,2026-08-10,UTR100228
stl_000229,pay_000229,order_000229,16983.49,339.67,61.14,0.0,16582.68,2026-08-10,UTR100229
stl_000230,pay_000230,order_000230,20260.79,405.22,72.94,0.0,19782.63,2026-08-07,UTR100230
stl_000231,pay_000231,order_000231,1098.42,21.97,3.95,0.0,1072.5,2026-08-10,UTR100231
stl_000232,pay_000232,order_000232,24606.43,492.13,88.58,0.0,24025.72,2026-08-22,UTR100232
stl_000233,pay_000233,order_000233,21318.57,426.37,76.75,0.0,20815.45,2026-08-05,UTR100233
stl_000234,pay_000234,order_000234,11657.7,233.15,41.97,0.0,11382.58,2026-08-23,UTR100234
stl_000235,pay_000235,order_000235,14603.94,292.08,52.57,0.0,14259.29,2026-08-15,UTR100235
stl_000236,pay_000236,order_000236,12612.24,252.24,45.4,0.0,12314.6,2026-08-10,UTR100236
stl_000237,pay_000237,order_000237,4115.5,82.31,14.82,0.0,4018.37,2026-08-03,UTR100237
stl_000238,pay_000238,order_000238,22370.17,447.4,80.53,0.0,21842.24,2026-08-06,UTR100238
stl_000239,pay_000239,order_000239,19571.3,391.43,70.46,0.0,19109.41,2026-08-10,UTR100239
stl_000240,pay_000240,order_000240,4809.22,96.18,17.31,0.0,4695.73,2026-08-19,UTR100240
stl_000241,pay_000241,order_000241,11881.47,237.63,42.77,0.0,11601.07,2026-08-20,UTR100241
stl_000242,pay_000242,order_000242,6605.36,132.11,23.78,0.0,6449.47,2026-08-06,UTR100242
stl_000243,pay_000243,order_000243,11683.31,233.67,42.06,0.0,11407.58,2026-08-17,UTR100243
stl_000244,pay_000244,order_000244,16855.65,337.11,60.68,0.0,16457.86,2026-08-20,UTR100244
stl_000245,pay_000245,order_000245,15088.58,301.77,54.32,0.0,14732.49,2026-08-17,UTR100245
stl_000246,pay_000246,order_000246,15509.98,310.2,55.84,0.0,15143.94,2026-08-19,UTR100246
stl_000247,pay_000247,order_000247,10955.15,219.1,39.44,0.0,10696.61,2026-08-20,UTR100247
stl_000248,pay_000248,order_000248,11424.88,228.5,41.13,0.0,11155.25,2026-08-08,UTR100248
stl_000249,pay_000249,order_000249,18719.56,374.39,67.39,0.0,18277.78,2026-08-18,UTR100249
stl_000250,pay_000250,order_000250,11526.71,230.53,41.5,0.0,11254.68,2026-08-10,UTR100250
stl_000251,pay_000251,order_000251,21076.64,421.53,75.88,0.0,20579.23,2026-08-11,UTR100251
stl_000252,pay_000252,order_000252,19262.44,385.25,69.34,0.0,18807.85,2026-08-19,UTR100252
stl_000253,pay_000253,order_000253,12372.63,247.45,44.54,0.0,12080.64,2026-08-10,UTR100253
stl_000254,pay_000254,order_000254,7227.64,144.55,26.02,0.0,7057.07,2026-08-05,UTR100254
stl_000255,pay_000255,order_000255,17981.85,359.64,64.74,0.0,17557.47,2026-08-10,UTR100255
stl_000256,pay_000256,order_000256,7157.02,143.14,25.77,0.0,6988.11,2026-08-13,UTR100256
stl_000257,pay_000257,order_000257,22379.16,447.58,80.56,0.0,21851.02,2026-08-05,UTR100257
stl_000258,pay_000258,order_000258,3890.16,77.8,14.0,0.0,3798.36,2026-08-10,UTR100258
stl_000259,pay_000259,order_000259,9884.36,197.69,35.58,0.0,9651.09,2026-08-07,UTR100259
stl_000260,pay_000260,order_000260,17807.27,356.15,64.11,0.0,17387.01,2026-08-05,UTR100260
stl_000261,pay_000261,order_000261,10664.26,213.29,38.39,0.0,10412.58,2026-08-13,UTR100261
stl_000262,pay_000262,order_000262,13793.97,275.88,49.66,0.0,13468.43,2026-08-16,UTR100262
stl_000263,pay_000263,order_000263,2025.51,40.51,7.29,0.0,1977.71,2026-08-16,UTR100263
stl_000264,pay_000264,order_000264,10042.18,200.84,36.15,0.0,9805.19,2026-08-21,UTR100264
stl_000265,pay_000265,order_000265,23678.52,473.57,85.24,0.0,23119.71,2026-08-03,UTR100265
stl_000266,pay_000266,order_000266,21489.93,429.8,77.36,0.0,20982.77,2026-08-21,UTR100266
stl_000267,pay_000267,order_000267,9819.34,196.39,35.35,0.0,9587.6,2026-08-03,UTR100267
stl_000268,pay_000268,order_000268,23597.17,471.94,84.95,0.0,23040.28,2026-08-12,UTR100268
stl_000269,pay_000269,order_000269,18960.14,379.2,68.26,0.0,18512.68,2026-08-16,UTR100269
stl_000270,pay_000270,order_000270,13686.4,273.73,49.27,0.0,13363.4,2026-08-20,UTR100270
stl_000271,pay_000271,order_000271,20096.77,401.94,72.35,0.0,19622.48,2026-08-10,UTR100271
stl_000272,pay_000272,order_000272,12461.62,249.23,44.86,0.0,12167.53,2026-08-11,UTR100272
stl_000273,pay_000273,order_000273,11177.98,223.56,40.24,0.0,10914.18,2026-08-03,UTR100273
stl_000274,pay_000274,order_000274,10027.0,200.54,36.1,0.0,9790.36,2026-08-15,UTR100274
stl_000275,pay_000275,order_000275,18242.44,364.85,65.67,0.0,17811.92,2026-08-17,UTR100275
stl_000276,pay_000276,order_000276,23028.77,460.58,82.9,0.0,22485.29,2026-08-22,UTR100276
stl_000277,pay_000277,order_000277,13586.03,271.72,48.91,0.0,13265.4,2026-08-15,UTR100277
stl_000278,pay_000278,order_000278,15001.37,300.03,54.01,0.0,14647.33,2026-08-03,UTR100278
stl_000279,pay_000279,order_000279,2556.71,51.13,9.2,0.0,2496.38,2026-08-16,UTR100279
stl_000280,pay_000280,order_000280,3824.64,76.49,13.77,0.0,3734.38,2026-08-17,UTR100280
stl_000281,pay_000281,order_000281,4952.36,99.05,17.83,0.0,4835.48,2026-08-11,UTR100281
stl_000282,pay_000282,order_000282,9788.04,195.76,35.24,0.0,9557.04,2026-08-09,UTR100282
stl_000283,pay_000283,order_000283,11640.13,232.8,41.9,0.0,11365.43,2026-08-13,UTR100283
stl_000284,pay_000284,order_000284,19150.13,383.0,68.94,0.0,18698.19,2026-08-15,UTR100284
stl_000285,pay_000285,order_000285,7317.29,146.35,26.34,0.0,7144.6,2026-08-16,UTR100285
stl_000286,pay_000286,order_000286,6680.65,133.61,24.05,0.0,6522.99,2026-08-05,UTR100286
stl_000287,pay_000287,order_000287,12022.52,240.45,43.28,0.0,11738.79,2026-08-20,UTR100287
stl_000288,pay_000288,order_000288,1776.1,35.52,6.39,0.0,1734.19,2026-08-14,UTR100288
stl_000289,pay_000289,order_000289,5993.44,119.87,21.58,0.0,5851.99,2026-08-05,UTR100289
stl_000290,pay_000290,order_000290,19640.21,392.8,70.7,0.0,19176.71,2026-08-23,UTR100290
stl_000291,pay_000291,order_000291,1486.32,29.73,5.35,0.0,1451.24,2026-08-03,UTR100291
stl_000292,pay_000292,order_000292,23765.49,475.31,85.56,0.0,23204.62,2026-08-09,UTR100292
stl_000293,pay_000293,order_000293,21061.11,421.22,75.82,0.0,20564.07,2026-08-22,UTR100293
stl_000294,pay_000294,order_000294,4233.37,84.67,15.24,0.0,4133.46,2026-08-07,UTR100294
stl_000295,pay_000295,order_000295,12102.25,242.05,43.57,0.0,11816.63,2026-08-06,UTR100295
stl_000296,pay_000296,order_000296,14317.25,286.35,51.54,0.0,13979.36,2026-08-09,UTR100296
stl_000297,pay_000297,order_000297,11893.33,237.87,42.82,0.0,11612.64,2026-08-11,UTR100297
stl_000298,pay_000298,order_000298,19289.0,385.78,69.44,0.0,18833.78,2026-08-08,UTR100298
stl_000299,pay_000299,order_000299,15344.37,306.89,55.24,0.0,14982.24,2026-08-06,UTR100299
stl_000300,pay_000300,order_000300,19555.9,391.12,70.4,0.0,19094.38,2026-08-08,UTR100300
stl_000301,pay_000301,order_000301,24135.66,482.71,86.89,0.0,23566.06,2026-08-06,UTR100301
stl_000302,pay_000302,order_000302,14677.78,293.56,52.84,0.0,14331.38,2026-08-12,UTR100302
stl_000303,pay_000303,order_000303,14607.02,292.14,52.59,0.0,14262.29,2026-08-15,UTR100303
stl_000304,pay_000304,order_000304,10218.03,204.36,36.78,0.0,9976.89,2026-08-09,UTR100304
stl_000305,pay_000305,order_000305,2361.91,47.24,8.5,0.0,2306.17,2026-08-23,UTR100305
stl_000306,pay_000306,order_000306,6449.81,129.0,23.22,0.0,6297.59,2026-08-12,UTR100306
stl_000307,pay_000307,order_000307,21332.18,426.64,76.8,0.0,20828.74,2026-08-22,UTR100307
stl_000308,pay_000308,order_000308,20235.44,404.71,72.85,0.0,19757.88,2026-08-21,UTR100308
stl_000309,pay_000309,order_000309,19674.57,393.49,70.83,0.0,19210.25,2026-08-14,UTR100309
stl_000310,pay_000310,order_000310,13552.26,271.05,48.79,0.0,13232.42,2026-08-14,UTR100310
stl_000311,pay_000311,order_000311,2189.44,43.79,7.88,0.0,2137.77,2026-08-23,UTR100311
stl_000312,pay_000312,order_000312,8860.16,177.2,31.9,0.0,8651.06,2026-08-16,UTR100312
stl_000313,pay_000313,order_000313,20647.11,412.94,74.33,0.0,20159.84,2026-08-06,UTR100313
stl_000314,pay_000314,order_000314,11121.32,222.43,40.04,0.0,10858.85,2026-08-14,UTR100314
stl_000315,pay_000315,order_000315,16071.84,321.44,57.86,0.0,15692.54,2026-08-17,UTR100315
stl_000316,pay_000316,order_000316,17829.06,356.58,64.18,0.0,17408.3,2026-08-16,UTR100316
stl_000317,pay_000317,order_000317,4815.36,96.31,17.34,0.0,4701.71,2026-08-19,UTR100317
stl_000318,pay_000318,order_000318,24154.11,483.08,86.95,0.0,23584.08,2026-08-11,UTR100318
stl_000319,pay_000319,order_000319,15589.85,311.8,56.12,0.0,15221.93,2026-08-20,UTR100319
stl_000320,pay_000320,order_000320,19478.72,389.57,70.12,0.0,19019.03,2026-08-17,UTR100320
stl_000321,pay_000321,order_000321,11171.58,223.43,40.22,0.0,10907.93,2026-08-21,UTR100321
stl_000322,pay_000322,order_000322,7075.69,141.51,25.47,0.0,6908.71,2026-08-10,UTR100322
stl_000323,pay_000323,order_000323,20852.91,417.06,75.07,0.0,20360.78,2026-08-05,UTR100323
stl_000324,pay_000324,order_000324,7333.74,146.67,26.4,0.0,7160.67,2026-08-17,UTR100324
stl_000325,pay_000325,order_000325,6474.65,129.49,23.31,0.0,6321.85,2026-08-17,UTR100325
stl_000326,pay_000326,order_000326,14461.32,289.23,52.06,0.0,14120.03,2026-08-15,UTR100326
stl_000327,pay_000327,order_000327,8741.72,174.83,31.47,0.0,8535.42,2026-08-18,UTR100327
stl_000328,pay_000328,order_000328,21348.34,426.97,76.85,0.0,20844.52,2026-08-08,UTR100328
stl_000329,pay_000329,order_000329,12444.97,248.9,44.8,0.0,12151.27,2026-08-14,UTR100329
stl_000330,pay_000330,order_000330,20046.89,400.94,72.17,0.0,19573.78,2026-08-13,UTR100330
stl_000331,pay_000331,order_000331,7351.63,147.03,26.47,0.0,7178.13,2026-08-22,UTR100331
stl_000332,pay_000332,order_000332,17679.0,353.58,63.64,0.0,17261.78,2026-08-11,UTR100332
stl_000333,pay_000333,order_000333,14116.88,282.34,50.82,0.0,13783.72,2026-08-19,UTR100333
stl_000334,pay_000334,order_000334,23727.53,474.55,85.42,0.0,23167.56,2026-08-05,UTR100334
stl_000335,pay_000335,order_000335,6413.22,128.26,23.09,0.0,6261.87,2026-08-16,UTR100335
stl_000336,pay_000336,order_000336,12470.16,249.4,44.89,0.0,12175.87,2026-08-10,UTR100336
stl_000337,pay_000337,order_000337,17419.93,348.4,62.71,0.0,17008.82,2026-08-23,UTR100337
stl_000338,pay_000338,order_000338,17940.14,358.8,64.58,0.0,17516.76,2026-08-17,UTR100338
stl_000339,pay_000339,order_000339,19926.86,398.54,71.74,0.0,19456.58,2026-08-05,UTR100339
stl_000340,pay_000340,order_000340,7708.77,154.18,27.75,0.0,7526.84,2026-08-15,UTR100340
stl_000341,pay_000341,order_000341,17448.79,348.98,62.82,0.0,17036.99,2026-08-12,UTR100341
stl_000342,pay_000342,order_000342,16767.02,335.34,60.36,0.0,16371.32,2026-08-14,UTR100342
stl_000343,pay_000343,order_000343,12094.88,241.9,43.54,0.0,11809.44,2026-08-19,UTR100343
stl_000344,pay_000344,order_000344,8922.06,178.44,32.12,0.0,8711.5,2026-08-20,UTR100344
stl_000345,pay_000345,order_000345,8604.39,172.09,30.98,0.0,8401.32,2026-08-17,UTR100345
stl_000346,pay_000346,order_000346,7137.45,142.75,25.7,0.0,6969.0,2026-08-11,UTR100346
stl_000347,pay_000347,order_000347,6148.18,122.96,22.13,0.0,6003.09,2026-08-09,UTR100347
stl_000348,pay_000348,order_000348,8230.92,164.62,29.63,0.0,8036.67,2026-08-20,UTR100348
stl_000349,pay_000349,order_000349,23796.5,475.93,85.67,0.0,23234.9,2026-08-08,UTR100349
stl_000350,pay_000350,order_000350,5192.75,103.86,18.69,0.0,5070.2,2026-08-18,UTR100350
stl_000351,pay_000351,order_000351,7274.24,145.48,26.19,0.0,7102.57,2026-08-21,UTR100351
stl_000352,pay_000352,order_000352,24426.87,488.54,87.94,0.0,23850.39,2026-08-19,UTR100352
stl_000353,pay_000353,order_000353,15121.37,302.43,54.44,0.0,14764.5,2026-08-06,UTR100353
stl_000354,pay_000354,order_000354,20899.39,417.99,75.24,0.0,20406.16,2026-08-12,UTR100354
stl_000355,pay_000355,order_000355,6073.34,121.47,21.86,0.0,5930.01,2026-08-08,UTR100355
stl_000356,pay_000356,order_000356,7905.56,158.11,28.46,0.0,7718.99,2026-08-20,UTR100356
stl_000357,pay_000357,order_000357,3601.28,72.03,12.97,0.0,3516.28,2026-08-04,UTR100357
stl_000358,pay_000358,order_000358,24370.23,487.4,87.73,0.0,23795.1,2026-08-20,UTR100358
stl_000359,pay_000359,order_000359,7657.35,153.15,27.57,0.0,7476.63,2026-08-07,UTR100359
stl_000360,pay_000360,order_000360,16127.81,322.56,58.06,0.0,15747.19,2026-08-18,UTR100360
stl_000361,pay_000361,order_000361,3013.4,60.27,10.85,0.0,2942.28,2026-08-03,UTR100361
stl_000362,pay_000362,order_000362,14564.57,291.29,52.43,0.0,14220.85,2026-08-18,UTR100362
stl_000363,pay_000363,order_000363,12228.5,244.57,44.02,0.0,11939.91,2026-08-13,UTR100363
stl_000364,pay_000364,order_000364,5016.91,100.34,18.06,0.0,4898.51,2026-08-04,UTR100364
stl_000365,pay_000365,order_000365,6685.72,133.71,24.07,0.0,6527.94,2026-08-18,UTR100365
stl_000366,pay_000366,order_000366,3295.13,65.9,11.86,0.0,3217.37,2026-08-05,UTR100366
stl_000367,pay_000367,order_000367,10317.33,206.35,37.14,0.0,10073.84,2026-08-05,UTR100367
stl_000368,pay_000368,order_000368,14637.02,292.74,52.69,0.0,14291.59,2026-08-04,UTR100368
stl_000369,pay_000369,order_000369,4217.31,84.35,15.18,0.0,4117.78,2026-08-21,UTR100369
stl_000370,pay_000370,order_000370,23753.58,475.07,85.51,0.0,23193.0,2026-08-05,UTR100370
stl_000371,pay_000371,order_000371,24850.99,497.02,89.46,0.0,24264.51,2026-08-06,UTR100371
stl_000372,pay_000372,order_000372,14172.79,283.46,51.02,0.0,13838.31,2026-08-16,UTR100372
stl_000373,pay_000373,order_000373,15354.78,307.1,55.28,0.0,14992.4,2026-08-22,UTR100373
stl_000374,pay_000374,order_000374,6029.33,120.59,21.71,0.0,5887.03,2026-08-19,UTR100374
stl_000375,pay_000375,order_000375,9819.26,196.39,35.35,0.0,9587.52,2026-08-17,UTR100375
stl_000376,pay_000376,order_000376,7785.15,155.7,28.03,0.0,7601.42,2026-08-21,UTR100376
stl_000377,pay_000377,order_000377,24755.77,495.12,89.12,0.0,24171.53,2026-08-12,UTR100377
stl_000378,pay_000378,order_000378,14431.42,288.63,51.95,0.0,14090.84,2026-08-04,UTR100378
stl_000379,pay_000379,order_000379,15435.96,308.72,55.57,0.0,15071.67,2026-08-06,UTR100379
stl_000380,pay_000380,order_000380,23715.96,474.32,85.38,0.0,23156.26,2026-08-09,UTR100380
stl_000381,pay_000381,order_000381,15825.12,316.5,56.97,0.0,15451.65,2026-08-11,UTR100381
stl_000382,pay_000382,order_000382,16680.49,333.61,60.05,0.0,16286.83,2026-08-08,UTR100382
stl_000383,pay_000383,order_000383,6376.7,127.53,22.96,0.0,6226.21,2026-08-20,UTR100383
stl_000384,pay_000384,order_000384,2339.09,46.78,8.42,0.0,2283.89,2026-08-03,UTR100384
stl_000385,pay_000385,order_000385,10508.68,210.17,37.83,0.0,10260.68,2026-08-22,UTR100385
stl_000386,pay_000386,order_000386,12012.86,240.26,43.25,0.0,11729.35,2026-08-04,UTR100386
stl_000387,pay_000387,order_000387,6171.17,123.42,22.22,0.0,6025.53,2026-08-12,UTR100387
stl_000388,pay_000388,order_000388,17723.2,354.46,63.8,0.0,17304.94,2026-08-17,UTR100388
stl_000389,pay_000389,order_000389,2243.9,44.88,8.08,0.0,2190.94,2026-08-10,UTR100389
stl_000390,pay_000390,order_000390,23135.82,462.72,83.29,0.0,22589.81,2026-08-23,UTR100390
stl_000391,pay_000391,order_000391,14949.84,299.0,53.82,0.0,14597.02,2026-08-09,UTR100391
stl_000392,pay_000392,order_000392,10915.9,218.32,39.3,0.0,10658.28,2026-08-20,UTR100392
stl_000393,pay_000393,order_000393,6007.83,120.16,21.63,0.0,5866.04,2026-08-07,UTR100393
stl_000394,pay_000394,order_000394,22756.08,455.12,81.92,0.0,22219.04,2026-08-07,UTR100394
stl_000395,pay_000395,order_000395,2249.54,44.99,8.1,0.0,2196.45,2026-08-08,UTR100395
stl_000396,pay_000396,order_000396,19919.4,398.39,71.71,0.0,19449.3,2026-08-22,UTR100396
stl_000397,pay_000397,order_000397,18849.46,376.99,67.86,0.0,18404.61,2026-08-21,UTR100397
stl_000398,pay_000398,order_000398,23069.22,461.38,83.05,0.0,22524.79,2026-08-17,UTR100398
stl_000399,pay_000399,order_000399,3546.66,70.93,12.77,0.0,3462.96,2026-08-12,UTR100399
stl_000400,pay_000400,order_000400,17643.48,352.87,63.52,0.0,17227.09,2026-08-11,UTR100400
stl_000401,pay_000401,order_000401,12761.57,255.23,45.94,0.0,12460.4,2026-08-18,UTR100401
stl_000402,pay_000402,order_000402,11225.09,224.5,40.41,0.0,10960.18,2026-08-22,UTR100402
stl_000403,pay_000403,order_000403,1476.59,29.53,5.32,0.0,1441.74,2026-08-16,UTR100403
stl_000404,pay_000404,order_000404,18496.08,369.92,66.59,0.0,18059.57,2026-08-22,UTR100404
stl_000405,pay_000405,order_000405,6634.01,132.68,23.88,0.0,6477.45,2026-08-05,UTR100405
stl_000406,pay_000406,order_000406,6108.65,122.17,21.99,0.0,5964.49,2026-08-21,UTR100406
stl_000407,pay_000407,order_000407,14884.51,297.69,53.58,0.0,14533.24,2026-08-03,UTR100407
stl_000408,pay_000408,order_000408,24989.52,499.79,89.96,0.0,24399.77,2026-08-11,UTR100408
stl_000409,pay_000409,order_000409,14618.05,292.36,52.62,0.0,14273.07,2026-08-08,UTR100409
stl_000410,pay_000410,order_000410,12027.27,240.55,43.3,0.0,11743.42,2026-08-23,UTR100410
stl_000411,pay_000411,order_000411,11334.62,226.69,40.8,0.0,11067.13,2026-08-11,UTR100411
stl_000412,pay_000412,order_000412,4946.48,98.93,17.81,0.0,4829.74,2026-08-21,UTR100412
stl_000413,pay_000413,order_000413,11179.18,223.58,40.24,0.0,10915.36,2026-08-18,UTR100413
stl_000414,pay_000414,order_000414,24241.85,484.84,87.27,0.0,23669.74,2026-08-18,UTR100414
stl_000415,pay_000415,order_000415,9025.05,180.5,32.49,0.0,8812.06,2026-08-13,UTR100415
stl_000416,pay_000416,order_000416,8365.93,167.32,30.12,0.0,8168.49,2026-08-06,UTR100416
stl_000417,pay_000417,order_000417,21514.46,430.29,77.45,0.0,21006.72,2026-08-13,UTR100417
stl_000418,pay_000418,order_000418,10585.3,211.71,38.11,0.0,10335.48,2026-08-18,UTR100418
stl_000419,pay_000419,order_000419,7561.34,151.23,27.22,0.0,7382.89,2026-08-15,UTR100419
stl_000420,pay_000420,order_000420,20432.37,408.65,73.56,0.0,19950.16,2026-08-20,UTR100420
stl_000421,pay_000421,order_000421,1399.08,27.98,5.04,0.0,1366.06,2026-08-05,UTR100421
stl_000422,pay_000422,order_000422,8205.67,164.11,29.54,0.0,8012.02,2026-08-13,UTR100422
stl_000423,pay_000423,order_000423,3340.08,66.8,12.02,0.0,3261.26,2026-08-15,UTR100423
stl_000424,pay_000424,order_000424,21690.31,433.81,78.09,0.0,21178.41,2026-08-03,UTR100424
stl_000425,pay_000425,order_000425,16612.68,332.25,59.8,0.0,16220.63,2026-08-20,UTR100425
stl_000426,pay_000426,order_000426,11818.42,236.37,42.55,0.0,11539.5,2026-08-04,UTR100426
stl_000427,pay_000427,order_000427,5095.77,101.92,18.35,0.0,4975.5,2026-08-14,UTR100427
stl_000428,pay_000428,order_000428,15754.53,315.09,56.72,0.0,15382.72,2026-08-18,UTR100428
stl_000429,pay_000429,order_000429,15822.51,316.45,56.96,0.0,15449.1,2026-08-04,UTR100429
stl_000430,pay_000430,order_000430,5487.18,109.74,19.75,0.0,5357.69,2026-08-20,UTR100430
stl_000431,pay_000431,order_000431,3709.82,74.2,13.36,0.0,3622.26,2026-08-12,UTR100431
stl_000432,pay_000432,order_000432,11233.84,224.68,40.44,0.0,10968.72,2026-08-18,UTR100432
stl_000433,pay_000433,order_000433,3474.94,69.5,12.51,0.0,3392.93,2026-08-23,UTR100433
stl_000434,pay_000434,order_000434,15417.36,308.35,55.5,0.0,15053.51,2026-08-10,UTR100434
stl_000435,pay_000435,order_000435,17889.68,357.79,64.4,0.0,17467.49,2026-08-12,UTR100435
stl_000436,pay_000436,order_000436,13995.56,279.91,50.38,0.0,13665.27,2026-08-20,UTR100436
stl_000437,pay_000437,order_000437,10495.77,209.92,37.79,0.0,10248.06,2026-08-10,UTR100437
stl_000438,pay_000438,order_000438,24810.3,496.21,89.32,0.0,24224.77,2026-08-06,UTR100438
stl_000439,pay_000439,order_000439,11805.47,236.11,42.5,0.0,11526.86,2026-08-06,UTR100439
stl_000440,pay_000440,order_000440,16368.89,327.38,58.93,0.0,15982.58,2026-08-07,UTR100440
stl_000441,pay_000441,order_000441,12710.2,254.2,45.76,0.0,12410.24,2026-08-12,UTR100441
stl_000442,pay_000442,order_000442,12967.36,259.35,46.68,0.0,12661.33,2026-08-11,UTR100442
stl_000443,pay_000443,order_000443,10679.51,213.59,38.45,0.0,10427.47,2026-08-18,UTR100443
stl_000444,pay_000444,order_000444,24515.99,490.32,88.26,7354.8,16582.61,2026-08-10,UTR100444
stl_000445,pay_000445,order_000445,11691.27,233.83,42.09,0.0,11415.35,2026-08-07,UTR100445
stl_000446,pay_000445,order_000445,11691.27,233.83,42.09,0.0,11415.35,2026-08-07,UTR100445
stl_000447,pay_000447,order_000447,12951.9,259.04,46.63,0.0,12610.99,2026-08-07,UTR100447
stl_000448,pay_000448,order_000448,7268.06,145.36,26.16,0.0,7096.54,2026-08-16,UTR100448
stl_000449,pay_000449,order_000449,8826.94,176.54,31.78,0.0,8618.62,2026-08-19,UTR100449
stl_000450,pay_000450,order_000450,7045.73,140.91,25.36,0.0,6879.46,2026-08-03,UTR100450
stl_000451,pay_000451,order_000451,7429.56,148.59,26.75,0.0,7254.22,2026-08-12,UTR100451
stl_000452,pay_000452,order_000452,21018.16,420.36,75.66,0.0,20522.14,2026-08-21,UTR100452
stl_000453,pay_000453,order_000453,24973.11,499.46,89.9,0.0,24383.75,2026-08-18,UTR100453
stl_000454,pay_000454,order_000454,21698.88,433.98,78.12,0.0,21186.78,2026-08-17,UTR100454
stl_000455,pay_000455,order_000455,13695.22,273.9,49.3,0.0,13372.02,2026-08-14,UTR100455
stl_000456,pay_000456,order_000456,8644.78,172.9,31.12,0.0,8440.76,2026-08-20,UTR100456
stl_000457,pay_000457,order_000457,9741.65,194.83,35.07,0.0,9511.75,2026-08-13,UTR100457
stl_000458,pay_000458,order_000458,21805.24,436.1,78.5,0.0,21290.64,2026-08-10,UTR100458
stl_000459,pay_000459,order_000459,14509.04,290.18,52.23,0.0,14166.63,2026-08-10,UTR100459
stl_000460,pay_000460,order_000460,21472.32,429.45,77.3,0.0,20965.57,2026-08-16,UTR100460
stl_000461,pay_000461,order_000461,1569.36,31.39,5.65,0.0,1532.32,2026-08-18,UTR100461
stl_000462,pay_000462,order_000462,17778.08,355.56,64.0,0.0,17358.52,2026-08-15,UTR100462
stl_000463,pay_000463,order_000463,9958.93,199.18,35.85,0.0,9723.9,2026-08-23,UTR100463
stl_000464,pay_000464,order_000464,24530.04,490.6,88.31,0.0,23951.13,2026-08-18,UTR100464
stl_000465,pay_000465,order_000465,24138.2,482.76,86.9,0.0,23568.54,2026-08-07,UTR100465
stl_000466,pay_000466,order_000466,12806.13,256.12,46.1,0.0,12503.91,2026-08-21,UTR100466
stl_000467,pay_000467,order_000467,8633.87,172.68,31.08,0.0,8430.11,2026-08-06,UTR100467
stl_000468,pay_000468,order_000468,21917.66,438.35,78.9,0.0,21400.41,2026-08-17,UTR100468
stl_000469,pay_000469,order_000469,2942.94,58.86,10.59,0.0,2873.49,2026-08-17,UTR100469
stl_000470,pay_000470,order_000470,876.02,17.52,3.15,0.0,855.35,2026-08-07,UTR100470
stl_000471,pay_000471,order_000471,10544.48,210.89,37.96,0.0,10295.63,2026-08-23,UTR100471
stl_000472,pay_000472,order_000472,24263.94,485.28,87.35,0.0,23691.31,2026-08-05,UTR100472
stl_000473,pay_000473,order_000473,12002.52,240.05,43.21,0.0,11719.26,2026-08-11,UTR100473
stl_000474,pay_000474,order_000474,8794.75,175.9,31.66,0.0,8587.19,2026-08-15,UTR100474
stl_000475,pay_000475,order_000475,16421.0,328.42,59.12,0.0,16033.46,2026-08-13,UTR100475
stl_000476,pay_000476,order_000476,21382.36,427.65,76.98,0.0,20877.73,2026-08-20,UTR100476
stl_000477,pay_000477,order_000477,9810.23,196.2,35.32,0.0,9578.71,2026-08-13,UTR100477
stl_000478,pay_000478,order_000478,15856.58,317.13,57.08,0.0,15482.37,2026-08-18,UTR100478
stl_000479,pay_000479,order_000479,21873.38,437.47,78.74,0.0,21357.17,2026-08-04,UTR100479
stl_000480,pay_000480,order_000480,15627.76,312.56,56.26,0.0,15258.94,2026-08-10,UTR100480
stl_000481,pay_000481,order_000481,15963.44,319.27,57.47,0.0,15586.7,2026-08-12,UTR100481
stl_000482,pay_000482,order_000482,24936.94,498.74,89.77,0.0,24348.43,2026-08-05,UTR100482
stl_000483,pay_000483,order_000483,11132.3,222.65,40.08,0.0,10869.57,2026-08-06,UTR100483
stl_000484,pay_000484,order_000484,19129.06,382.58,68.86,0.0,18677.62,2026-08-06,UTR100484
stl_000485,pay_000485,order_000485,11370.12,227.4,40.93,0.0,11101.79,2026-08-12,UTR100485
stl_000486,pay_000486,order_000486,22633.89,452.68,81.48,0.0,22099.73,2026-08-04,UTR100486
stl_000487,pay_000487,order_000487,8447.18,168.94,30.41,0.0,8247.83,2026-08-04,UTR100487
stl_000488,pay_000488,order_000488,7687.51,153.75,27.68,0.0,7506.08,2026-08-14,UTR100488
stl_000489,pay_000489,order_000489,11051.83,221.04,39.79,0.0,10791.0,2026-08-10,UTR100489
stl_000490,pay_000490,order_000490,13513.57,270.27,48.65,0.0,13194.65,2026-08-21,UTR100490
stl_000491,pay_000491,order_000491,17204.11,344.08,61.93,0.0,16798.1,2026-08-08,UTR100491
stl_000492,pay_000492,order_000492,4664.6,93.29,16.79,0.0,4554.52,2026-08-05,UTR100492
stl_000493,pay_000493,order_000493,15432.55,308.65,55.56,0.0,15068.34,2026-08-15,UTR100493
stl_000494,pay_000494,order_000494,15682.9,313.66,56.46,0.0,15312.78,2026-08-10,UTR100494
stl_000495,pay_000495,order_000495,12692.85,253.86,45.69,0.0,12393.3,2026-08-21,UTR100495
stl_000496,pay_000496,order_000496,4006.38,80.13,14.42,0.0,3911.83,2026-08-17,UTR100496
stl_000497,pay_000497,order_000497,16128.66,322.57,58.06,0.0,15748.03,2026-08-17,UTR100497
stl_000498,pay_000498,order_000498,6755.5,135.11,24.32,0.0,6596.07,2026-08-03,UTR100498
stl_000499,pay_000499,order_000499,22523.26,450.47,81.08,0.0,21991.71,2026-08-17,UTR100499
stl_000500,pay_000500,order_000500,22579.63,451.59,81.29,0.0,22046.75,2026-08-20,UTR100500
stl_000501,pay_000501,order_000501,4370.4,87.41,15.73,0.0,4267.26,2026-08-17,UTR100501
stl_000502,pay_000502,order_000502,23658.27,473.17,85.17,0.0,23099.93,2026-08-21,UTR100502
stl_000503,pay_000503,order_000503,7829.28,156.59,28.19,0.0,7644.5,2026-08-16,UTR100503
stl_000504,pay_000504,order_000504,17412.68,348.25,62.68,0.0,17001.75,2026-08-17,UTR100504
stl_000505,pay_000505,order_000505,21209.95,424.2,76.36,0.0,20709.39,2026-08-09,UTR100505
stl_000506,pay_000506,order_000506,24984.65,499.69,89.94,0.0,24395.02,2026-08-18,UTR100506
stl_000507,pay_000507,order_000507,3113.01,62.26,11.21,0.0,3039.54,2026-08-15,UTR100507
stl_000508,pay_000508,order_000508,14512.11,290.24,52.24,0.0,14169.63,2026-08-21,UTR100508
stl_000509,pay_000509,order_000509,7748.87,154.98,27.9,0.0,7565.99,2026-08-12,UTR100509
stl_000510,pay_000510,order_000510,1037.52,20.75,3.73,0.0,1013.04,2026-08-15,UTR100510
stl_000511,pay_000511,order_000511,7224.77,144.5,26.01,0.0,7054.26,2026-08-21,UTR100511
stl_000512,pay_000512,order_000512,21694.15,433.88,78.1,0.0,21182.17,2026-08-04,UTR100512
stl_000513,pay_000513,order_000513,22810.12,456.2,82.12,0.0,22271.8,2026-08-18,UTR100513
stl_000514,pay_000514,order_000514,20904.55,418.09,75.26,0.0,20411.2,2026-08-12,UTR100514
stl_000515,pay_000515,order_000515,19505.65,390.11,70.22,0.0,19045.32,2026-08-10,UTR100515
stl_000516,pay_000516,order_000516,15373.09,307.46,55.34,0.0,15010.29,2026-08-14,UTR100516
stl_000517,pay_000517,order_000517,5865.61,117.31,21.12,0.0,5727.18,2026-08-09,UTR100517
stl_000518,pay_000518,order_000518,15711.83,314.24,56.56,0.0,15341.03,2026-08-07,UTR100518
stl_000519,pay_000519,order_000519,15892.08,317.84,57.21,0.0,15517.03,2026-08-23,UTR100519
stl_000520,pay_000520,order_000520,16335.34,326.71,58.81,0.0,15949.82,2026-08-12,UTR100520
stl_000521,pay_000521,order_000521,19820.96,396.42,71.36,0.0,19353.18,2026-08-04,UTR100521
stl_000522,pay_000522,order_000522,14699.56,293.99,52.92,0.0,14352.65,2026-08-07,UTR100522
stl_000523,pay_000523,order_000523,2708.27,54.17,9.75,0.0,2644.35,2026-08-12,UTR100523
stl_000524,pay_000524,order_000524,8504.62,170.09,30.62,0.0,8303.91,2026-08-16,UTR100524
stl_000525,pay_000525,order_000525,4803.18,96.06,17.29,0.0,4689.83,2026-08-07,UTR100525
stl_000526,pay_000526,order_000526,19769.56,395.39,71.17,0.0,19303.0,2026-08-14,UTR100526
stl_000527,pay_000527,order_000527,13505.88,270.12,48.62,0.0,13187.14,2026-08-11,UTR100527
stl_000528,pay_000528,order_000528,20846.58,416.93,75.05,0.0,20354.6,2026-08-11,UTR100528
stl_000529,pay_000529,order_000529,22894.2,457.88,82.42,0.0,22353.9,2026-08-18,UTR100529
stl_000530,pay_000530,order_000530,24200.91,484.02,87.12,0.0,23629.77,2026-08-12,UTR100530
stl_000531,pay_000531,order_000531,18790.7,375.81,67.65,0.0,18347.24,2026-08-13,UTR100531
stl_000532,pay_000532,order_000532,20203.7,404.07,72.73,0.0,19726.9,2026-08-17,UTR100532
stl_000533,pay_000533,order_000533,24090.89,481.82,86.73,0.0,23522.34,2026-08-07,UTR100533
stl_000534,pay_000534,order_000534,18976.71,379.53,68.32,0.0,18528.86,2026-08-10,UTR100534
stl_000535,pay_000535,order_000535,21573.44,431.47,77.66,0.0,21064.31,2026-08-15,UTR100535
stl_000536,pay_000536,order_000536,24198.11,483.96,87.11,0.0,23627.04,2026-08-20,UTR100536
stl_000537,pay_000537,order_000537,9461.49,189.23,34.06,0.0,9238.2,2026-08-15,UTR100537
stl_000538,pay_000538,order_000538,841.01,16.82,3.03,0.0,821.16,2026-08-20,UTR100538
stl_000539,pay_000539,order_000539,3527.92,70.56,12.7,0.0,3444.66,2026-08-14,UTR100539
stl_000540,pay_000540,order_000540,16984.3,339.69,61.14,0.0,16583.47,2026-08-11,UTR100540
stl_000541,pay_000541,order_000541,14821.72,296.43,53.36,0.0,14471.93,2026-08-23,UTR100541
stl_000542,pay_000542,order_000542,23537.15,470.74,84.73,0.0,22981.68,2026-08-06,UTR100542
stl_000543,pay_000543,order_000543,17033.5,340.67,61.32,0.0,16631.51,2026-08-18,UTR100543
stl_000544,pay_000544,order_000544,1113.1,22.26,4.01,0.0,1086.83,2026-08-20,UTR100544
stl_000545,pay_000545,order_000545,8536.15,170.72,30.73,0.0,8334.7,2026-08-22,UTR100545
stl_000546,pay_000546,order_000546,5923.5,118.47,21.32,0.0,5783.71,2026-08-05,UTR100546
stl_000547,pay_000547,order_000547,16067.4,321.35,57.84,0.0,15688.21,2026-08-17,UTR100547
stl_000548,pay_000548,order_000548,22780.0,455.6,82.01,0.0,22242.39,2026-08-12,UTR100548
stl_000549,pay_000549,order_000549,16406.37,328.13,59.06,0.0,16019.18,2026-08-06,UTR100549
stl_000550,pay_000550,order_000550,3924.54,78.49,14.13,0.0,3831.92,2026-08-04,UTR100550
stl_000551,pay_000551,order_000551,7956.93,159.14,28.65,0.0,7769.14,2026-08-18,UTR100551
stl_000552,pay_000552,order_000552,3344.95,66.9,12.04,0.0,3266.01,2026-08-10,UTR100552
stl_000553,pay_000553,order_000553,22237.85,444.76,80.06,0.0,21713.03,2026-08-07,UTR100553
stl_000554,pay_000554,order_000554,10021.82,200.44,36.08,0.0,9785.3,2026-08-14,UTR100554
stl_000555,pay_000555,order_000555,16926.91,338.54,60.94,0.0,16527.43,2026-08-20,UTR100555
stl_000556,pay_000556,order_000556,10768.61,215.37,38.77,0.0,10514.47,2026-08-07,UTR100556
stl_000557,pay_000557,order_000557,22192.64,443.85,79.89,0.0,21668.9,2026-08-23,UTR100557
stl_000558,pay_000558,order_000558,2926.03,58.52,10.53,0.0,2856.98,2026-08-18,UTR100558
stl_000559,pay_000559,order_000559,15583.48,311.67,56.1,0.0,15215.71,2026-08-11,UTR100559
stl_000560,pay_000560,order_000560,1301.55,26.03,4.69,0.0,1270.83,2026-08-14,UTR100560
stl_000561,pay_000561,order_000561,5823.11,116.46,20.96,0.0,5685.69,2026-08-17,UTR100561
stl_000562,pay_000562,order_000562,23788.6,475.77,85.64,0.0,23227.19,2026-08-14,UTR100562
stl_000563,pay_000563,order_000563,2934.19,58.68,10.56,0.0,2864.95,2026-08-14,UTR100563
stl_000564,pay_000564,order_000564,13839.41,276.79,49.82,0.0,13512.8,2026-08-23,UTR100564
stl_000565,pay_000565,order_000565,9287.51,185.75,33.44,0.0,9068.32,2026-08-15,UTR100565
stl_000566,pay_000566,order_000566,7259.1,145.18,26.13,0.0,7087.79,2026-08-06,UTR100566
stl_000567,pay_000567,order_000567,23750.76,475.02,85.5,0.0,23190.24,2026-08-17,UTR100567
stl_000568,pay_000568,order_000568,2746.0,54.92,9.89,0.0,2681.19,2026-08-09,UTR100568
stl_000569,pay_000569,order_000569,16221.76,324.44,58.4,0.0,15838.92,2026-08-22,UTR100569
stl_000570,pay_000570,order_000570,24291.79,485.84,87.45,0.0,23718.5,2026-08-04,UTR100570
stl_000571,pay_000571,order_000571,19776.47,395.53,71.2,0.0,19309.74,2026-08-10,UTR100571
stl_000572,pay_000572,order_000572,24726.11,494.52,89.01,0.0,24142.58,2026-08-21,UTR100572
stl_000573,pay_000573,order_000573,5527.54,110.55,19.9,0.0,5397.09,2026-08-20,UTR100573
stl_000574,pay_000574,order_000574,5575.36,111.51,20.07,0.0,5443.78,2026-08-09,UTR100574
stl_000575,pay_000575,order_000575,20419.8,408.4,73.51,0.0,19937.89,2026-08-10,UTR100575
stl_000576,pay_000576,order_000576,8549.71,170.99,30.78,0.0,8347.94,2026-08-07,UTR100576
stl_000577,pay_000577,order_000577,19821.77,396.44,71.36,0.0,19353.97,2026-08-22,UTR100577
stl_000578,pay_000578,order_000578,569.47,11.39,2.05,0.0,556.03,2026-08-07,UTR100578
stl_000579,pay_000579,order_000579,24694.42,493.89,88.9,0.0,24111.63,2026-08-20,UTR100579
stl_000580,pay_000580,order_000580,6641.03,132.82,23.91,0.0,6484.3,2026-08-08,UTR100580
stl_000581,pay_000581,order_000581,3193.2,63.86,11.49,0.0,3117.85,2026-08-03,UTR100581
stl_000582,pay_000582,order_000582,3729.18,74.58,13.42,0.0,3641.18,2026-08-14,UTR100582
stl_000583,pay_000583,order_000583,19854.62,397.09,71.48,0.0,19386.05,2026-08-10,UTR100583
stl_000584,pay_000584,order_000584,14926.9,298.54,53.74,0.0,14574.62,2026-08-03,UTR100584
stl_000585,pay_000585,order_000585,4769.03,95.38,17.17,0.0,4656.48,2026-08-04,UTR100585
stl_000586,pay_000586,order_000586,3605.58,72.11,12.98,0.0,3520.49,2026-08-16,UTR100586
stl_000587,pay_000587,order_000587,13389.1,267.78,48.2,0.0,13073.12,2026-08-05,UTR100587
stl_000588,pay_000588,order_000588,12168.03,243.36,43.8,0.0,11880.87,2026-08-14,UTR100588
stl_000589,pay_000589,order_000589,13074.33,261.49,47.07,0.0,12765.77,2026-08-06,UTR100589
stl_000590,pay_000590,order_000590,11574.13,231.48,41.67,0.0,11300.98,2026-08-10,UTR100590
stl_000591,pay_000591,order_000591,23662.68,473.25,85.19,0.0,23104.24,2026-08-04,UTR100591
stl_000592,pay_000592,order_000592,18317.45,366.35,65.94,0.0,17885.16,2026-08-19,UTR100592
stl_000593,pay_000593,order_000593,7889.94,157.8,28.4,0.0,7703.74,2026-08-23,UTR100593
stl_000594,pay_000594,order_000594,24118.64,482.37,86.83,0.0,23549.44,2026-08-04,UTR100594
stl_000595,pay_000595,order_000595,24965.38,499.31,89.88,0.0,24376.19,2026-08-15,UTR100595
stl_000596,pay_000596,order_000596,10943.7,218.87,39.4,0.0,10685.43,2026-08-06,UTR100596
stl_000597,pay_000597,order_000597,12511.59,250.23,45.04,0.0,12216.32,2026-08-17,UTR100597
stl_000598,pay_000598,order_000598,2300.52,46.01,8.28,0.0,2246.23,2026-08-05,UTR100598
stl_000599,pay_000599,order_000599,8391.74,167.83,30.21,0.0,8193.7,2026-08-07,UTR100599
stl_000600,pay_000600,order_000600,2109.21,42.18,7.59,0.0,2059.44,2026-08-11,UTR100600
stl_000601,pay_000601,order_000601,15795.78,315.92,56.87,0.0,15422.99,2026-08-21,UTR100601
stl_000602,pay_000602,order_000602,13934.73,278.69,50.16,0.0,13605.88,2026-08-13,UTR100602
stl_000603,pay_000603,order_000603,9832.16,196.64,35.4,0.0,9600.12,2026-08-22,UTR100603
stl_000604,pay_000604,order_000604,13498.64,269.97,48.59,0.0,13180.08,2026-08-17,UTR100604
stl_000605,pay_000605,order_000605,12886.0,257.72,46.39,0.0,12581.89,2026-08-16,UTR100605
stl_000606,pay_000606,order_000606,2929.87,58.6,10.55,0.0,2860.72,2026-08-06,UTR100606
stl_000607,pay_000607,order_000607,21393.42,427.87,77.02,0.0,20888.53,2026-08-23,UTR100607
stl_000608,pay_000608,order_000608,22003.8,440.08,79.21,0.0,21484.51,2026-08-20,UTR100608
stl_000609,pay_000609,order_000609,18160.58,363.21,65.38,0.0,17731.99,2026-08-09,UTR100609
stl_000610,pay_000610,order_000610,11036.71,220.73,39.73,0.0,10776.25,2026-08-10,UTR100610
stl_000611,pay_000611,order_000611,10638.43,212.77,38.3,0.0,10387.36,2026-08-17,UTR100611
stl_000612,pay_000612,order_000612,10268.89,205.38,36.97,0.0,10026.54,2026-08-06,UTR100612
stl_000613,pay_000613,order_000613,8157.43,163.15,29.37,0.0,7964.91,2026-08-13,UTR100613
stl_000614,pay_000614,order_000614,16795.14,335.9,60.46,0.0,16398.78,2026-08-14,UTR100614
stl_000615,pay_000615,order_000615,23863.02,477.26,85.91,0.0,23299.85,2026-08-18,UTR100615
stl_000616,pay_000616,order_000616,2144.77,42.9,7.72,0.0,2094.15,2026-08-05,UTR100616
stl_000617,pay_000617,order_000617,2784.14,55.68,10.02,0.0,2718.44,2026-08-06,UTR100617
stl_000618,pay_000618,order_000618,18742.43,374.85,67.47,0.0,18300.11,2026-08-14,UTR100618
stl_000619,pay_000619,order_000619,20388.35,407.77,73.4,0.0,19907.18,2026-08-20,UTR100619
stl_000620,pay_000620,order_000620,1969.53,39.39,7.09,0.0,1923.05,2026-08-20,UTR100620
stl_000621,pay_000621,order_000621,14261.24,285.22,51.34,0.0,13924.68,2026-08-06,UTR100621
stl_000622,pay_000622,order_000622,10564.81,211.3,38.03,0.0,10315.48,2026-08-16,UTR100622
stl_000623,pay_000623,order_000623,21768.26,435.37,78.37,0.0,21254.52,2026-08-04,UTR100623
stl_000624,pay_000624,order_000624,24225.77,484.52,87.21,0.0,23654.04,2026-08-22,UTR100624
stl_000625,pay_000625,order_000625,8155.0,163.1,29.36,0.0,7962.54,2026-08-06,UTR100625
stl_000626,pay_000626,order_000626,14659.0,293.18,52.77,0.0,14313.05,2026-08-09,UTR100626
stl_000627,pay_000627,order_000627,4290.89,85.82,15.45,0.0,4189.62,2026-08-18,UTR100627
stl_000628,pay_000628,order_000628,5994.0,119.88,21.58,0.0,5852.54,2026-08-06,UTR100628
stl_000629,pay_000629,order_000629,9077.79,181.56,32.68,0.0,8863.55,2026-08-20,UTR100629
stl_000630,pay_000630,order_000630,9505.25,190.1,34.22,0.0,9280.93,2026-08-11,UTR100630
stl_000631,pay_000631,order_000631,14565.45,291.31,52.44,0.0,14221.7,2026-08-16,UTR100631
stl_000632,pay_000632,order_000632,21206.3,424.13,76.34,0.0,20705.83,2026-08-22,UTR100632
stl_000633,pay_000633,order_000633,15532.55,310.65,55.92,0.0,15165.98,2026-08-23,UTR100633
stl_000634,pay_000634,order_000634,14140.12,282.8,50.9,0.0,13806.42,2026-08-22,UTR100634
stl_000635,pay_000635,order_000635,23262.57,465.25,83.74,0.0,22713.58,2026-08-11,UTR100635
stl_000636,pay_000636,order_000636,1209.35,24.19,4.35,0.0,1180.81,2026-08-11,UTR100636
stl_000637,pay_000637,order_000637,17716.12,354.32,63.78,0.0,17298.02,2026-08-12,UTR100637
stl_000638,pay_000638,order_000638,23077.67,461.55,83.08,0.0,22533.04,2026-08-14,UTR100638
stl_000639,pay_000639,order_000639,649.59,12.99,2.34,0.0,634.26,2026-08-07,UTR100639
stl_000640,pay_000640,order_000640,14374.87,287.5,51.75,0.0,14035.62,2026-08-15,UTR100640
stl_000641,pay_000641,order_000641,2204.84,44.1,7.94,0.0,2152.8,2026-08-23,UTR100641
stl_000642,pay_000642,order_000642,24309.35,486.19,87.51,0.0,23735.65,2026-08-05,UTR100642
stl_000643,pay_000643,order_000643,18779.74,375.59,67.61,0.0,18336.54,2026-08-09,UTR100643
stl_000644,pay_000644,order_000644,9716.76,194.34,34.98,0.0,9487.44,2026-08-17,UTR100644
stl_000645,pay_000645,order_000645,8851.95,177.04,31.87,0.0,8643.04,2026-08-14,UTR100645
stl_000646,pay_000646,order_000646,8135.12,162.7,29.29,0.0,7943.13,2026-08-13,UTR100646
stl_000647,pay_000647,order_000647,19532.47,390.65,70.32,0.0,19071.5,2026-08-21,UTR100647
stl_000648,pay_000648,order_000648,15107.48,302.15,54.39,0.0,14750.94,2026-08-04,UTR100648
stl_000649,pay_000649,order_000649,4311.71,86.23,15.52,0.0,4209.96,2026-08-22,UTR100649
stl_000650,pay_000650,order_000650,1719.18,34.38,6.19,0.0,1678.61,2026-08-05,UTR100650
stl_000651,pay_000651,order_000651,7166.52,143.33,25.8,0.0,6997.39,2026-08-16,UTR100651
stl_000652,pay_000652,order_000652,12398.71,247.97,44.63,0.0,12106.11,2026-08-17,UTR100652
stl_000653,pay_000653,order_000653,10647.5,212.95,38.33,0.0,10396.22,2026-08-09,UTR100653
stl_000654,pay_000654,order_000654,18996.11,379.92,68.39,0.0,18547.8,2026-08-06,UTR100654
stl_000655,pay_000655,order_000655,8956.73,179.13,32.24,0.0,8745.36,2026-08-06,UTR100655
stl_000656,pay_000656,order_000656,7439.54,148.79,26.78,0.0,7263.97,2026-08-21,UTR100656
stl_000657,pay_000657,order_000657,12422.5,248.45,44.72,0.0,12129.33,2026-08-12,UTR100657
stl_000658,pay_000658,order_000658,1612.73,32.25,5.8,0.0,1574.68,2026-08-15,UTR100658
stl_000659,pay_000659,order_000659,24618.92,492.38,88.63,0.0,24037.91,2026-08-04,UTR100659
stl_000660,pay_000660,order_000660,688.33,13.77,2.48,0.0,672.08,2026-08-12,UTR100660
stl_000661,pay_000661,order_000661,23660.44,473.21,85.18,0.0,23102.05,2026-08-07,UTR100661
stl_000662,pay_000662,order_000662,19221.94,384.44,69.2,0.0,18768.3,2026-08-12,UTR100662
stl_000663,pay_000663,order_000663,8539.0,170.78,30.74,0.0,8337.48,2026-08-03,UTR100663
stl_000664,pay_000664,order_000664,12685.94,253.72,45.67,0.0,12386.55,2026-08-16,UTR100664
stl_000665,pay_000665,order_000665,4804.52,96.09,17.3,0.0,4691.13,2026-08-15,UTR100665
stl_000666,pay_000666,order_000666,13548.27,270.97,48.77,4064.48,9164.05,2026-08-10,UTR100666
stl_000667,pay_000667,order_000667,12756.43,255.13,45.92,0.0,12455.38,2026-08-14,UTR100667
stl_000668,pay_000667,order_000667,12756.43,255.13,45.92,0.0,12455.38,2026-08-14,UTR100667
stl_000669,pay_000669,order_000669,11187.38,223.75,40.27,0.0,10886.12,2026-08-17,UTR100669
stl_000670,pay_000670,order_000670,21621.7,432.43,77.84,0.0,21111.43,2026-08-21,UTR100670
stl_000671,pay_000671,order_000671,11017.47,220.35,39.66,0.0,10757.46,2026-08-15,UTR100671
stl_000672,pay_000672,order_000672,17882.72,357.65,64.38,0.0,17460.69,2026-08-16,UTR100672
stl_000673,pay_000673,order_000673,7593.12,151.86,27.33,0.0,7413.93,2026-08-15,UTR100673
stl_000674,pay_000674,order_000674,1010.99,20.22,3.64,0.0,987.13,2026-08-13,UTR100674
stl_000675,pay_000675,order_000675,4710.89,94.22,16.96,0.0,4599.71,2026-08-22,UTR100675
stl_000676,pay_000676,order_000676,11772.37,235.45,42.38,0.0,11494.54,2026-08-14,UTR100676
stl_000677,pay_000677,order_000677,2659.18,53.18,9.57,0.0,2596.43,2026-08-06,UTR100677
stl_000678,pay_000678,order_000678,6461.25,129.22,23.26,0.0,6308.77,2026-08-21,UTR100678
stl_000679,pay_000679,order_000679,10311.02,206.22,37.12,0.0,10067.68,2026-08-05,UTR100679
stl_000680,pay_000680,order_000680,10196.28,203.93,36.71,0.0,9955.64,2026-08-12,UTR100680
stl_000681,pay_000681,order_000681,18772.22,375.44,67.58,0.0,18329.2,2026-08-10,UTR100681
stl_000682,pay_000682,order_000682,8660.18,173.2,31.18,0.0,8455.8,2026-08-08,UTR100682
stl_000683,pay_000683,order_000683,2371.29,47.43,8.54,0.0,2315.32,2026-08-23,UTR100683
stl_000684,pay_000684,order_000684,3293.65,65.87,11.86,0.0,3215.92,2026-08-19,UTR100684
stl_000685,pay_000685,order_000685,5250.64,105.01,18.9,0.0,5126.73,2026-08-14,UTR100685
stl_000686,pay_000686,order_000686,9101.94,182.04,32.77,0.0,8887.13,2026-08-23,UTR100686
stl_000687,pay_000687,order_000687,20468.41,409.37,73.69,0.0,19985.35,2026-08-10,UTR100687
stl_000688,pay_000688,order_000688,3018.71,60.37,10.87,0.0,2947.47,2026-08-11,UTR100688
stl_000689,pay_000689,order_000689,5333.16,106.66,19.2,0.0,5207.3,2026-08-22,UTR100689
stl_000690,pay_000690,order_000690,4245.31,84.91,15.28,0.0,4145.12,2026-08-23,UTR100690
stl_000691,pay_000691,order_000691,2346.16,46.92,8.45,0.0,2290.79,2026-08-23,UTR100691
stl_000692,pay_000692,order_000692,12605.87,252.12,45.38,0.0,12308.37,2026-08-21,UTR100692
stl_000693,pay_000693,order_000693,19116.99,382.34,68.82,0.0,18665.83,2026-08-17,UTR100693
stl_000694,pay_000694,order_000694,17187.77,343.76,61.88,0.0,16782.13,2026-08-21,UTR100694
stl_000695,pay_000695,order_000695,16253.3,325.07,58.51,0.0,15869.72,2026-08-22,UTR100695
stl_000696,pay_000696,order_000696,8418.6,168.37,30.31,0.0,8219.92,2026-08-23,UTR100696
stl_000697,pay_000697,order_000697,8245.4,164.91,29.68,0.0,8050.81,2026-08-17,UTR100697
stl_000698,pay_000698,order_000698,2173.01,43.46,7.82,0.0,2121.73,2026-08-17,UTR100698
stl_000699,pay_000699,order_000699,15968.94,319.38,57.49,0.0,15592.07,2026-08-11,UTR100699
stl_000700,pay_000700,order_000700,14989.78,299.8,53.96,0.0,14636.02,2026-08-14,UTR100700
stl_000701,pay_000701,order_000701,12929.75,258.6,46.55,0.0,12624.6,2026-08-12,UTR100701
stl_000702,pay_000702,order_000702,11812.69,236.25,42.52,0.0,11533.92,2026-08-04,UTR100702
stl_000703,pay_000703,order_000703,1893.81,37.88,6.82,0.0,1849.11,2026-08-12,UTR100703
stl_000704,pay_000704,order_000704,2379.91,47.6,8.57,0.0,2323.74,2026-08-05,UTR100704
stl_000705,pay_000705,order_000705,15567.71,311.35,56.04,0.0,15200.32,2026-08-19,UTR100705
stl_000706,pay_000706,order_000706,9919.82,198.4,35.71,0.0,9685.71,2026-08-21,UTR100706
stl_000707,pay_000707,order_000707,14080.75,281.62,50.69,0.0,13748.44,2026-08-04,UTR100707
stl_000708,pay_000708,order_000708,11518.48,230.37,41.47,0.0,11246.64,2026-08-21,UTR100708
stl_000709,pay_000709,order_000709,16470.02,329.4,59.29,0.0,16081.33,2026-08-13,UTR100709
stl_000710,pay_000710,order_000710,15322.64,306.45,55.16,0.0,14961.03,2026-08-19,UTR100710
stl_000711,pay_000711,order_000711,4196.1,83.92,15.11,0.0,4097.07,2026-08-04,UTR100711
stl_000712,pay_000712,order_000712,11537.82,230.76,41.54,0.0,11265.52,2026-08-13,UTR100712
stl_000713,pay_000713,order_000713,24568.45,491.37,88.45,0.0,23988.63,2026-08-05,UTR100713
stl_000714,pay_000714,order_000714,12861.45,257.23,46.3,0.0,12557.92,2026-08-08,UTR100714
stl_000715,pay_000715,order_000715,1458.98,29.18,5.25,0.0,1424.55,2026-08-17,UTR100715
stl_000716,pay_000716,order_000716,24779.16,495.58,89.2,0.0,24194.38,2026-08-19,UTR100716
stl_000717,pay_000717,order_000717,13307.33,266.15,47.91,0.0,12993.27,2026-08-08,UTR100717
stl_000718,pay_000718,order_000718,9415.5,188.31,33.9,0.0,9193.29,2026-08-12,UTR100718
stl_000719,pay_000719,order_000719,9991.71,199.83,35.97,0.0,9755.91,2026-08-13,UTR100719
stl_000720,pay_000720,order_000720,17132.99,342.66,61.68,0.0,16728.65,2026-08-04,UTR100720
stl_000721,pay_000721,order_000721,19836.06,396.72,71.41,0.0,19367.93,2026-08-23,UTR100721
stl_000722,pay_000722,order_000722,8698.91,173.98,31.32,0.0,8493.61,2026-08-13,UTR100722
stl_000723,pay_000723,order_000723,2815.4,56.31,10.14,0.0,2748.95,2026-08-15,UTR100723
stl_000724,pay_000724,order_000724,7461.6,149.23,26.86,0.0,7285.51,2026-08-22,UTR100724
stl_000725,pay_000725,order_000725,21895.35,437.91,78.82,0.0,21378.62,2026-08-13,UTR100725
stl_000726,pay_000726,order_000726,2496.8,49.94,8.99,0.0,2437.87,2026-08-07,UTR100726
stl_000727,pay_000727,order_000727,22960.29,459.21,82.66,0.0,22418.42,2026-08-12,UTR100727
stl_000728,pay_000728,order_000728,24208.56,484.17,87.15,0.0,23637.24,2026-08-15,UTR100728
stl_000729,pay_000729,order_000729,3659.32,73.19,13.17,0.0,3572.96,2026-08-05,UTR100729
stl_000730,pay_000730,order_000730,8084.76,161.7,29.11,0.0,7893.95,2026-08-15,UTR100730
stl_000731,pay_000731,order_000731,16265.58,325.31,58.56,0.0,15881.71,2026-08-13,UTR100731
stl_000732,pay_000732,order_000732,20423.03,408.46,73.52,0.0,19941.05,2026-08-19,UTR100732
stl_000733,pay_000733,order_000733,2789.6,55.79,10.04,0.0,2723.77,2026-08-16,UTR100733
stl_000734,pay_000734,order_000734,12957.97,259.16,46.65,0.0,12652.16,2026-08-03,UTR100734
stl_000735,pay_000735,order_000735,9383.64,187.67,33.78,0.0,9162.19,2026-08-08,UTR100735
stl_000736,pay_000736,order_000736,23803.65,476.07,85.69,0.0,23241.89,2026-08-13,UTR100736
stl_000737,pay_000737,order_000737,23717.87,474.36,85.38,0.0,23158.13,2026-08-18,UTR100737
stl_000738,pay_000738,order_000738,5204.13,104.08,18.73,0.0,5081.32,2026-08-07,UTR100738
stl_000739,pay_000739,order_000739,4296.16,85.92,15.47,0.0,4194.77,2026-08-12,UTR100739
stl_000740,pay_000740,order_000740,21188.5,423.77,76.28,0.0,20688.45,2026-08-06,UTR100740
stl_000741,pay_000741,order_000741,12938.4,258.77,46.58,0.0,12633.05,2026-08-20,UTR100741
stl_000742,pay_000742,order_000742,20960.44,419.21,75.46,0.0,20465.77,2026-08-19,UTR100742
stl_000743,pay_000743,order_000743,1424.81,28.5,5.13,0.0,1391.18,2026-08-13,UTR100743
stl_000744,pay_000744,order_000744,21971.62,439.43,79.1,0.0,21453.09,2026-08-22,UTR100744
stl_000745,pay_000745,order_000745,3710.7,74.21,13.36,0.0,3623.13,2026-08-15,UTR100745
stl_000746,pay_000746,order_000746,4279.19,85.58,15.4,0.0,4178.21,2026-08-08,UTR100746
stl_000747,pay_000747,order_000747,20867.95,417.36,75.12,0.0,20375.47,2026-08-22,UTR100747
stl_000748,pay_000748,order_000748,20321.57,406.43,73.16,0.0,19841.98,2026-08-08,UTR100748
stl_000749,pay_000749,order_000749,18168.98,363.38,65.41,0.0,17740.19,2026-08-04,UTR100749
stl_000750,pay_000750,order_000750,10566.04,211.32,38.04,0.0,10316.68,2026-08-10,UTR100750
stl_000751,pay_000751,order_000751,24254.92,485.1,87.32,0.0,23682.5,2026-08-22,UTR100751
stl_000752,pay_000752,order_000752,7480.73,149.61,26.93,0.0,7304.19,2026-08-17,UTR100752
stl_000753,pay_000753,order_000753,6233.07,124.66,22.44,0.0,6085.97,2026-08-10,UTR100753
stl_000754,pay_000754,order_000754,8081.96,161.64,29.1,0.0,7891.22,2026-08-18,UTR100754
stl_000755,pay_000755,order_000755,22647.37,452.95,81.53,0.0,22112.89,2026-08-09,UTR100755
stl_000756,pay_000756,order_000756,9512.1,190.24,34.24,0.0,9287.62,2026-08-21,UTR100756
stl_000757,pay_000757,order_000757,24618.77,492.38,88.63,0.0,24037.76,2026-08-17,UTR100757
stl_000758,pay_000758,order_000758,19351.24,387.02,69.66,0.0,18894.56,2026-08-15,UTR100758
stl_000759,pay_000759,order_000759,12821.21,256.42,46.16,0.0,12518.63,2026-08-16,UTR100759
stl_000760,pay_000760,order_000760,24173.57,483.47,87.02,0.0,23603.08,2026-08-09,UTR100760
stl_000761,pay_000761,order_000761,20130.85,402.62,72.47,0.0,19655.76,2026-08-07,UTR100761
stl_000762,pay_000762,order_000762,21888.55,437.77,78.8,0.0,21371.98,2026-08-04,UTR100762
stl_000763,pay_000763,order_000763,16208.89,324.18,58.35,0.0,15826.36,2026-08-14,UTR100763
stl_000764,pay_000764,order_000764,14086.25,281.73,50.71,0.0,13753.81,2026-08-06,UTR100764
stl_000765,pay_000765,order_000765,17929.32,358.59,64.55,0.0,17506.18,2026-08-19,UTR100765
stl_000766,pay_000766,order_000766,21353.57,427.07,76.87,0.0,20849.63,2026-08-12,UTR100766
stl_000767,pay_000767,order_000767,2554.94,51.1,9.2,0.0,2494.64,2026-08-08,UTR100767
stl_000768,pay_000768,order_000768,7183.39,143.67,25.86,0.0,7013.86,2026-08-19,UTR100768
stl_000769,pay_000769,order_000769,4110.04,82.2,14.8,0.0,4013.04,2026-08-16,UTR100769
stl_000770,pay_000770,order_000770,2746.98,54.94,9.89,0.0,2682.15,2026-08-10,UTR100770
stl_000771,pay_000771,order_000771,20509.23,410.18,73.83,0.0,20025.22,2026-08-14,UTR100771
stl_000772,pay_000772,order_000772,23296.56,465.93,83.87,0.0,22746.76,2026-08-16,UTR100772
stl_000773,pay_000773,order_000773,1804.79,36.1,6.5,0.0,1762.19,2026-08-19,UTR100773
stl_000774,pay_000774,order_000774,9662.06,193.24,34.78,0.0,9434.04,2026-08-15,UTR100774
stl_000775,pay_000775,order_000775,24865.87,497.32,89.52,0.0,24279.03,2026-08-14,UTR100775
stl_000776,pay_000776,order_000776,6001.2,120.02,21.6,0.0,5859.58,2026-08-13,UTR100776
stl_000777,pay_000777,order_000777,23305.23,466.1,83.9,0.0,22755.23,2026-08-23,UTR100777
stl_000778,pay_000778,order_000778,8714.61,174.29,31.37,0.0,8508.95,2026-08-07,UTR100778
stl_000779,pay_000779,order_000779,3871.19,77.42,13.94,0.0,3779.83,2026-08-12,UTR100779
stl_000780,pay_000780,order_000780,22976.21,459.52,82.71,0.0,22433.98,2026-08-18,UTR100780
stl_000781,pay_000781,order_000781,17553.76,351.08,63.19,0.0,17139.49,2026-08-07,UTR100781
stl_000782,pay_000782,order_000782,19091.61,381.83,68.73,0.0,18641.05,2026-08-18,UTR100782
stl_000783,pay_000783,order_000783,11490.74,229.81,41.37,0.0,11219.56,2026-08-03,UTR100783
stl_000784,pay_000784,order_000784,22693.51,453.87,81.7,0.0,22157.94,2026-08-03,UTR100784
stl_000785,pay_000785,order_000785,6770.14,135.4,24.37,0.0,6610.37,2026-08-07,UTR100785
stl_000786,pay_000786,order_000786,13945.7,278.91,50.2,0.0,13616.59,2026-08-22,UTR100786
stl_000787,pay_000787,order_000787,13430.4,268.61,48.35,0.0,13113.44,2026-08-06,UTR100787
stl_000788,pay_000788,order_000788,19516.23,390.32,70.26,0.0,19055.65,2026-08-10,UTR100788
stl_000789,pay_000789,order_000789,7878.2,157.56,28.36,0.0,7692.28,2026-08-04,UTR100789
stl_000790,pay_000790,order_000790,6341.77,126.84,22.83,0.0,6192.1,2026-08-23,UTR100790
stl_000791,pay_000791,order_000791,19950.53,399.01,71.82,0.0,19479.7,2026-08-17,UTR100791
stl_000792,pay_000792,order_000792,2038.78,40.78,7.34,0.0,1990.66,2026-08-18,UTR100792
stl_000793,pay_000793,order_000793,15120.11,302.4,54.43,0.0,14763.28,2026-08-03,UTR100793
stl_000794,pay_000794,order_000794,15982.9,319.66,57.54,0.0,15605.7,2026-08-21,UTR100794
stl_000795,pay_000795,order_000795,6427.48,128.55,23.14,0.0,6275.79,2026-08-07,UTR100795
stl_000796,pay_000796,order_000796,7636.16,152.72,27.49,0.0,7455.95,2026-08-03,UTR100796
stl_000797,pay_000797,order_000797,15562.83,311.26,56.03,0.0,15195.54,2026-08-10,UTR100797
stl_000798,pay_000798,order_000798,14481.26,289.63,52.13,0.0,14139.5,2026-08-08,UTR100798
stl_000799,pay_000799,order_000799,16777.1,335.54,60.4,0.0,16381.16,2026-08-05,UTR100799
stl_000800,pay_000800,order_000800,13325.37,266.51,47.97,0.0,13010.89,2026-08-14,UTR100800
stl_000801,pay_000801,order_000801,2158.14,43.16,7.77,0.0,2107.21,2026-08-19,UTR100801
stl_000802,pay_000802,order_000802,13830.01,276.6,49.79,0.0,13503.62,2026-08-19,UTR100802
stl_000803,pay_000803,order_000803,14076.72,281.53,50.68,0.0,13744.51,2026-08-15,UTR100803
stl_000804,pay_000804,order_000804,21896.62,437.93,78.83,0.0,21379.86,2026-08-04,UTR100804
stl_000805,pay_000805,order_000805,16073.93,321.48,57.87,0.0,15694.58,2026-08-14,UTR100805
stl_000806,pay_000806,order_000806,6714.43,134.29,24.17,0.0,6555.97,2026-08-03,UTR100806
stl_000807,pay_000807,order_000807,9248.8,184.98,33.3,0.0,9030.52,2026-08-05,UTR100807
stl_000808,pay_000808,order_000808,8947.66,178.95,32.21,0.0,8736.5,2026-08-23,UTR100808
stl_000809,pay_000809,order_000809,3039.76,60.8,10.94,0.0,2968.02,2026-08-21,UTR100809
stl_000810,pay_000810,order_000810,18512.08,370.24,66.64,0.0,18075.2,2026-08-13,UTR100810
stl_000811,pay_000811,order_000811,3768.53,75.37,13.57,0.0,3679.59,2026-08-14,UTR100811
stl_000812,pay_000812,order_000812,13877.34,277.55,49.96,0.0,13549.83,2026-08-23,UTR100812
stl_000813,pay_000813,order_000813,4789.68,95.79,17.24,0.0,4676.65,2026-08-17,UTR100813
stl_000814,pay_000814,order_000814,24530.07,490.6,88.31,0.0,23951.16,2026-08-18,UTR100814
stl_000815,pay_000815,order_000815,15977.53,319.55,57.52,0.0,15600.46,2026-08-07,UTR100815
stl_000816,pay_000816,order_000816,2045.96,40.92,7.37,0.0,1997.67,2026-08-17,UTR100816
stl_000817,pay_000817,order_000817,1406.1,28.12,5.06,0.0,1372.92,2026-08-09,UTR100817
stl_000818,pay_000818,order_000818,1573.25,31.46,5.66,0.0,1536.13,2026-08-09,UTR100818
stl_000819,pay_000819,order_000819,22201.86,444.04,79.93,0.0,21677.89,2026-08-13,UTR100819
stl_000820,pay_000820,order_000820,23367.59,467.35,84.12,0.0,22816.12,2026-08-19,UTR100820
stl_000821,pay_000821,order_000821,10256.49,205.13,36.92,0.0,10014.44,2026-08-20,UTR100821
stl_000822,pay_000822,order_000822,12098.29,241.97,43.55,0.0,11812.77,2026-08-04,UTR100822
stl_000823,pay_000823,order_000823,18955.63,379.11,68.24,0.0,18508.28,2026-08-09,UTR100823
stl_000824,pay_000824,order_000824,7509.72,150.19,27.03,0.0,7332.5,2026-08-04,UTR100824
stl_000825,pay_000825,order_000825,21712.06,434.24,78.16,0.0,21199.66,2026-08-13,UTR100825
stl_000826,pay_000826,order_000826,7193.81,143.88,25.9,0.0,7024.03,2026-08-14,UTR100826
stl_000827,pay_000827,order_000827,11205.31,224.11,40.34,0.0,10940.86,2026-08-15,UTR100827
stl_000828,pay_000828,order_000828,18711.04,374.22,67.36,0.0,18269.46,2026-08-15,UTR100828
stl_000829,pay_000829,order_000829,8806.4,176.13,31.7,0.0,8598.57,2026-08-08,UTR100829
stl_000830,pay_000830,order_000830,12656.98,253.14,45.57,0.0,12358.27,2026-08-18,UTR100830
stl_000831,pay_000831,order_000831,9500.0,190.0,34.2,0.0,9275.8,2026-08-19,UTR100831
stl_000832,pay_000832,order_000832,7034.66,140.69,25.32,0.0,6868.65,2026-08-05,UTR100832
stl_000833,pay_000833,order_000833,18313.49,366.27,65.93,0.0,17881.29,2026-08-05,UTR100833
stl_000834,pay_000834,order_000834,11049.88,221.0,39.78,0.0,10789.1,2026-08-08,UTR100834
stl_000835,pay_000835,order_000835,13864.12,277.28,49.91,0.0,13536.93,2026-08-13,UTR100835
stl_000836,pay_000836,order_000836,3013.65,60.27,10.85,0.0,2942.53,2026-08-13,UTR100836
stl_000837,pay_000837,order_000837,16692.52,333.85,60.09,0.0,16298.58,2026-08-12,UTR100837
stl_000838,pay_000838,order_000838,11424.94,228.5,41.13,0.0,11155.31,2026-08-16,UTR100838
stl_000839,pay_000839,order_000839,4582.8,91.66,16.5,0.0,4474.64,2026-08-17,UTR100839
stl_000840,pay_000840,order_000840,9112.9,182.26,32.81,0.0,8897.83,2026-08-04,UTR100840
stl_000841,pay_000841,order_000841,18306.95,366.14,65.91,0.0,17874.9,2026-08-14,UTR100841
stl_000842,pay_000842,order_000842,15563.86,311.28,56.03,0.0,15196.55,2026-08-16,UTR100842
stl_000843,pay_000843,order_000843,7226.61,144.53,26.02,0.0,7056.06,2026-08-04,UTR100843
stl_000844,pay_000844,order_000844,2338.51,46.77,8.42,0.0,2283.32,2026-08-23,UTR100844
stl_000845,pay_000845,order_000845,10452.15,209.04,37.63,0.0,10205.48,2026-08-19,UTR100845
stl_000846,pay_000846,order_000846,20126.85,402.54,72.46,0.0,19651.85,2026-08-08,UTR100846
stl_000847,pay_000847,order_000847,23843.34,476.87,85.84,0.0,23280.63,2026-08-07,UTR100847
stl_000848,pay_000848,order_000848,21292.4,425.85,76.65,0.0,20789.9,2026-08-17,UTR100848
stl_000849,pay_000849,order_000849,1352.57,27.05,4.87,0.0,1320.65,2026-08-05,UTR100849
stl_000850,pay_000850,order_000850,6281.89,125.64,22.62,0.0,6133.63,2026-08-23,UTR100850
stl_000851,pay_000851,order_000851,9475.05,189.5,34.11,0.0,9251.44,2026-08-15,UTR100851
stl_000852,pay_000852,order_000852,23761.94,475.24,85.54,0.0,23201.16,2026-08-04,UTR100852
stl_000853,pay_000853,order_000853,15324.82,306.5,55.17,0.0,14963.15,2026-08-17,UTR100853
stl_000854,pay_000854,order_000854,23746.18,474.92,85.49,0.0,23185.77,2026-08-14,UTR100854
stl_000855,pay_000855,order_000855,11376.51,227.53,40.96,0.0,11108.02,2026-08-05,UTR100855
stl_000856,pay_000856,order_000856,14561.08,291.22,52.42,0.0,14217.44,2026-08-19,UTR100856
stl_000857,pay_000857,order_000857,9490.27,189.81,34.17,0.0,9266.29,2026-08-13,UTR100857
stl_000858,pay_000858,order_000858,16414.24,328.28,59.09,0.0,16026.87,2026-08-10,UTR100858
stl_000859,pay_000859,order_000859,24032.74,480.65,86.52,0.0,23465.57,2026-08-03,UTR100859
stl_000860,pay_000860,order_000860,18524.03,370.48,66.69,0.0,18086.86,2026-08-18,UTR100860
stl_000861,pay_000861,order_000861,13184.76,263.7,47.47,0.0,12873.59,2026-08-20,UTR100861
stl_000862,pay_000862,order_000862,3385.14,67.7,12.19,0.0,3305.25,2026-08-11,UTR100862
stl_000863,pay_000863,order_000863,17748.93,354.98,63.9,0.0,17330.05,2026-08-09,UTR100863
stl_000864,pay_000864,order_000864,24910.95,498.22,89.68,0.0,24323.05,2026-08-12,UTR100864
stl_000865,pay_000865,order_000865,17502.53,350.05,63.01,0.0,17089.47,2026-08-18,UTR100865
stl_000866,pay_000866,order_000866,5404.37,108.09,19.46,0.0,5276.82,2026-08-07,UTR100866
stl_000867,pay_000867,order_000867,21394.24,427.88,77.02,0.0,20889.34,2026-08-17,UTR100867
stl_000868,pay_000868,order_000868,4730.08,94.6,17.03,0.0,4618.45,2026-08-17,UTR100868
stl_000869,pay_000869,order_000869,24932.93,498.66,89.76,0.0,24344.51,2026-08-13,UTR100869
stl_000870,pay_000870,order_000870,16862.07,337.24,60.7,0.0,16464.13,2026-08-05,UTR100870
stl_000871,pay_000871,order_000871,13974.93,279.5,50.31,0.0,13645.12,2026-08-12,UTR100871
stl_000872,pay_000872,order_000872,22337.63,446.75,80.41,0.0,21810.47,2026-08-08,UTR100872
stl_000873,pay_000873,order_000873,17939.32,358.79,64.58,0.0,17515.95,2026-08-23,UTR100873
stl_000874,pay_000874,order_000874,4765.23,95.3,17.15,0.0,4652.78,2026-08-14,UTR100874
stl_000875,pay_000875,order_000875,12964.52,259.29,46.67,0.0,12658.56,2026-08-06,UTR100875
stl_000876,pay_000876,order_000876,24635.75,492.72,88.69,0.0,24054.34,2026-08-07,UTR100876
stl_000877,pay_000877,order_000877,6300.04,126.0,22.68,0.0,6151.36,2026-08-18,UTR100877
stl_000878,pay_000878,order_000878,1143.96,22.88,4.12,0.0,1116.96,2026-08-20,UTR100878
stl_000879,pay_000879,order_000879,14520.8,290.42,52.28,0.0,14178.1,2026-08-17,UTR100879
stl_000880,pay_000880,order_000880,20189.71,403.79,72.68,0.0,19713.24,2026-08-20,UTR100880
stl_000881,pay_000881,order_000881,3679.4,73.59,13.25,0.0,3592.56,2026-08-05,UTR100881
stl_000882,pay_000882,order_000882,2110.83,42.22,7.6,0.0,2061.01,2026-08-15,UTR100882
stl_000883,pay_000883,order_000883,24990.08,499.8,89.96,0.0,24400.32,2026-08-18,UTR100883
stl_000884,pay_000884,order_000884,13379.54,267.59,48.17,0.0,13063.78,2026-08-16,UTR100884
stl_000885,pay_000885,order_000885,20671.82,413.44,74.42,0.0,20183.96,2026-08-05,UTR100885
stl_000886,pay_000886,order_000886,3570.51,71.41,12.85,0.0,3486.25,2026-08-13,UTR100886
stl_000887,pay_000887,order_000887,16237.3,324.75,58.45,0.0,15854.1,2026-08-17,UTR100887
stl_000888,pay_000888,order_000888,11912.91,238.26,42.89,3573.87,8057.89,2026-08-19,UTR100888
stl_000889,pay_000889,order_000889,8940.61,178.81,32.19,0.0,8729.61,2026-08-20,UTR100889
stl_000890,pay_000889,order_000889,8940.61,178.81,32.19,0.0,8729.61,2026-08-20,UTR100889
stl_000891,pay_000891,order_000891,19310.65,386.21,69.52,0.0,18834.78,2026-08-07,UTR100891
stl_000892,pay_000892,order_000892,22812.45,456.25,82.12,0.0,22274.08,2026-08-04,UTR100892
stl_000893,pay_000893,order_000893,20869.07,417.38,75.13,0.0,20376.56,2026-08-19,UTR100893
stl_000894,pay_000894,order_000894,4248.88,84.98,15.3,0.0,4148.6,2026-08-08,UTR100894
stl_000895,pay_000895,order_000895,4468.19,89.36,16.08,0.0,4362.75,2026-08-10,UTR100895
stl_000896,pay_000896,order_000896,8977.57,179.55,32.32,0.0,8765.7,2026-08-19,UTR100896
stl_000897,pay_000897,order_000897,22425.68,448.51,80.73,0.0,21896.44,2026-08-05,UTR100897
stl_000898,pay_000898,order_000898,6639.83,132.8,23.9,0.0,6483.13,2026-08-23,UTR100898
stl_000899,pay_000899,order_000899,23930.61,478.61,86.15,0.0,23365.85,2026-08-11,UTR100899
stl_000900,pay_000900,order_000900,3566.67,71.33,12.84,0.0,3482.5,2026-08-12,UTR100900
stl_000901,pay_000901,order_000901,15553.49,311.07,55.99,0.0,15186.43,2026-08-05,UTR100901
stl_000902,pay_000902,order_000902,12813.04,256.26,46.13,0.0,12510.65,2026-08-08,UTR100902
stl_000903,pay_000903,order_000903,14999.31,299.99,54.0,0.0,14645.32,2026-08-21,UTR100903
stl_000904,pay_000904,order_000904,4277.76,85.56,15.4,0.0,4176.8,2026-08-22,UTR100904
stl_000905,pay_000905,order_000905,18155.5,363.11,65.36,0.0,17727.03,2026-08-22,UTR100905
stl_000906,pay_000906,order_000906,8771.68,175.43,31.58,0.0,8564.67,2026-08-21,UTR100906
stl_000907,pay_000907,order_000907,1509.26,30.19,5.43,0.0,1473.64,2026-08-03,UTR100907
stl_000908,pay_000908,order_000908,2489.96,49.8,8.96,0.0,2431.2,2026-08-23,UTR100908
stl_000909,pay_000909,order_000909,19390.05,387.8,69.8,0.0,18932.45,2026-08-11,UTR100909
stl_000910,pay_000910,order_000910,16452.68,329.05,59.23,0.0,16064.4,2026-08-21,UTR100910
stl_000911,pay_000911,order_000911,10706.38,214.13,38.54,0.0,10453.71,2026-08-23,UTR100911
stl_000912,pay_000912,order_000912,1242.0,24.84,4.47,0.0,1212.69,2026-08-23,UTR100912
stl_000913,pay_000913,order_000913,13866.65,277.33,49.92,0.0,13539.4,2026-08-23,UTR100913
stl_000914,pay_000914,order_000914,23937.93,478.76,86.18,0.0,23372.99,2026-08-18,UTR100914
stl_000915,pay_000915,order_000915,6499.51,129.99,23.4,0.0,6346.12,2026-08-15,UTR100915
stl_000916,pay_000916,order_000916,7787.13,155.74,28.03,0.0,7603.36,2026-08-05,UTR100916
stl_000917,pay_000917,order_000917,17371.03,347.42,62.54,0.0,16961.07,2026-08-08,UTR100917
stl_000918,pay_000918,order_000918,11270.33,225.41,40.57,0.0,11004.35,2026-08-18,UTR100918
stl_000919,pay_000919,order_000919,11878.83,237.58,42.76,0.0,11598.49,2026-08-13,UTR100919
stl_000920,pay_000920,order_000920,15363.18,307.26,55.31,0.0,15000.61,2026-08-13,UTR100920
stl_000921,pay_000921,order_000921,21606.38,432.13,77.78,0.0,21096.47,2026-08-13,UTR100921
stl_000922,pay_000922,order_000922,18487.89,369.76,66.56,0.0,18051.57,2026-08-14,UTR100922
stl_000923,pay_000923,order_000923,24396.67,487.93,87.83,0.0,23820.91,2026-08-07,UTR100923
stl_000924,pay_000924,order_000924,19136.29,382.73,68.89,0.0,18684.67,2026-08-19,UTR100924
stl_000925,pay_000925,order_000925,14260.45,285.21,51.34,0.0,13923.9,2026-08-13,UTR100925
stl_000926,pay_000926,order_000926,6422.58,128.45,23.12,0.0,6271.01,2026-08-06,UTR100926
stl_000927,pay_000927,order_000927,7053.06,141.06,25.39,0.0,6886.61,2026-08-10,UTR100927
stl_000928,pay_000928,order_000928,3951.5,79.03,14.23,0.0,3858.24,2026-08-04,UTR100928
stl_000929,pay_000929,order_000929,7610.19,152.2,27.4,0.0,7430.59,2026-08-15,UTR100929
stl_000930,pay_000930,order_000930,21672.01,433.44,78.02,0.0,21160.55,2026-08-16,UTR100930
stl_000931,pay_000931,order_000931,6582.62,131.65,23.7,0.0,6427.27,2026-08-08,UTR100931
stl_000932,pay_000932,order_000932,20430.21,408.6,73.55,0.0,19948.06,2026-08-21,UTR100932
stl_000933,pay_000933,order_000933,18167.65,363.35,65.4,0.0,17738.9,2026-08-09,UTR100933
stl_000934,pay_000934,order_000934,19196.47,383.93,69.11,0.0,18743.43,2026-08-18,UTR100934
stl_000935,pay_000935,order_000935,24901.25,498.03,89.65,0.0,24313.57,2026-08-17,UTR100935
stl_000936,pay_000936,order_000936,12719.61,254.39,45.79,0.0,12419.43,2026-08-12,UTR100936
stl_000937,pay_000937,order_000937,12685.57,253.71,45.67,0.0,12386.19,2026-08-05,UTR100937
stl_000938,pay_000938,order_000938,23658.2,473.16,85.17,0.0,23099.87,2026-08-19,UTR100938
stl_000939,pay_000939,order_000939,11702.15,234.04,42.13,0.0,11425.98,2026-08-10,UTR100939
stl_000940,pay_000940,order_000940,5771.04,115.42,20.78,0.0,5634.84,2026-08-14,UTR100940
stl_000941,pay_000941,order_000941,1692.12,33.84,6.09,0.0,1652.19,2026-08-12,UTR100941
stl_000942,pay_000942,order_000942,12624.91,252.5,45.45,0.0,12326.96,2026-08-23,UTR100942
stl_000943,pay_000943,order_000943,16976.75,339.54,61.12,0.0,16576.09,2026-08-12,UTR100943
stl_000944,pay_000944,order_000944,13648.92,272.98,49.14,0.0,13326.8,2026-08-06,UTR100944
stl_000945,pay_000945,order_000945,11057.73,221.15,39.81,0.0,10796.77,2026-08-11,UTR100945
stl_000946,pay_000946,order_000946,18323.95,366.48,65.97,0.0,17891.5,2026-08-15,UTR100946
stl_000947,pay_000947,order_000947,9465.47,189.31,34.08,0.0,9242.08,2026-08-15,UTR100947
stl_000948,pay_000948,order_000948,1753.36,35.07,6.31,0.0,1711.98,2026-08-20,UTR100948
stl_000949,pay_000949,order_000949,5269.05,105.38,18.97,0.0,5144.7,2026-08-20,UTR100949
stl_000950,pay_000950,order_000950,7570.74,151.41,27.25,0.0,7392.08,2026-08-15,UTR100950
stl_000951,pay_000951,order_000951,12854.26,257.09,46.28,0.0,12550.89,2026-08-20,UTR100951
stl_000952,pay_000952,order_000952,7353.16,147.06,26.47,0.0,7179.63,2026-08-22,UTR100952
stl_000953,pay_000953,order_000953,17169.77,343.4,61.81,0.0,16764.56,2026-08-06,UTR100953
stl_000954,pay_000954,order_000954,3652.25,73.05,13.15,0.0,3566.05,2026-08-06,UTR100954
stl_000955,pay_000955,order_000955,10150.64,203.01,36.54,0.0,9911.09,2026-08-13,UTR100955
stl_000956,pay_000956,order_000956,14166.88,283.34,51.0,0.0,13832.54,2026-08-14,UTR100956
stl_000957,pay_000957,order_000957,18996.65,379.93,68.39,0.0,18548.33,2026-08-09,UTR100957
stl_000958,pay_000958,order_000958,15260.34,305.21,54.94,0.0,14900.19,2026-08-15,UTR100958
stl_000959,pay_000959,order_000959,12751.91,255.04,45.91,0.0,12450.96,2026-08-04,UTR100959
stl_000960,pay_000960,order_000960,1453.39,29.07,5.23,0.0,1419.09,2026-08-13,UTR100960
stl_000961,pay_000961,order_000961,20197.16,403.94,72.71,0.0,19720.51,2026-08-19,UTR100961
stl_000962,pay_000962,order_000962,11696.22,233.92,42.11,0.0,11420.19,2026-08-22,UTR100962
stl_000963,pay_000963,order_000963,22381.73,447.63,80.57,0.0,21853.53,2026-08-07,UTR100963
stl_000964,pay_000964,order_000964,8535.16,170.7,30.73,0.0,8333.73,2026-08-22,UTR100964
stl_000965,pay_000965,order_000965,8303.99,166.08,29.89,0.0,8108.02,2026-08-15,UTR100965
stl_000966,pay_000966,order_000966,24770.09,495.4,89.17,0.0,24185.52,2026-08-12,UTR100966
stl_000967,pay_000967,order_000967,15046.25,300.93,54.17,0.0,14691.15,2026-08-19,UTR100967
stl_000968,pay_000968,order_000968,20793.09,415.86,74.85,0.0,20302.38,2026-08-20,UTR100968
stl_000969,pay_000969,order_000969,12501.24,250.02,45.0,0.0,12206.22,2026-08-21,UTR100969
stl_000970,pay_000970,order_000970,7844.87,156.9,28.24,0.0,7659.73,2026-08-03,UTR100970
stl_000971,pay_000971,order_000971,9524.77,190.5,34.29,0.0,9299.98,2026-08-06,UTR100971
stl_000972,pay_000972,order_000972,24507.5,490.15,88.23,0.0,23929.12,2026-08-21,UTR100972
stl_000973,pay_000973,order_000973,8038.11,160.76,28.94,0.0,7848.41,2026-08-23,UTR100973
stl_000974,pay_000974,order_000974,1152.86,23.06,4.15,0.0,1125.65,2026-08-18,UTR100974
stl_000975,pay_000975,order_000975,7005.5,140.11,25.22,0.0,6840.17,2026-08-23,UTR100975
stl_000976,pay_000976,order_000976,19681.15,393.62,70.85,0.0,19216.68,2026-08-21,UTR100976
stl_000977,pay_000977,order_000977,14652.04,293.04,52.75,0.0,14306.25,2026-08-04,UTR100977
stl_000978,pay_000978,order_000978,14796.32,295.93,53.27,0.0,14447.12,2026-08-08,UTR100978
stl_000979,pay_000979,order_000979,13343.69,266.87,48.04,0.0,13028.78,2026-08-22,UTR100979
stl_000980,pay_000980,order_000980,19477.85,389.56,70.12,0.0,19018.17,2026-08-15,UTR100980
stl_000981,pay_000981,order_000981,4120.5,82.41,14.83,0.0,4023.26,2026-08-10,UTR100981
stl_000982,pay_000982,order_000982,1273.48,25.47,4.58,0.0,1243.43,2026-08-06,UTR100982
stl_000983,pay_000983,order_000983,5174.22,103.48,18.63,0.0,5052.11,2026-08-17,UTR100983
stl_000984,pay_000984,order_000984,8185.47,163.71,29.47,0.0,7992.29,2026-08-07,UTR100984
stl_000985,pay_000985,order_000985,10617.52,212.35,38.22,0.0,10366.95,2026-08-09,UTR100985
stl_000986,pay_000986,order_000986,10554.25,211.09,38.0,0.0,10305.16,2026-08-22,UTR100986
stl_000987,pay_000987,order_000987,23052.76,461.06,82.99,0.0,22508.71,2026-08-04,UTR100987
stl_000988,pay_000988,order_000988,17791.49,355.83,64.05,0.0,17371.61,2026-08-19,UTR100988
stl_000989,pay_000989,order_000989,5579.87,111.6,20.09,0.0,5448.18,2026-08-13,UTR100989
stl_000990,pay_000990,order_000990,24954.01,499.08,89.83,0.0,24365.1,2026-08-18,UTR100990
stl_000991,pay_000991,order_000991,13374.19,267.48,48.15,0.0,13058.56,2026-08-13,UTR100991
stl_000992,pay_000992,order_000992,23938.79,478.78,86.18,0.0,23373.83,2026-08-17,UTR100992
stl_000993,pay_000993,order_000993,22847.04,456.94,82.25,0.0,22307.85,2026-08-13,UTR100993
stl_000994,pay_000994,order_000994,13883.69,277.67,49.98,0.0,13556.04,2026-08-23,UTR100994
stl_000995,pay_000995,order_000995,20189.49,403.79,72.68,0.0,19713.02,2026-08-11,UTR100995
stl_000996,pay_000996,order_000996,15446.88,308.94,55.61,0.0,15082.33,2026-08-09,UTR100996
stl_000997,pay_000997,order_000997,23954.77,479.1,86.24,0.0,23389.43,2026-08-11,UTR100997
stl_000998,pay_000998,order_000998,14173.12,283.46,51.02,0.0,13838.64,2026-08-10,UTR100998
stl_000999,pay_000999,order_000999,23566.4,471.33,84.84,0.0,23010.23,2026-08-12,UTR100999
stl_001000,pay_001000,order_001000,19393.77,387.88,69.82,0.0,18936.07,2026-08-09,UTR101000
stl_001001,pay_001001,order_001001,17410.88,348.22,62.68,0.0,16999.98,2026-08-18,UTR101001
stl_001002,pay_001002,order_001002,8267.5,165.35,29.76,0.0,8072.39,2026-08-14,UTR101002
stl_001003,pay_001003,order_001003,14231.95,284.64,51.24,0.0,13896.07,2026-08-11,UTR101003
stl_001004,pay_001004,order_001004,7550.84,151.02,27.18,0.0,7372.64,2026-08-21,UTR101004
stl_001005,pay_001005,order_001005,17077.25,341.55,61.48,0.0,16674.22,2026-08-15,UTR101005
stl_001006,pay_001006,order_001006,22446.13,448.92,80.81,0.0,21916.4,2026-08-15,UTR101006
stl_001007,pay_001007,order_001007,20550.25,411.0,73.98,0.0,20065.27,2026-08-07,UTR101007
stl_001008,pay_001008,order_001008,7616.09,152.32,27.42,0.0,7436.35,2026-08-12,UTR101008
stl_001009,pay_001009,order_001009,23905.19,478.1,86.06,0.0,23341.03,2026-08-05,UTR101009
stl_001010,pay_001010,order_001010,8985.91,179.72,32.35,0.0,8773.84,2026-08-17,UTR101010
stl_001011,pay_001011,order_001011,16571.32,331.43,59.66,0.0,16180.23,2026-08-18,UTR101011
stl_001012,pay_001012,order_001012,5742.68,114.85,20.67,0.0,5607.16,2026-08-20,UTR101012
stl_001013,pay_001013,order_001013,7142.75,142.85,25.71,0.0,6974.19,2026-08-20,UTR101013
stl_001014,pay_001014,order_001014,17556.2,351.12,63.2,0.0,17141.88,2026-08-07,UTR101014
stl_001015,pay_001015,order_001015,3176.05,63.52,11.43,0.0,3101.1,2026-08-21,UTR101015
stl_001016,pay_001016,order_001016,6362.41,127.25,22.9,0.0,6212.26,2026-08-04,UTR101016
stl_001017,pay_001017,order_001017,16910.93,338.22,60.88,0.0,16511.83,2026-08-19,UTR101017
stl_001018,pay_001018,order_001018,6028.96,120.58,21.7,0.0,5886.68,2026-08-10,UTR101018
stl_001019,pay_001019,order_001019,1786.03,35.72,6.43,0.0,1743.88,2026-08-16,UTR101019
stl_001020,pay_001020,order_001020,8592.19,171.84,30.93,0.0,8389.42,2026-08-18,UTR101020
stl_001021,pay_001021,order_001021,2963.35,59.27,10.67,0.0,2893.41,2026-08-07,UTR101021
stl_001022,pay_001022,order_001022,626.95,12.54,2.26,0.0,612.15,2026-08-20,UTR101022
stl_001023,pay_001023,order_001023,24458.81,489.18,88.05,0.0,23881.58,2026-08-08,UTR101023
stl_001024,pay_001024,order_001024,10469.23,209.38,37.69,0.0,10222.16,2026-08-18,UTR101024
stl_001025,pay_001025,order_001025,12197.49,243.95,43.91,0.0,11909.63,2026-08-09,UTR101025
stl_001026,pay_001026,order_001026,19019.82,380.4,68.47,0.0,18570.95,2026-08-12,UTR101026
stl_001027,pay_001027,order_001027,8368.61,167.37,30.13,0.0,8171.11,2026-08-23,UTR101027
stl_001028,pay_001028,order_001028,1949.48,38.99,7.02,0.0,1903.47,2026-08-05,UTR101028
stl_001029,pay_001029,order_001029,16481.32,329.63,59.33,0.0,16092.36,2026-08-10,UTR101029
stl_001030,pay_001030,order_001030,13611.23,272.22,49.0,0.0,13290.01,2026-08-04,UTR101030
stl_001031,pay_001031,order_001031,22874.13,457.48,82.35,0.0,22334.3,2026-08-08,UTR101031
stl_001032,pay_001032,order_001032,10738.18,214.76,38.66,0.0,10484.76,2026-08-08,UTR101032
stl_001033,pay_001033,order_001033,23381.1,467.62,84.17,0.0,22829.31,2026-08-04,UTR101033
stl_001034,pay_001034,order_001034,24930.71,498.61,89.75,0.0,24342.35,2026-08-15,UTR101034
stl_001035,pay_001035,order_001035,19805.04,396.1,71.3,0.0,19337.64,2026-08-08,UTR101035
stl_001036,pay_001036,order_001036,23446.91,468.94,84.41,0.0,22893.56,2026-08-12,UTR101036
stl_001037,pay_001037,order_001037,21980.21,439.6,79.13,0.0,21461.48,2026-08-03,UTR101037
stl_001038,pay_001038,order_001038,7810.61,156.21,28.12,0.0,7626.28,2026-08-22,UTR101038
stl_001039,pay_001039,order_001039,3128.87,62.58,11.26,0.0,3055.03,2026-08-13,UTR101039
stl_001040,pay_001040,order_001040,7471.76,149.44,26.9,0.0,7295.42,2026-08-23,UTR101040
stl_001041,pay_001041,order_001041,13810.86,276.22,49.72,0.0,13484.92,2026-08-18,UTR101041
stl_001042,pay_001042,order_001042,22286.87,445.74,80.23,0.0,21760.9,2026-08-07,UTR101042
stl_001043,pay_001043,order_001043,21350.96,427.02,76.86,0.0,20847.08,2026-08-17,UTR101043
stl_001044,pay_001044,order_001044,7184.51,143.69,25.86,0.0,7014.96,2026-08-06,UTR101044
stl_001045,pay_001045,order_001045,8601.76,172.04,30.97,0.0,8398.75,2026-08-17,UTR101045
stl_001046,pay_001046,order_001046,16382.99,327.66,58.98,0.0,15996.35,2026-08-08,UTR101046
stl_001047,pay_001047,order_001047,845.06,16.9,3.04,0.0,825.12,2026-08-13,UTR101047
stl_001048,pay_001048,order_001048,19873.81,397.48,71.55,0.0,19404.78,2026-08-21,UTR101048
stl_001049,pay_001049,order_001049,17022.83,340.46,61.28,0.0,16621.09,2026-08-09,UTR101049
stl_001050,pay_001050,order_001050,4799.63,95.99,17.28,0.0,4686.36,2026-08-23,UTR101050
stl_001051,pay_001051,order_001051,22477.55,449.55,80.92,0.0,21947.08,2026-08-16,UTR101051
stl_001052,pay_001052,order_001052,13124.38,262.49,47.25,0.0,12814.64,2026-08-05,UTR101052
stl_001053,pay_001053,order_001053,10320.41,206.41,37.15,0.0,10076.85,2026-08-06,UTR101053
stl_001054,pay_001054,order_001054,5027.14,100.54,18.1,0.0,4908.5,2026-08-07,UTR101054
stl_001055,pay_001055,order_001055,12197.63,243.95,43.91,0.0,11909.77,2026-08-10,UTR101055
stl_001056,pay_001056,order_001056,667.34,13.35,2.4,0.0,651.59,2026-08-15,UTR101056
stl_001057,pay_001057,order_001057,6270.27,125.41,22.57,0.0,6122.29,2026-08-11,UTR101057
stl_001058,pay_001058,order_001058,23873.85,477.48,85.95,0.0,23310.42,2026-08-12,UTR101058
stl_001059,pay_001059,order_001059,14770.29,295.41,53.17,0.0,14421.71,2026-08-21,UTR101059
stl_001060,pay_001060,order_001060,780.18,15.6,2.81,0.0,761.77,2026-08-23,UTR101060
stl_001061,pay_001061,order_001061,9309.03,186.18,33.51,0.0,9089.34,2026-08-10,UTR101061
stl_001062,pay_001062,order_001062,2022.05,40.44,7.28,0.0,1974.33,2026-08-06,UTR101062
stl_001063,pay_001063,order_001063,11902.18,238.04,42.85,0.0,11621.29,2026-08-08,UTR101063
stl_001064,pay_001064,order_001064,10432.71,208.65,37.56,0.0,10186.5,2026-08-19,UTR101064
stl_001065,pay_001065,order_001065,23116.1,462.32,83.22,0.0,22570.56,2026-08-12,UTR101065
stl_001066,pay_001066,order_001066,17412.11,348.24,62.68,0.0,17001.19,2026-08-23,UTR101066
stl_001067,pay_001067,order_001067,22945.19,458.9,82.6,0.0,22403.69,2026-08-12,UTR101067
stl_001068,pay_001068,order_001068,9504.83,190.1,34.22,0.0,9280.51,2026-08-10,UTR101068
stl_001069,pay_001069,order_001069,5868.65,117.37,21.13,0.0,5730.15,2026-08-07,UTR101069
stl_001070,pay_001070,order_001070,12215.46,244.31,43.98,0.0,11927.17,2026-08-17,UTR101070
stl_001071,pay_001071,order_001071,18819.5,376.39,67.75,0.0,18375.36,2026-08-22,UTR101071
stl_001072,pay_001072,order_001072,9653.81,193.08,34.75,0.0,9425.98,2026-08-20,UTR101072
stl_001073,pay_001073,order_001073,22863.52,457.27,82.31,0.0,22323.94,2026-08-20,UTR101073
stl_001074,pay_001074,order_001074,20148.88,402.98,72.54,0.0,19673.36,2026-08-09,UTR101074
stl_001075,pay_001075,order_001075,19165.56,383.31,69.0,0.0,18713.25,2026-08-22,UTR101075
stl_001076,pay_001076,order_001076,21891.81,437.84,78.81,0.0,21375.16,2026-08-05,UTR101076
stl_001077,pay_001077,order_001077,13374.91,267.5,48.15,0.0,13059.26,2026-08-19,UTR101077
stl_001078,pay_001078,order_001078,17742.27,354.85,63.87,0.0,17323.55,2026-08-05,UTR101078
stl_001079,pay_001079,order_001079,22972.5,459.45,82.7,0.0,22430.35,2026-08-06,UTR101079
stl_001080,pay_001080,order_001080,2013.07,40.26,7.25,0.0,1965.56,2026-08-20,UTR101080
stl_001081,pay_001081,order_001081,22620.76,452.42,81.44,0.0,22086.9,2026-08-09,UTR101081
stl_001082,pay_001082,order_001082,14531.19,290.62,52.31,0.0,14188.26,2026-08-07,UTR101082
stl_001083,pay_001083,order_001083,4531.16,90.62,16.31,0.0,4424.23,2026-08-19,UTR101083
stl_001084,pay_001084,order_001084,11325.09,226.5,40.77,0.0,11057.82,2026-08-09,UTR101084
stl_001085,pay_001085,order_001085,18064.49,361.29,65.03,0.0,17638.17,2026-08-18,UTR101085
stl_001086,pay_001086,order_001086,2728.07,54.56,9.82,0.0,2663.69,2026-08-19,UTR101086
stl_001087,pay_001087,order_001087,11414.33,228.29,41.09,0.0,11144.95,2026-08-04,UTR101087
stl_001088,pay_001088,order_001088,11609.09,232.18,41.79,0.0,11335.12,2026-08-19,UTR101088
stl_001089,pay_001089,order_001089,10677.9,213.56,38.44,0.0,10425.9,2026-08-21,UTR101089
stl_001090,pay_001090,order_001090,1914.55,38.29,6.89,0.0,1869.37,2026-08-17,UTR101090
stl_001091,pay_001091,order_001091,16982.81,339.66,61.14,0.0,16582.01,2026-08-12,UTR101091
stl_001092,pay_001092,order_001092,18220.36,364.41,65.59,0.0,17790.36,2026-08-15,UTR101092
stl_001093,pay_001093,order_001093,6734.2,134.68,24.24,0.0,6575.28,2026-08-03,UTR101093
stl_001094,pay_001094,order_001094,18772.21,375.44,67.58,0.0,18329.19,2026-08-21,UTR101094
stl_001095,pay_001095,order_001095,2289.22,45.78,8.24,0.0,2235.2,2026-08-16,UTR101095
stl_001096,pay_001096,order_001096,8940.96,178.82,32.19,0.0,8729.95,2026-08-05,UTR101096
stl_001097,pay_001097,order_001097,13758.51,275.17,49.53,0.0,13433.81,2026-08-04,UTR101097
stl_001098,pay_001098,order_001098,23397.28,467.95,84.23,0.0,22845.1,2026-08-05,UTR101098
stl_001099,pay_001099,order_001099,24660.36,493.21,88.78,0.0,24078.37,2026-08-18,UTR101099
stl_001100,pay_001100,order_001100,1277.5,25.55,4.6,0.0,1247.35,2026-08-16,UTR101100
stl_001101,pay_001101,order_001101,4909.54,98.19,17.67,0.0,4793.68,2026-08-07,UTR101101
stl_001102,pay_001102,order_001102,19262.78,385.26,69.35,0.0,18808.17,2026-08-23,UTR101102
stl_001103,pay_001103,order_001103,24112.67,482.25,86.8,0.0,23543.62,2026-08-14,UTR101103
stl_001104,pay_001104,order_001104,24824.99,496.5,89.37,0.0,24239.12,2026-08-15,UTR101104
stl_001105,pay_001105,order_001105,11489.16,229.78,41.36,0.0,11218.02,2026-08-15,UTR101105
stl_001106,pay_001106,order_001106,9703.32,194.07,34.93,0.0,9474.32,2026-08-20,UTR101106
stl_001107,pay_001107,order_001107,3758.25,75.17,13.53,0.0,3669.55,2026-08-14,UTR101107
stl_001108,pay_001108,order_001108,3406.51,68.13,12.26,0.0,3326.12,2026-08-20,UTR101108
stl_001109,pay_001109,order_001109,10129.94,202.6,36.47,0.0,9890.87,2026-08-07,UTR101109
stl_001110,pay_001110,order_001110,18332.52,366.65,66.0,5499.76,12400.11,2026-08-10,UTR101110
stl_001111,pay_001111,order_001111,20953.13,419.06,75.43,0.0,20458.64,2026-08-03,UTR101111
stl_001112,pay_001111,order_001111,20953.13,419.06,75.43,0.0,20458.64,2026-08-03,UTR101111
stl_001113,pay_001113,order_001113,17000.75,340.01,61.2,0.0,16579.7,2026-08-20,UTR101113
stl_001114,pay_001114,order_001114,9792.27,195.85,35.25,0.0,9561.17,2026-08-10,UTR101114
stl_001115,pay_001115,order_001115,6564.04,131.28,23.63,0.0,6409.13,2026-08-14,UTR101115
stl_001116,pay_001116,order_001116,4300.47,86.01,15.48,0.0,4198.98,2026-08-09,UTR101116
stl_001117,pay_001117,order_001117,23466.55,469.33,84.48,0.0,22912.74,2026-08-06,UTR101117
stl_001118,pay_001118,order_001118,1289.32,25.79,4.64,0.0,1258.89,2026-08-16,UTR101118
stl_001119,pay_001119,order_001119,15565.62,311.31,56.04,0.0,15198.27,2026-08-03,UTR101119
stl_001120,pay_001120,order_001120,6396.32,127.93,23.03,0.0,6245.36,2026-08-05,UTR101120
stl_001121,pay_001121,order_001121,2971.97,59.44,10.7,0.0,2901.83,2026-08-04,UTR101121
stl_001122,pay_001122,order_001122,11437.81,228.76,41.18,0.0,11167.87,2026-08-04,UTR101122
stl_001123,pay_001123,order_001123,6495.99,129.92,23.39,0.0,6342.68,2026-08-04,UTR101123
stl_001124,pay_001124,order_001124,10355.5,207.11,37.28,0.0,10111.11,2026-08-10,UTR101124
stl_001125,pay_001125,order_001125,13724.12,274.48,49.41,0.0,13400.23,2026-08-04,UTR101125
stl_001126,pay_001126,order_001126,3933.32,78.67,14.16,0.0,3840.49,2026-08-12,UTR101126
stl_001127,pay_001127,order_001127,6236.96,124.74,22.45,0.0,6089.77,2026-08-21,UTR101127
stl_001128,pay_001128,order_001128,8313.14,166.26,29.93,0.0,8116.95,2026-08-22,UTR101128
stl_001129,pay_001129,order_001129,19427.19,388.54,69.94,0.0,18968.71,2026-08-13,UTR101129
stl_001130,pay_001130,order_001130,6304.15,126.08,22.69,0.0,6155.38,2026-08-07,UTR101130
stl_001131,pay_001131,order_001131,24649.54,492.99,88.74,0.0,24067.81,2026-08-19,UTR101131
stl_001132,pay_001132,order_001132,5915.55,118.31,21.3,0.0,5775.94,2026-08-12,UTR101132
stl_001133,pay_001133,order_001133,7241.27,144.83,26.07,0.0,7070.37,2026-08-20,UTR101133
stl_001134,pay_001134,order_001134,23738.75,474.78,85.46,0.0,23178.51,2026-08-08,UTR101134
stl_001135,pay_001135,order_001135,15836.83,316.74,57.01,0.0,15463.08,2026-08-16,UTR101135
stl_001136,pay_001136,order_001136,14118.34,282.37,50.83,0.0,13785.14,2026-08-04,UTR101136
stl_001137,pay_001137,order_001137,24321.11,486.42,87.56,0.0,23747.13,2026-08-23,UTR101137
stl_001138,pay_001138,order_001138,16947.89,338.96,61.01,0.0,16547.92,2026-08-19,UTR101138
stl_001139,pay_001139,order_001139,8308.99,166.18,29.91,0.0,8112.9,2026-08-16,UTR101139
stl_001140,pay_001140,order_001140,10502.35,210.05,37.81,0.0,10254.49,2026-08-12,UTR101140
stl_001141,pay_001141,order_001141,9723.27,194.47,35.0,0.0,9493.8,2026-08-20,UTR101141
stl_001142,pay_001142,order_001142,12101.21,242.02,43.56,0.0,11815.63,2026-08-10,UTR101142
stl_001143,pay_001143,order_001143,7868.04,157.36,28.32,0.0,7682.36,2026-08-07,UTR101143
stl_001144,pay_001144,order_001144,20241.52,404.83,72.87,0.0,19763.82,2026-08-04,UTR101144
stl_001145,pay_001145,order_001145,14278.46,285.57,51.4,0.0,13941.49,2026-08-16,UTR101145
stl_001146,pay_001146,order_001146,14153.53,283.07,50.95,0.0,13819.51,2026-08-07,UTR101146
stl_001147,pay_001147,order_001147,10016.27,200.33,36.06,0.0,9779.88,2026-08-11,UTR101147
stl_001148,pay_001148,order_001148,5481.75,109.64,19.74,0.0,5352.37,2026-08-23,UTR101148
stl_001149,pay_001149,order_001149,2437.23,48.74,8.77,0.0,2379.72,2026-08-17,UTR101149
stl_001150,pay_001150,order_001150,21254.77,425.1,76.52,0.0,20753.15,2026-08-05,UTR101150
stl_001151,pay_001151,order_001151,13623.07,272.46,49.04,0.0,13301.57,2026-08-09,UTR101151
stl_001152,pay_001152,order_001152,1762.65,35.25,6.34,0.0,1721.06,2026-08-15,UTR101152
stl_001153,pay_001153,order_001153,17004.96,340.1,61.22,0.0,16603.64,2026-08-22,UTR101153
stl_001154,pay_001154,order_001154,1468.92,29.38,5.29,0.0,1434.25,2026-08-05,UTR101154
stl_001155,pay_001155,order_001155,5110.0,102.2,18.4,0.0,4989.4,2026-08-21,UTR101155
stl_001156,pay_001156,order_001156,18245.48,364.91,65.68,0.0,17814.89,2026-08-20,UTR101156
stl_001157,pay_001157,order_001157,5816.9,116.34,20.94,0.0,5679.62,2026-08-09,UTR101157
stl_001158,pay_001158,order_001158,21802.11,436.04,78.49,0.0,21287.58,2026-08-13,UTR101158
stl_001159,pay_001159,order_001159,7928.11,158.56,28.54,0.0,7741.01,2026-08-03,UTR101159
stl_001160,pay_001160,order_001160,5689.29,113.79,20.48,0.0,5555.02,2026-08-09,UTR101160
stl_001161,pay_001161,order_001161,24070.9,481.42,86.66,0.0,23502.82,2026-08-06,UTR101161
stl_001162,pay_001162,order_001162,18798.54,375.97,67.67,0.0,18354.9,2026-08-18,UTR101162
stl_001163,pay_001163,order_001163,22903.81,458.08,82.45,0.0,22363.28,2026-08-22,UTR101163
stl_001164,pay_001164,order_001164,17742.33,354.85,63.87,0.0,17323.61,2026-08-15,UTR101164
stl_001165,pay_001165,order_001165,22920.6,458.41,82.51,0.0,22379.68,2026-08-20,UTR101165
stl_001166,pay_001166,order_001166,8379.57,167.59,30.17,0.0,8181.81,2026-08-12,UTR101166
stl_001167,pay_001167,order_001167,9826.21,196.52,35.37,0.0,9594.32,2026-08-20,UTR101167
stl_001168,pay_001168,order_001168,16393.67,327.87,59.02,0.0,16006.78,2026-08-12,UTR101168
stl_001169,pay_001169,order_001169,6908.26,138.17,24.87,0.0,6745.22,2026-08-19,UTR101169
stl_001170,pay_001170,order_001170,22128.89,442.58,79.66,0.0,21606.65,2026-08-17,UTR101170
stl_001171,pay_001171,order_001171,2915.9,58.32,10.5,0.0,2847.08,2026-08-18,UTR101171
stl_001172,pay_001172,order_001172,19159.91,383.2,68.98,0.0,18707.73,2026-08-13,UTR101172
stl_001173,pay_001173,order_001173,22901.1,458.02,82.44,0.0,22360.64,2026-08-14,UTR101173
stl_001174,pay_001174,order_001174,8166.59,163.33,29.4,0.0,7973.86,2026-08-04,UTR101174
stl_001175,pay_001175,order_001175,14281.86,285.64,51.42,0.0,13944.8,2026-08-10,UTR101175
stl_001176,pay_001176,order_001176,18660.68,373.21,67.18,0.0,18220.29,2026-08-03,UTR101176
stl_001177,pay_001177,order_001177,6888.97,137.78,24.8,0.0,6726.39,2026-08-21,UTR101177
stl_001178,pay_001178,order_001178,14689.0,293.78,52.88,0.0,14342.34,2026-08-16,UTR101178
stl_001179,pay_001179,order_001179,7732.21,154.64,27.84,0.0,7549.73,2026-08-09,UTR101179
stl_001180,pay_001180,order_001180,8581.7,171.63,30.89,0.0,8379.18,2026-08-15,UTR101180
stl_001181,pay_001181,order_001181,14459.84,289.2,52.06,0.0,14118.58,2026-08-10,UTR101181
stl_001182,pay_001182,order_001182,12732.89,254.66,45.84,0.0,12432.39,2026-08-23,UTR101182
stl_001183,pay_001183,order_001183,23614.88,472.3,85.01,0.0,23057.57,2026-08-13,UTR101183
stl_001184,pay_001184,order_001184,6804.51,136.09,24.5,0.0,6643.92,2026-08-18,UTR101184
stl_001185,pay_001185,order_001185,24179.45,483.59,87.05,0.0,23608.81,2026-08-23,UTR101185
stl_001186,pay_001186,order_001186,18620.06,372.4,67.03,0.0,18180.63,2026-08-17,UTR101186
stl_001187,pay_001187,order_001187,4621.72,92.43,16.64,0.0,4512.65,2026-08-14,UTR101187
stl_001188,pay_001188,order_001188,4647.01,92.94,16.73,0.0,4537.34,2026-08-20,UTR101188
stl_001189,pay_001189,order_001189,12463.75,249.28,44.87,0.0,12169.6,2026-08-20,UTR101189
stl_001190,pay_001190,order_001190,24762.93,495.26,89.15,0.0,24178.52,2026-08-04,UTR101190
stl_001191,pay_001191,order_001191,13336.64,266.73,48.01,0.0,13021.9,2026-08-05,UTR101191
stl_001192,pay_001192,order_001192,23657.11,473.14,85.17,0.0,23098.8,2026-08-04,UTR101192
stl_001193,pay_001193,order_001193,19226.3,384.53,69.22,0.0,18772.55,2026-08-16,UTR101193
stl_001194,pay_001194,order_001194,3868.54,77.37,13.93,0.0,3777.24,2026-08-23,UTR101194
stl_001195,pay_001195,order_001195,6170.12,123.4,22.21,0.0,6024.51,2026-08-07,UTR101195
stl_001196,pay_001196,order_001196,723.97,14.48,2.61,0.0,706.88,2026-08-19,UTR101196
stl_001197,pay_001197,order_001197,11672.24,233.44,42.02,0.0,11396.78,2026-08-04,UTR101197
stl_001198,pay_001198,order_001198,15636.96,312.74,56.29,0.0,15267.93,2026-08-22,UTR101198
stl_001199,pay_001199,order_001199,22862.41,457.25,82.3,0.0,22322.86,2026-08-18,UTR101199
stl_001200,pay_001200,order_001200,885.43,17.71,3.19,0.0,864.53,2026-08-20,UTR101200
stl_001201,pay_001201,order_001201,14015.27,280.31,50.46,0.0,13684.5,2026-08-03,UTR101201
stl_001202,pay_001202,order_001202,909.79,18.2,3.28,0.0,888.31,2026-08-11,UTR101202
stl_001203,pay_001203,order_001203,13625.58,272.51,49.05,0.0,13304.02,2026-08-12,UTR101203
stl_001204,pay_001204,order_001204,919.99,18.4,3.31,0.0,898.28,2026-08-16,UTR101204
stl_001205,pay_001205,order_001205,20251.11,405.02,72.9,0.0,19773.19,2026-08-08,UTR101205
stl_001206,pay_001206,order_001206,3121.9,62.44,11.24,0.0,3048.22,2026-08-06,UTR101206
stl_001207,pay_001207,order_001207,13347.44,266.95,48.05,0.0,13032.44,2026-08-10,UTR101207
stl_001208,pay_001208,order_001208,5202.34,104.05,18.73,0.0,5079.56,2026-08-19,UTR101208
stl_001209,pay_001209,order_001209,6684.25,133.69,24.06,0.0,6526.5,2026-08-14,UTR101209
stl_001210,pay_001210,order_001210,7049.46,140.99,25.38,0.0,6883.09,2026-08-15,UTR101210
stl_001211,pay_001211,order_001211,2435.97,48.72,8.77,0.0,2378.48,2026-08-15,UTR101211
stl_001212,pay_001212,order_001212,11745.44,234.91,42.28,0.0,11468.25,2026-08-10,UTR101212
stl_001213,pay_001213,order_001213,24760.71,495.21,89.14,0.0,24176.36,2026-08-10,UTR101213
stl_001214,pay_001214,order_001214,7849.38,156.99,28.26,0.0,7664.13,2026-08-05,UTR101214
stl_001215,pay_001215,order_001215,16516.53,330.33,59.46,0.0,16126.74,2026-08-23,UTR101215
stl_001216,pay_001216,order_001216,19109.85,382.2,68.8,0.0,18658.85,2026-08-05,UTR101216
stl_001217,pay_001217,order_001217,10429.32,208.59,37.55,0.0,10183.18,2026-08-15,UTR101217
stl_001218,pay_001218,order_001218,14041.19,280.82,50.55,0.0,13709.82,2026-08-04,UTR101218
stl_001219,pay_001219,order_001219,16100.33,322.01,57.96,0.0,15720.36,2026-08-08,UTR101219
stl_001220,pay_001220,order_001220,2525.81,50.52,9.09,0.0,2466.2,2026-08-16,UTR101220
stl_001221,pay_001221,order_001221,16300.23,326.0,58.68,0.0,15915.55,2026-08-13,UTR101221
stl_001222,pay_001222,order_001222,14363.49,287.27,51.71,0.0,14024.51,2026-08-06,UTR101222
stl_001223,pay_001223,order_001223,22422.38,448.45,80.72,0.0,21893.21,2026-08-04,UTR101223
stl_001224,pay_001224,order_001224,6129.28,122.59,22.07,0.0,5984.62,2026-08-21,UTR101224
stl_001225,pay_001225,order_001225,12149.76,243.0,43.74,0.0,11863.02,2026-08-04,UTR101225
stl_001226,pay_001226,order_001226,23141.9,462.84,83.31,0.0,22595.75,2026-08-11,UTR101226
stl_001227,pay_001227,order_001227,22533.14,450.66,81.12,0.0,22001.36,2026-08-21,UTR101227
stl_001228,pay_001228,order_001228,16623.68,332.47,59.84,0.0,16231.37,2026-08-08,UTR101228
stl_001229,pay_001229,order_001229,23254.78,465.1,83.72,0.0,22705.96,2026-08-13,UTR101229
stl_001230,pay_001230,order_001230,883.62,17.67,3.18,0.0,862.77,2026-08-09,UTR101230
stl_001231,pay_001231,order_001231,14882.38,297.65,53.58,0.0,14531.15,2026-08-15,UTR101231
stl_001232,pay_001232,order_001232,23257.44,465.15,83.73,0.0,22708.56,2026-08-12,UTR101232
stl_001233,pay_001233,order_001233,4480.03,89.6,16.13,0.0,4374.3,2026-08-10,UTR101233
stl_001234,pay_001234,order_001234,14384.05,287.68,51.78,0.0,14044.59,2026-08-15,UTR101234
stl_001235,pay_001235,order_001235,17087.36,341.75,61.52,0.0,16684.09,2026-08-20,UTR101235
stl_001236,pay_001236,order_001236,8627.38,172.55,31.06,0.0,8423.77,2026-08-07,UTR101236
stl_001237,pay_001237,order_001237,19867.2,397.34,71.52,0.0,19398.34,2026-08-05,UTR101237
stl_001238,pay_001238,order_001238,12769.42,255.39,45.97,0.0,12468.06,2026-08-14,UTR101238
stl_001239,pay_001239,order_001239,1815.56,36.31,6.54,0.0,1772.71,2026-08-16,UTR101239
stl_001240,pay_001240,order_001240,6187.53,123.75,22.27,0.0,6041.51,2026-08-05,UTR101240
stl_001241,pay_001241,order_001241,8844.52,176.89,31.84,0.0,8635.79,2026-08-22,UTR101241
stl_001242,pay_001242,order_001242,23894.03,477.88,86.02,0.0,23330.13,2026-08-15,UTR101242
stl_001243,pay_001243,order_001243,24238.55,484.77,87.26,0.0,23666.52,2026-08-13,UTR101243
stl_001244,pay_001244,order_001244,1225.83,24.52,4.41,0.0,1196.9,2026-08-11,UTR101244
stl_001245,pay_001245,order_001245,19696.93,393.94,70.91,0.0,19232.08,2026-08-17,UTR101245
stl_001246,pay_001246,order_001246,12519.78,250.4,45.07,0.0,12224.31,2026-08-14,UTR101246
stl_001247,pay_001247,order_001247,14049.42,280.99,50.58,0.0,13717.85,2026-08-15,UTR101247
stl_001248,pay_001248,order_001248,11080.27,221.61,39.89,0.0,10818.77,2026-08-21,UTR101248
stl_001249,pay_001249,order_001249,16686.46,333.73,60.07,0.0,16292.66,2026-08-05,UTR101249
stl_001250,pay_001250,order_001250,19418.1,388.36,69.9,0.0,18959.84,2026-08-12,UTR101250
stl_001251,pay_001251,order_001251,20052.35,401.05,72.19,0.0,19579.11,2026-08-05,UTR101251
stl_001252,pay_001252,order_001252,2509.93,50.2,9.04,0.0,2450.69,2026-08-07,UTR101252
stl_001253,pay_001253,order_001253,9810.0,196.2,35.32,0.0,9578.48,2026-08-23,UTR101253
stl_001254,pay_001254,order_001254,4279.78,85.6,15.41,0.0,4178.77,2026-08-15,UTR101254
stl_001255,pay_001255,order_001255,8258.62,165.17,29.73,0.0,8063.72,2026-08-06,UTR101255
stl_001256,pay_001256,order_001256,2742.25,54.84,9.87,0.0,2677.54,2026-08-12,UTR101256
stl_001257,pay_001257,order_001257,11396.03,227.92,41.03,0.0,11127.08,2026-08-11,UTR101257
stl_001258,pay_001258,order_001258,3004.67,60.09,10.82,0.0,2933.76,2026-08-05,UTR101258
stl_001259,pay_001259,order_001259,5091.1,101.82,18.33,0.0,4970.95,2026-08-17,UTR101259
stl_001260,pay_001260,order_001260,14146.13,282.92,50.93,0.0,13812.28,2026-08-19,UTR101260
stl_001261,pay_001261,order_001261,10497.08,209.94,37.79,0.0,10249.35,2026-08-03,UTR101261
stl_001262,pay_001262,order_001262,2695.66,53.91,9.7,0.0,2632.05,2026-08-20,UTR101262
stl_001263,pay_001263,order_001263,2780.07,55.6,10.01,0.0,2714.46,2026-08-22,UTR101263
stl_001264,pay_001264,order_001264,19718.75,394.38,70.99,0.0,19253.38,2026-08-15,UTR101264
stl_001265,pay_001265,order_001265,802.35,16.05,2.89,0.0,783.41,2026-08-16,UTR101265
stl_001266,pay_001266,order_001266,10001.09,200.02,36.0,0.0,9765.07,2026-08-05,UTR101266
stl_001267,pay_001267,order_001267,18258.67,365.17,65.73,0.0,17827.77,2026-08-20,UTR101267
stl_001268,pay_001268,order_001268,22677.59,453.55,81.64,0.0,22142.4,2026-08-10,UTR101268
stl_001269,pay_001269,order_001269,14513.03,290.26,52.25,0.0,14170.52,2026-08-08,UTR101269
stl_001270,pay_001270,order_001270,17290.24,345.8,62.24,0.0,16882.2,2026-08-08,UTR101270
stl_001271,pay_001271,order_001271,3901.58,78.03,14.05,0.0,3809.5,2026-08-12,UTR101271
stl_001272,pay_001272,order_001272,7075.97,141.52,25.47,0.0,6908.98,2026-08-07,UTR101272
stl_001273,pay_001273,order_001273,2050.05,41.0,7.38,0.0,2001.67,2026-08-16,UTR101273
stl_001274,pay_001274,order_001274,7261.07,145.22,26.14,0.0,7089.71,2026-08-12,UTR101274
stl_001275,pay_001275,order_001275,12363.67,247.27,44.51,0.0,12071.89,2026-08-05,UTR101275
stl_001276,pay_001276,order_001276,9347.56,186.95,33.65,0.0,9126.96,2026-08-10,UTR101276
stl_001277,pay_001277,order_001277,18162.04,363.24,65.38,0.0,17733.42,2026-08-18,UTR101277
stl_001278,pay_001278,order_001278,15048.26,300.97,54.17,0.0,14693.12,2026-08-09,UTR101278
stl_001279,pay_001279,order_001279,11717.61,234.35,42.18,0.0,11441.08,2026-08-07,UTR101279
stl_001280,pay_001280,order_001280,7964.12,159.28,28.67,0.0,7776.17,2026-08-15,UTR101280
stl_001281,pay_001281,order_001281,8639.32,172.79,31.1,0.0,8435.43,2026-08-22,UTR101281
stl_001282,pay_001282,order_001282,9807.3,196.15,35.31,0.0,9575.84,2026-08-13,UTR101282
stl_001283,pay_001283,order_001283,11285.46,225.71,40.63,0.0,11019.12,2026-08-16,UTR101283
stl_001284,pay_001284,order_001284,20479.15,409.58,73.72,0.0,19995.85,2026-08-23,UTR101284
stl_001285,pay_001285,order_001285,24368.52,487.37,87.73,0.0,23793.42,2026-08-07,UTR101285
stl_001286,pay_001286,order_001286,7860.66,157.21,28.3,0.0,7675.15,2026-08-22,UTR101286
stl_001287,pay_001287,order_001287,23708.33,474.17,85.35,0.0,23148.81,2026-08-09,UTR101287
stl_001288,pay_001288,order_001288,12235.74,244.71,44.05,0.0,11946.98,2026-08-08,UTR101288
stl_001289,pay_001289,order_001289,24132.08,482.64,86.88,0.0,23562.56,2026-08-13,UTR101289
stl_001290,pay_001290,order_001290,7640.48,152.81,27.51,0.0,7460.16,2026-08-23,UTR101290
stl_001291,pay_001291,order_001291,12529.68,250.59,45.11,0.0,12233.98,2026-08-21,UTR101291
stl_001292,pay_001292,order_001292,19658.37,393.17,70.77,0.0,19194.43,2026-08-13,UTR101292
stl_001293,pay_001293,order_001293,9713.35,194.27,34.97,0.0,9484.11,2026-08-15,UTR101293
stl_001294,pay_001294,order_001294,9442.88,188.86,33.99,0.0,9220.03,2026-08-21,UTR101294
stl_001295,pay_001295,order_001295,5395.1,107.9,19.42,0.0,5267.78,2026-08-20,UTR101295
stl_001296,pay_001296,order_001296,4908.22,98.16,17.67,0.0,4792.39,2026-08-20,UTR101296
stl_001297,pay_001297,order_001297,1159.44,23.19,4.17,0.0,1132.08,2026-08-17,UTR101297
stl_001298,pay_001298,order_001298,23602.89,472.06,84.97,0.0,23045.86,2026-08-09,UTR101298
stl_001299,pay_001299,order_001299,11242.15,224.84,40.47,0.0,10976.84,2026-08-12,UTR101299
stl_001300,pay_001300,order_001300,20866.4,417.33,75.12,0.0,20373.95,2026-08-05,UTR101300
stl_001301,pay_001301,order_001301,20564.66,411.29,74.03,0.0,20079.34,2026-08-16,UTR101301
stl_001302,pay_001302,order_001302,16987.95,339.76,61.16,0.0,16587.03,2026-08-07,UTR101302
stl_001303,pay_001303,order_001303,16016.73,320.33,57.66,0.0,15638.74,2026-08-10,UTR101303
stl_001304,pay_001304,order_001304,6690.7,133.81,24.09,0.0,6532.8,2026-08-07,UTR101304
stl_001305,pay_001305,order_001305,18023.29,360.47,64.88,0.0,17597.94,2026-08-15,UTR101305
stl_001306,pay_001306,order_001306,2312.15,46.24,8.32,0.0,2257.59,2026-08-22,UTR101306
stl_001307,pay_001307,order_001307,12241.25,244.83,44.07,0.0,11952.35,2026-08-15,UTR101307
stl_001308,pay_001308,order_001308,13592.0,271.84,48.93,0.0,13271.23,2026-08-16,UTR101308
stl_001309,pay_001309,order_001309,13819.31,276.39,49.75,0.0,13493.17,2026-08-14,UTR101309
stl_001310,pay_001310,order_001310,17690.04,353.8,63.68,0.0,17272.56,2026-08-20,UTR101310
stl_001311,pay_001311,order_001311,15048.59,300.97,54.17,0.0,14693.45,2026-08-05,UTR101311
stl_001312,pay_001312,order_001312,3179.55,63.59,11.45,0.0,3104.51,2026-08-10,UTR101312
stl_001313,pay_001313,order_001313,16611.24,332.22,59.8,0.0,16219.22,2026-08-14,UTR101313
stl_001314,pay_001314,order_001314,4575.29,91.51,16.47,0.0,4467.31,2026-08-22,UTR101314
stl_001315,pay_001315,order_001315,1585.27,31.71,5.71,0.0,1547.85,2026-08-23,UTR101315
stl_001316,pay_001316,order_001316,17098.06,341.96,61.55,0.0,16694.55,2026-08-15,UTR101316
stl_001317,pay_001317,order_001317,24186.87,483.74,87.07,0.0,23616.06,2026-08-13,UTR101317
stl_001318,pay_001318,order_001318,24160.06,483.2,86.98,0.0,23589.88,2026-08-16,UTR101318
stl_001319,pay_001319,order_001319,3095.64,61.91,11.14,0.0,3022.59,2026-08-06,UTR101319
stl_001320,pay_001320,order_001320,6839.09,136.78,24.62,0.0,6677.69,2026-08-19,UTR101320
stl_001321,pay_001321,order_001321,18797.9,375.96,67.67,0.0,18354.27,2026-08-20,UTR101321
stl_001322,pay_001322,order_001322,14722.7,294.45,53.0,0.0,14375.25,2026-08-21,UTR101322
stl_001323,pay_001323,order_001323,5915.28,118.31,21.3,0.0,5775.67,2026-08-14,UTR101323
stl_001324,pay_001324,order_001324,10082.79,201.66,36.3,0.0,9844.83,2026-08-21,UTR101324
stl_001325,pay_001325,order_001325,17415.71,348.31,62.7,0.0,17004.7,2026-08-07,UTR101325
stl_001326,pay_001326,order_001326,8951.7,179.03,32.23,0.0,8740.44,2026-08-03,UTR101326
stl_001327,pay_001327,order_001327,12327.89,246.56,44.38,0.0,12036.95,2026-08-12,UTR101327
stl_001328,pay_001328,order_001328,10691.4,213.83,38.49,0.0,10439.08,2026-08-05,UTR101328
stl_001329,pay_001329,order_001329,3343.7,66.87,12.04,0.0,3264.79,2026-08-07,UTR101329
stl_001330,pay_001330,order_001330,9034.05,180.68,32.52,0.0,8820.85,2026-08-13,UTR101330
stl_001331,pay_001331,order_001331,11655.65,233.11,41.96,0.0,11380.58,2026-08-09,UTR101331
stl_001332,pay_001332,order_001332,13267.31,265.35,47.76,3980.19,8974.01,2026-08-14,UTR101332
stl_001333,pay_001333,order_001333,12165.98,243.32,43.8,0.0,11878.86,2026-08-17,UTR101333
stl_001334,pay_001333,order_001333,12165.98,243.32,43.8,0.0,11878.86,2026-08-17,UTR101333
stl_001335,pay_001335,order_001335,8313.28,166.27,29.93,0.0,8110.52,2026-08-12,UTR101335
stl_001336,pay_001336,order_001336,17914.09,358.28,64.49,0.0,17491.32,2026-08-03,UTR101336
stl_001337,pay_001337,order_001337,21304.91,426.1,76.7,0.0,20802.11,2026-08-23,UTR101337
stl_001338,pay_001338,order_001338,3179.39,63.59,11.45,0.0,3104.35,2026-08-08,UTR101338
stl_001339,pay_001339,order_001339,23283.1,465.66,83.82,0.0,22733.62,2026-08-10,UTR101339
stl_001340,pay_001340,order_001340,13141.85,262.84,47.31,0.0,12831.7,2026-08-20,UTR101340
stl_001341,pay_001341,order_001341,4423.32,88.47,15.92,0.0,4318.93,2026-08-20,UTR101341
stl_001342,pay_001342,order_001342,10946.05,218.92,39.41,0.0,10687.72,2026-08-17,UTR101342
stl_001343,pay_001343,order_001343,6180.46,123.61,22.25,0.0,6034.6,2026-08-15,UTR101343
stl_001344,pay_001344,order_001344,15929.13,318.58,57.34,0.0,15553.21,2026-08-08,UTR101344
stl_001345,pay_001345,order_001345,16191.73,323.83,58.29,0.0,15809.61,2026-08-16,UTR101345
stl_001346,pay_001346,order_001346,10191.77,203.84,36.69,0.0,9951.24,2026-08-22,UTR101346
stl_001347,pay_001347,order_001347,22135.89,442.72,79.69,0.0,21613.48,2026-08-17,UTR101347
stl_001348,pay_001348,order_001348,15008.98,300.18,54.03,0.0,14654.77,2026-08-15,UTR101348
stl_001349,pay_001349,order_001349,609.03,12.18,2.19,0.0,594.66,2026-08-09,UTR101349
stl_001350,pay_001350,order_001350,5541.72,110.83,19.95,0.0,5410.94,2026-08-05,UTR101350
stl_001351,pay_001351,order_001351,14645.02,292.9,52.72,0.0,14299.4,2026-08-20,UTR101351
stl_001352,pay_001352,order_001352,5080.52,101.61,18.29,0.0,4960.62,2026-08-13,UTR101352
stl_001353,pay_001353,order_001353,5328.32,106.57,19.18,0.0,5202.57,2026-08-06,UTR101353
stl_001354,pay_001354,order_001354,6927.66,138.55,24.94,0.0,6764.17,2026-08-18,UTR101354
stl_001355,pay_001355,order_001355,13429.02,268.58,48.34,0.0,13112.1,2026-08-23,UTR101355
stl_001356,pay_001356,order_001356,8178.4,163.57,29.44,0.0,7985.39,2026-08-15,UTR101356
stl_001357,pay_001357,order_001357,15477.06,309.54,55.72,0.0,15111.8,2026-08-21,UTR101357
stl_001358,pay_001358,order_001358,3298.69,65.97,11.87,0.0,3220.85,2026-08-14,UTR101358
stl_001359,pay_001359,order_001359,21215.19,424.3,76.37,0.0,20714.52,2026-08-22,UTR101359
stl_001360,pay_001360,order_001360,4726.92,94.54,17.02,0.0,4615.36,2026-08-12,UTR101360
stl_001361,pay_001361,order_001361,23007.72,460.15,82.83,0.0,22464.74,2026-08-21,UTR101361
stl_001362,pay_001362,order_001362,2576.42,51.53,9.28,0.0,2515.61,2026-08-07,UTR101362
stl_001363,pay_001363,order_001363,8173.05,163.46,29.42,0.0,7980.17,2026-08-10,UTR101363
stl_001364,pay_001364,order_001364,7981.81,159.64,28.74,0.0,7793.43,2026-08-08,UTR101364
stl_001365,pay_001365,order_001365,9646.0,192.92,34.73,0.0,9418.35,2026-08-07,UTR101365
stl_001366,pay_001366,order_001366,13015.21,260.3,46.85,0.0,12708.06,2026-08-16,UTR101366
stl_001367,pay_001367,order_001367,15112.43,302.25,54.41,0.0,14755.77,2026-08-21,UTR101367
stl_001368,pay_001368,order_001368,9900.89,198.02,35.64,0.0,9667.23,2026-08-08,UTR101368
stl_001369,pay_001369,order_001369,12423.42,248.47,44.72,0.0,12130.23,2026-08-20,UTR101369
stl_001370,pay_001370,order_001370,17489.11,349.78,62.96,0.0,17076.37,2026-08-23,UTR101370
stl_001371,pay_001371,order_001371,23302.03,466.04,83.89,0.0,22752.1,2026-08-08,UTR101371
stl_001372,pay_001372,order_001372,14095.36,281.91,50.74,0.0,13762.71,2026-08-18,UTR101372
stl_001373,pay_001373,order_001373,7576.45,151.53,27.28,0.0,7397.64,2026-08-08,UTR101373
stl_001374,pay_001374,order_001374,8207.21,164.14,29.55,0.0,8013.52,2026-08-17,UTR101374
stl_001375,pay_001375,order_001375,15675.54,313.51,56.43,0.0,15305.6,2026-08-14,UTR101375
stl_001376,pay_001376,order_001376,23820.13,476.4,85.75,0.0,23257.98,2026-08-18,UTR101376
stl_001377,pay_001377,order_001377,3845.1,76.9,13.84,0.0,3754.36,2026-08-15,UTR101377
stl_001378,pay_001378,order_001378,24113.81,482.28,86.81,0.0,23544.72,2026-08-19,UTR101378
stl_001379,pay_001379,order_001379,16500.21,330.0,59.4,0.0,16110.81,2026-08-16,UTR101379
stl_001380,pay_001380,order_001380,17275.07,345.5,62.19,0.0,16867.38,2026-08-16,UTR101380
stl_001381,pay_001381,order_001381,17898.49,357.97,64.43,0.0,17476.09,2026-08-17,UTR101381
stl_001382,pay_001382,order_001382,12473.14,249.46,44.9,0.0,12178.78,2026-08-05,UTR101382
stl_001383,pay_001383,order_001383,14352.25,287.05,51.67,0.0,14013.53,2026-08-10,UTR101383
stl_001384,pay_001384,order_001384,7656.2,153.12,27.56,0.0,7475.52,2026-08-11,UTR101384
stl_001385,pay_001385,order_001385,6008.66,120.17,21.63,0.0,5866.86,2026-08-12,UTR101385
stl_001386,pay_001386,order_001386,4621.12,92.42,16.64,0.0,4512.06,2026-08-17,UTR101386
stl_001387,pay_001387,order_001387,14358.44,287.17,51.69,0.0,14019.58,2026-08-18,UTR101387
stl_001388,pay_001388,order_001388,13968.29,279.37,50.29,0.0,13638.63,2026-08-06,UTR101388
stl_001389,pay_001389,order_001389,14531.49,290.63,52.31,0.0,14188.55,2026-08-11,UTR101389
stl_001390,pay_001390,order_001390,19490.27,389.81,70.17,0.0,19030.29,2026-08-14,UTR101390
stl_001391,pay_001391,order_001391,13780.06,275.6,49.61,0.0,13454.85,2026-08-04,UTR101391
stl_001392,pay_001392,order_001392,19120.1,382.4,68.83,0.0,18668.87,2026-08-17,UTR101392
stl_001393,pay_001393,order_001393,13885.66,277.71,49.99,0.0,13557.96,2026-08-16,UTR101393
stl_001394,pay_001394,order_001394,3009.2,60.18,10.83,0.0,2938.19,2026-08-23,UTR101394
stl_001395,pay_001395,order_001395,18907.96,378.16,68.07,0.0,18461.73,2026-08-12,UTR101395
stl_001396,pay_001396,order_001396,21932.84,438.66,78.96,0.0,21415.22,2026-08-04,UTR101396
stl_001397,pay_001397,order_001397,11518.44,230.37,41.47,0.0,11246.6,2026-08-14,UTR101397
stl_001398,pay_001398,order_001398,21623.89,432.48,77.85,0.0,21113.56,2026-08-05,UTR101398
stl_001399,pay_001399,order_001399,11257.21,225.14,40.53,0.0,10991.54,2026-08-06,UTR101399
stl_001400,pay_001400,order_001400,19502.98,390.06,70.21,0.0,19042.71,2026-08-10,UTR101400
stl_001401,pay_001401,order_001401,5642.02,112.84,20.31,0.0,5508.87,2026-08-21,UTR101401
stl_001402,pay_001402,order_001402,17383.77,347.68,62.58,0.0,16973.51,2026-08-22,UTR101402
stl_001403,pay_001403,order_001403,16002.88,320.06,57.61,0.0,15625.21,2026-08-08,UTR101403
stl_001404,pay_001404,order_001404,15595.7,311.91,56.14,0.0,15227.65,2026-08-09,UTR101404
stl_001405,pay_001405,order_001405,20431.48,408.63,73.55,0.0,19949.3,2026-08-04,UTR101405
stl_001406,pay_001406,order_001406,14466.82,289.34,52.08,0.0,14125.4,2026-08-20,UTR101406
stl_001407,pay_001407,order_001407,7386.58,147.73,26.59,0.0,7212.26,2026-08-20,UTR101407
stl_001408,pay_001408,order_001408,4625.25,92.5,16.65,0.0,4516.1,2026-08-12,UTR101408
stl_001409,pay_001409,order_001409,7588.66,151.77,27.32,0.0,7409.57,2026-08-11,UTR101409
stl_001410,pay_001410,order_001410,23833.73,476.67,85.8,0.0,23271.26,2026-08-19,UTR101410
stl_001411,pay_001411,order_001411,24644.46,492.89,88.72,0.0,24062.85,2026-08-06,UTR101411
stl_001412,pay_001412,order_001412,3821.93,76.44,13.76,0.0,3731.73,2026-08-16,UTR101412
stl_001413,pay_001413,order_001413,23009.83,460.2,82.84,0.0,22466.79,2026-08-11,UTR101413
stl_001414,pay_001414,order_001414,21742.67,434.85,78.27,0.0,21229.55,2026-08-07,UTR101414
stl_001415,pay_001415,order_001415,17684.95,353.7,63.67,0.0,17267.58,2026-08-07,UTR101415
stl_001416,pay_001416,order_001416,6617.09,132.34,23.82,0.0,6460.93,2026-08-13,UTR101416
stl_001417,pay_001417,order_001417,20797.8,415.96,74.87,0.0,20306.97,2026-08-15,UTR101417
stl_001418,pay_001418,order_001418,12491.74,249.83,44.97,0.0,12196.94,2026-08-21,UTR101418
stl_001419,pay_001419,order_001419,15993.85,319.88,57.58,0.0,15616.39,2026-08-23,UTR101419
stl_001420,pay_001420,order_001420,10648.51,212.97,38.33,0.0,10397.21,2026-08-17,UTR101420
stl_001421,pay_001421,order_001421,2350.15,47.0,8.46,0.0,2294.69,2026-08-05,UTR101421
stl_001422,pay_001422,order_001422,10369.84,207.4,37.33,0.0,10125.11,2026-08-11,UTR101422
stl_001423,pay_001423,order_001423,17520.24,350.4,63.07,0.0,17106.77,2026-08-14,UTR101423
stl_001424,pay_001424,order_001424,11640.04,232.8,41.9,0.0,11365.34,2026-08-18,UTR101424
stl_001425,pay_001425,order_001425,8518.59,170.37,30.67,0.0,8317.55,2026-08-03,UTR101425
stl_001426,pay_001426,order_001426,21788.24,435.76,78.44,0.0,21274.04,2026-08-05,UTR101426
stl_001427,pay_001427,order_001427,18407.83,368.16,66.27,0.0,17973.4,2026-08-17,UTR101427
stl_001428,pay_001428,order_001428,16053.59,321.07,57.79,0.0,15674.73,2026-08-14,UTR101428
stl_001429,pay_001429,order_001429,21327.6,426.55,76.78,0.0,20824.27,2026-08-20,UTR101429
stl_001430,pay_001430,order_001430,10244.04,204.88,36.88,0.0,10002.28,2026-08-16,UTR101430
stl_001431,pay_001431,order_001431,20708.77,414.18,74.55,0.0,20220.04,2026-08-18,UTR101431
stl_001432,pay_001432,order_001432,7079.15,141.58,25.48,0.0,6912.09,2026-08-12,UTR101432
stl_001433,pay_001433,order_001433,8775.0,175.5,31.59,0.0,8567.91,2026-08-21,UTR101433
stl_001434,pay_001434,order_001434,3699.56,73.99,13.32,0.0,3612.25,2026-08-18,UTR101434
stl_001435,pay_001435,order_001435,19813.44,396.27,71.33,0.0,19345.84,2026-08-04,UTR101435
stl_001436,pay_001436,order_001436,1625.6,32.51,5.85,0.0,1587.24,2026-08-23,UTR101436
stl_001437,pay_001437,order_001437,19705.3,394.11,70.94,0.0,19240.25,2026-08-17,UTR101437
stl_001438,pay_001438,order_001438,898.89,17.98,3.24,0.0,877.67,2026-08-08,UTR101438
stl_001439,pay_001439,order_001439,11311.51,226.23,40.72,0.0,11044.56,2026-08-03,UTR101439
stl_001440,pay_001440,order_001440,24800.04,496.0,89.28,0.0,24214.76,2026-08-16,UTR101440
stl_001441,pay_001441,order_001441,5456.8,109.14,19.65,0.0,5328.01,2026-08-07,UTR101441
stl_001442,pay_001442,order_001442,22112.62,442.25,79.61,0.0,21590.76,2026-08-12,UTR101442
stl_001443,pay_001443,order_001443,4394.95,87.9,15.82,0.0,4291.23,2026-08-11,UTR101443
stl_001444,pay_001444,order_001444,2786.83,55.74,10.03,0.0,2721.06,2026-08-14,UTR101444
stl_001445,pay_001445,order_001445,6634.54,132.69,23.88,0.0,6477.97,2026-08-14,UTR101445
stl_001446,pay_001446,order_001446,16780.47,335.61,60.41,0.0,16384.45,2026-08-23,UTR101446
stl_001447,pay_001447,order_001447,4555.36,91.11,16.4,0.0,4447.85,2026-08-15,UTR101447
stl_001448,pay_001448,order_001448,15827.3,316.55,56.98,0.0,15453.77,2026-08-10,UTR101448
stl_001449,pay_001449,order_001449,11016.16,220.32,39.66,0.0,10756.18,2026-08-05,UTR101449
stl_001450,pay_001450,order_001450,17740.6,354.81,63.87,0.0,17321.92,2026-08-03,UTR101450
stl_001451,pay_001451,order_001451,5728.82,114.58,20.62,0.0,5593.62,2026-08-05,UTR101451
stl_001452,pay_001452,order_001452,3751.14,75.02,13.5,0.0,3662.62,2026-08-10,UTR101452
stl_001453,pay_001453,order_001453,13226.38,264.53,47.62,0.0,12914.23,2026-08-17,UTR101453
stl_001454,pay_001454,order_001454,727.53,14.55,2.62,0.0,710.36,2026-08-13,UTR101454
stl_001455,pay_001455,order_001455,20519.17,410.38,73.87,0.0,20034.92,2026-08-16,UTR101455
stl_001456,pay_001456,order_001456,17503.76,350.08,63.01,0.0,17090.67,2026-08-18,UTR101456
stl_001457,pay_001457,order_001457,2235.29,44.71,8.05,0.0,2182.53,2026-08-15,UTR101457
stl_001458,pay_001458,order_001458,2688.61,53.77,9.68,0.0,2625.16,2026-08-06,UTR101458
stl_001459,pay_001459,order_001459,3028.44,60.57,10.9,0.0,2956.97,2026-08-14,UTR101459
stl_001460,pay_001460,order_001460,22084.23,441.68,79.5,0.0,21563.05,2026-08-07,UTR101460
stl_001461,pay_001461,order_001461,9876.67,197.53,35.56,0.0,9643.58,2026-08-07,UTR101461
stl_001462,pay_001462,order_001462,16218.62,324.37,58.39,0.0,15835.86,2026-08-07,UTR101462
stl_001463,pay_001463,order_001463,2176.08,43.52,7.83,0.0,2124.73,2026-08-21,UTR101463
stl_001464,pay_001464,order_001464,707.63,14.15,2.55,0.0,690.93,2026-08-23,UTR101464
stl_001465,pay_001465,order_001465,4520.86,90.42,16.28,0.0,4414.16,2026-08-14,UTR101465
stl_001466,pay_001466,order_001466,18199.58,363.99,65.52,0.0,17770.07,2026-08-23,UTR101466
stl_001467,pay_001467,order_001467,18832.59,376.65,67.8,0.0,18388.14,2026-08-16,UTR101467
stl_001468,pay_001468,order_001468,15593.86,311.88,56.14,0.0,15225.84,2026-08-17,UTR101468
stl_001469,pay_001469,order_001469,21569.08,431.38,77.65,0.0,21060.05,2026-08-05,UTR101469
stl_001470,pay_001470,order_001470,22466.53,449.33,80.88,0.0,21936.32,2026-08-07,UTR101470
stl_001471,pay_001471,order_001471,18934.92,378.7,68.17,0.0,18488.05,2026-08-21,UTR101471
stl_001472,pay_001472,order_001472,18385.22,367.7,66.19,0.0,17951.33,2026-08-14,UTR101472
stl_001473,pay_001473,order_001473,24099.59,481.99,86.76,0.0,23530.84,2026-08-13,UTR101473
stl_001474,pay_001474,order_001474,19881.38,397.63,71.57,0.0,19412.18,2026-08-10,UTR101474
stl_001475,pay_001475,order_001475,7285.71,145.71,26.23,0.0,7113.77,2026-08-05,UTR101475
stl_001476,pay_001476,order_001476,6580.09,131.6,23.69,0.0,6424.8,2026-08-22,UTR101476
stl_001477,pay_001477,order_001477,15200.19,304.0,54.72,0.0,14841.47,2026-08-22,UTR101477
stl_001478,pay_001478,order_001478,7480.56,149.61,26.93,0.0,7304.02,2026-08-03,UTR101478
stl_001479,pay_001479,order_001479,21273.36,425.47,76.58,0.0,20771.31,2026-08-12,UTR101479
stl_001480,pay_001480,order_001480,5533.42,110.67,19.92,0.0,5402.83,2026-08-22,UTR101480
stl_001481,pay_001481,order_001481,12983.3,259.67,46.74,0.0,12676.89,2026-08-15,UTR101481
stl_001482,pay_001482,order_001482,7740.78,154.82,27.87,0.0,7558.09,2026-08-04,UTR101482
stl_001483,pay_001483,order_001483,19703.14,394.06,70.93,0.0,19238.15,2026-08-10,UTR101483
stl_001484,pay_001484,order_001484,12624.75,252.5,45.45,0.0,12326.8,2026-08-06,UTR101484
stl_001485,pay_001485,order_001485,6406.5,128.13,23.06,0.0,6255.31,2026-08-23,UTR101485
stl_001486,pay_001486,order_001486,15051.28,301.03,54.19,0.0,14696.06,2026-08-19,UTR101486
stl_001487,pay_001487,order_001487,22273.75,445.48,80.19,0.0,21748.08,2026-08-03,UTR101487
stl_001488,pay_001488,order_001488,24678.62,493.57,88.84,0.0,24096.21,2026-08-13,UTR101488
stl_001489,pay_001489,order_001489,3733.58,74.67,13.44,0.0,3645.47,2026-08-21,UTR101489
stl_001490,pay_001490,order_001490,10811.16,216.22,38.92,0.0,10556.02,2026-08-20,UTR101490
stl_001491,pay_001491,order_001491,17232.08,344.64,62.04,0.0,16825.4,2026-08-18,UTR101491
stl_001492,pay_001492,order_001492,23884.1,477.68,85.98,0.0,23320.44,2026-08-05,UTR101492
stl_001493,pay_001493,order_001493,908.89,18.18,3.27,0.0,887.44,2026-08-05,UTR101493
stl_001494,pay_001494,order_001494,837.94,16.76,3.02,0.0,818.16,2026-08-09,UTR101494
stl_001495,pay_001495,order_001495,1475.76,29.52,5.31,0.0,1440.93,2026-08-04,UTR101495
stl_001496,pay_001496,order_001496,23742.66,474.85,85.47,0.0,23182.34,2026-08-15,UTR101496
stl_001497,pay_001497,order_001497,12911.96,258.24,46.48,0.0,12607.24,2026-08-23,UTR101497
stl_001498,pay_001498,order_001498,17959.41,359.19,64.65,0.0,17535.57,2026-08-16,UTR101498
stl_001499,pay_001499,order_001499,10877.59,217.55,39.16,0.0,10620.88,2026-08-15,UTR101499
stl_001500,pay_001500,order_001500,2519.48,50.39,9.07,0.0,2460.02,2026-08-20,UTR101500
stl_001501,pay_001501,order_001501,13672.56,273.45,49.22,0.0,13349.89,2026-08-07,UTR101501
stl_001502,pay_001502,order_001502,7297.96,145.96,26.27,0.0,7125.73,2026-08-12,UTR101502
stl_001503,pay_001503,order_001503,2436.03,48.72,8.77,0.0,2378.54,2026-08-09,UTR101503
stl_001504,pay_001504,order_001504,24370.68,487.41,87.73,0.0,23795.54,2026-08-07,UTR101504
stl_001505,pay_001505,order_001505,13641.56,272.83,49.11,0.0,13319.62,2026-08-15,UTR101505
stl_001506,pay_001506,order_001506,14867.71,297.35,53.52,0.0,14516.84,2026-08-23,UTR101506
stl_001507,pay_001507,order_001507,17185.86,343.72,61.87,0.0,16780.27,2026-08-05,UTR101507
stl_001508,pay_001508,order_001508,8099.15,161.98,29.16,0.0,7908.01,2026-08-16,UTR101508
stl_001509,pay_001509,order_001509,18383.98,367.68,66.18,0.0,17950.12,2026-08-10,UTR101509
stl_001510,pay_001510,order_001510,1918.7,38.37,6.91,0.0,1873.42,2026-08-05,UTR101510
stl_001511,pay_001511,order_001511,23153.38,463.07,83.35,0.0,22606.96,2026-08-06,UTR101511
stl_001512,pay_001512,order_001512,11607.61,232.15,41.79,0.0,11333.67,2026-08-22,UTR101512
stl_001513,pay_001513,order_001513,1848.2,36.96,6.65,0.0,1804.59,2026-08-08,UTR101513
stl_001514,pay_001514,order_001514,3426.35,68.53,12.34,0.0,3345.48,2026-08-07,UTR101514
stl_001515,pay_001515,order_001515,17686.74,353.73,63.67,0.0,17269.34,2026-08-08,UTR101515
stl_001516,pay_001516,order_001516,12662.12,253.24,45.58,0.0,12363.3,2026-08-14,UTR101516
stl_001517,pay_001517,order_001517,13313.63,266.27,47.93,0.0,12999.43,2026-08-11,UTR101517
stl_001518,pay_001518,order_001518,4590.59,91.81,16.53,0.0,4482.25,2026-08-07,UTR101518
stl_001519,pay_001519,order_001519,18869.52,377.39,67.93,0.0,18424.2,2026-08-11,UTR101519
stl_001520,pay_001520,order_001520,18456.93,369.14,66.45,0.0,18021.34,2026-08-06,UTR101520
stl_001521,pay_001521,order_001521,19400.04,388.0,69.84,0.0,18942.2,2026-08-03,UTR101521
stl_001522,pay_001522,order_001522,8707.77,174.16,31.35,0.0,8502.26,2026-08-16,UTR101522
stl_001523,pay_001523,order_001523,7163.52,143.27,25.79,0.0,6994.46,2026-08-05,UTR101523
stl_001524,pay_001524,order_001524,6942.27,138.85,24.99,0.0,6778.43,2026-08-21,UTR101524
stl_001525,pay_001525,order_001525,15874.55,317.49,57.15,0.0,15499.91,2026-08-18,UTR101525
stl_001526,pay_001526,order_001526,11652.35,233.05,41.95,0.0,11377.35,2026-08-14,UTR101526
stl_001527,pay_001527,order_001527,1858.26,37.17,6.69,0.0,1814.4,2026-08-21,UTR101527
stl_001528,pay_001528,order_001528,4588.59,91.77,16.52,0.0,4480.3,2026-08-08,UTR101528
stl_001529,pay_001529,order_001529,6750.34,135.01,24.3,0.0,6591.03,2026-08-06,UTR101529
stl_001530,pay_001530,order_001530,22409.58,448.19,80.67,0.0,21880.72,2026-08-06,UTR101530
stl_001531,pay_001531,order_001531,6095.91,121.92,21.95,0.0,5952.04,2026-08-19,UTR101531
stl_001532,pay_001532,order_001532,562.93,11.26,2.03,0.0,549.64,2026-08-03,UTR101532
stl_001533,pay_001533,order_001533,6491.51,129.83,23.37,0.0,6338.31,2026-08-18,UTR101533
stl_001534,pay_001534,order_001534,9417.42,188.35,33.9,0.0,9195.17,2026-08-07,UTR101534
stl_001535,pay_001535,order_001535,4884.54,97.69,17.58,0.0,4769.27,2026-08-04,UTR101535
stl_001536,pay_001536,order_001536,14045.19,280.9,50.56,0.0,13713.73,2026-08-23,UTR101536
stl_001537,pay_001537,order_001537,10774.55,215.49,38.79,0.0,10520.27,2026-08-13,UTR101537
stl_001538,pay_001538,order_001538,6582.45,131.65,23.7,0.0,6427.1,2026-08-13,UTR101538
stl_001539,pay_001539,order_001539,7145.82,142.92,25.73,0.0,6977.17,2026-08-05,UTR101539
stl_001540,pay_001540,order_001540,14502.63,290.05,52.21,0.0,14160.37,2026-08-06,UTR101540
stl_001541,pay_001541,order_001541,12800.0,256.0,46.08,0.0,12497.92,2026-08-04,UTR101541
stl_001542,pay_001542,order_001542,4893.94,97.88,17.62,0.0,4778.44,2026-08-19,UTR101542
stl_001543,pay_001543,order_001543,24544.64,490.89,88.36,0.0,23965.39,2026-08-15,UTR101543
stl_001544,pay_001544,order_001544,2188.7,43.77,7.88,0.0,2137.05,2026-08-17,UTR101544
stl_001545,pay_001545,order_001545,21717.79,434.36,78.18,0.0,21205.25,2026-08-12,UTR101545
stl_001546,pay_001546,order_001546,8518.87,170.38,30.67,0.0,8317.82,2026-08-20,UTR101546
stl_001547,pay_001547,order_001547,11690.28,233.81,42.09,0.0,11414.38,2026-08-14,UTR101547
stl_001548,pay_001548,order_001548,5416.44,108.33,19.5,0.0,5288.61,2026-08-21,UTR101548
stl_001549,pay_001549,order_001549,19720.43,394.41,70.99,0.0,19255.03,2026-08-22,UTR101549
stl_001550,pay_001550,order_001550,6443.31,128.87,23.2,0.0,6291.24,2026-08-14,UTR101550
stl_001551,pay_001551,order_001551,14996.43,299.93,53.99,0.0,14642.51,2026-08-18,UTR101551
stl_001552,pay_001552,order_001552,24945.78,498.92,89.81,0.0,24357.05,2026-08-09,UTR101552
stl_001553,pay_001553,order_001553,18445.35,368.91,66.4,0.0,18010.04,2026-08-20,UTR101553
stl_001554,pay_001554,order_001554,19131.81,382.64,68.88,5739.54,12940.75,2026-08-10,UTR101554
stl_001555,pay_001555,order_001555,4188.88,83.78,15.08,0.0,4090.02,2026-08-16,UTR101555
stl_001556,pay_001555,order_001555,4188.88,83.78,15.08,0.0,4090.02,2026-08-16,UTR101555
stl_001557,pay_001557,order_001557,8987.38,179.75,32.35,0.0,8737.0,2026-08-03,UTR101557
stl_001558,pay_001558,order_001558,535.82,10.72,1.93,0.0,523.17,2026-08-15,UTR101558
stl_001559,pay_001559,order_001559,21300.65,426.01,76.68,0.0,20797.96,2026-08-12,UTR101559
stl_001560,pay_001560,order_001560,3046.75,60.94,10.97,0.0,2974.84,2026-08-19,UTR101560
stl_001561,pay_001561,order_001561,24586.34,491.73,88.51,0.0,24006.1,2026-08-16,UTR101561
stl_001562,pay_001562,order_001562,12554.71,251.09,45.2,0.0,12258.42,2026-08-04,UTR101562
stl_001563,pay_001563,order_001563,24327.7,486.55,87.58,0.0,23753.57,2026-08-07,UTR101563
stl_001564,pay_001564,order_001564,17935.49,358.71,64.57,0.0,17512.21,2026-08-05,UTR101564
stl_001565,pay_001565,order_001565,1575.56,31.51,5.67,0.0,1538.38,2026-08-10,UTR101565
stl_001566,pay_001566,order_001566,22483.54,449.67,80.94,0.0,21952.93,2026-08-19,UTR101566
stl_001567,pay_001567,order_001567,10619.89,212.4,38.23,0.0,10369.26,2026-08-14,UTR101567
stl_001568,pay_001568,order_001568,11732.22,234.64,42.24,0.0,11455.34,2026-08-05,UTR101568
stl_001569,pay_001569,order_001569,14728.88,294.58,53.02,0.0,14381.28,2026-08-19,UTR101569
stl_001570,pay_001570,order_001570,3771.09,75.42,13.58,0.0,3682.09,2026-08-15,UTR101570
stl_001571,pay_001571,order_001571,2333.35,46.67,8.4,0.0,2278.28,2026-08-21,UTR101571
stl_001572,pay_001572,order_001572,2025.93,40.52,7.29,0.0,1978.12,2026-08-07,UTR101572
stl_001573,pay_001573,order_001573,6300.91,126.02,22.68,0.0,6152.21,2026-08-11,UTR101573
stl_001574,pay_001574,order_001574,21347.39,426.95,76.85,0.0,20843.59,2026-08-15,UTR101574
stl_001575,pay_001575,order_001575,17667.78,353.36,63.6,0.0,17250.82,2026-08-13,UTR101575
stl_001576,pay_001576,order_001576,8292.41,165.85,29.85,0.0,8096.71,2026-08-11,UTR101576
stl_001577,pay_001577,order_001577,6223.48,124.47,22.4,0.0,6076.61,2026-08-09,UTR101577
stl_001578,pay_001578,order_001578,3834.74,76.69,13.8,0.0,3744.25,2026-08-21,UTR101578
stl_001579,pay_001579,order_001579,3169.83,63.4,11.41,0.0,3095.02,2026-08-06,UTR101579
stl_001580,pay_001580,order_001580,4527.19,90.54,16.3,0.0,4420.35,2026-08-17,UTR101580
stl_001581,pay_001581,order_001581,8193.82,163.88,29.5,0.0,8000.44,2026-08-06,UTR101581
stl_001582,pay_001582,order_001582,13630.15,272.6,49.07,0.0,13308.48,2026-08-09,UTR101582
stl_001583,pay_001583,order_001583,11571.97,231.44,41.66,0.0,11298.87,2026-08-17,UTR101583
stl_001584,pay_001584,order_001584,6992.69,139.85,25.17,0.0,6827.67,2026-08-06,UTR101584
stl_001585,pay_001585,order_001585,2715.31,54.31,9.78,0.0,2651.22,2026-08-12,UTR101585
stl_001586,pay_001586,order_001586,20746.47,414.93,74.69,0.0,20256.85,2026-08-22,UTR101586
stl_001587,pay_001587,order_001587,1488.08,29.76,5.36,0.0,1452.96,2026-08-13,UTR101587
stl_001588,pay_001588,order_001588,4133.93,82.68,14.88,0.0,4036.37,2026-08-10,UTR101588
stl_001589,pay_001589,order_001589,24225.8,484.52,87.21,0.0,23654.07,2026-08-15,UTR101589
stl_001590,pay_001590,order_001590,13079.76,261.6,47.09,0.0,12771.07,2026-08-12,UTR101590
stl_001591,pay_001591,order_001591,6874.09,137.48,24.75,0.0,6711.86,2026-08-08,UTR101591
stl_001592,pay_001592,order_001592,1261.51,25.23,4.54,0.0,1231.74,2026-08-15,UTR101592
stl_001593,pay_001593,order_001593,21437.73,428.75,77.17,0.0,20931.81,2026-08-20,UTR101593
stl_001594,pay_001594,order_001594,18827.92,376.56,67.78,0.0,18383.58,2026-08-10,UTR101594
stl_001595,pay_001595,order_001595,2820.77,56.42,10.16,0.0,2754.19,2026-08-06,UTR101595
stl_001596,pay_001596,order_001596,20195.47,403.91,72.7,0.0,19718.86,2026-08-07,UTR101596
stl_001597,pay_001597,order_001597,3475.6,69.51,12.51,0.0,3393.58,2026-08-04,UTR101597
stl_001598,pay_001598,order_001598,20844.12,416.88,75.04,0.0,20352.2,2026-08-10,UTR101598
stl_001599,pay_001599,order_001599,3702.52,74.05,13.33,0.0,3615.14,2026-08-15,UTR101599
stl_001600,pay_001600,order_001600,9619.87,192.4,34.63,0.0,9392.84,2026-08-23,UTR101600
stl_001601,pay_001601,order_001601,23470.59,469.41,84.49,0.0,22916.69,2026-08-05,UTR101601
stl_001602,pay_001602,order_001602,14766.93,295.34,53.16,0.0,14418.43,2026-08-11,UTR101602
stl_001603,pay_001603,order_001603,22977.0,459.54,82.72,0.0,22434.74,2026-08-05,UTR101603
stl_001604,pay_001604,order_001604,1034.1,20.68,3.72,0.0,1009.7,2026-08-05,UTR101604
stl_001605,pay_001605,order_001605,5344.88,106.9,19.24,0.0,5218.74,2026-08-23,UTR101605
stl_001606,pay_001606,order_001606,11364.07,227.28,40.91,0.0,11095.88,2026-08-07,UTR101606
stl_001607,pay_001607,order_001607,2753.48,55.07,9.91,0.0,2688.5,2026-08-13,UTR101607
stl_001608,pay_001608,order_001608,3501.93,70.04,12.61,0.0,3419.28,2026-08-17,UTR101608
stl_001609,pay_001609,order_001609,1740.62,34.81,6.27,0.0,1699.54,2026-08-21,UTR101609
stl_001610,pay_001610,order_001610,11112.33,222.25,40.0,0.0,10850.08,2026-08-15,UTR101610
stl_001611,pay_001611,order_001611,12655.1,253.1,45.56,0.0,12356.44,2026-08-15,UTR101611
stl_001612,pay_001612,order_001612,17238.72,344.77,62.06,0.0,16831.89,2026-08-08,UTR101612
stl_001613,pay_001613,order_001613,9171.61,183.43,33.02,0.0,8955.16,2026-08-08,UTR101613
stl_001614,pay_001614,order_001614,7237.05,144.74,26.05,0.0,7066.26,2026-08-17,UTR101614
stl_001615,pay_001615,order_001615,22143.88,442.88,79.72,0.0,21621.28,2026-08-04,UTR101615
stl_001616,pay_001616,order_001616,15545.61,310.91,55.96,0.0,15178.74,2026-08-22,UTR101616
stl_001617,pay_001617,order_001617,6521.73,130.43,23.48,0.0,6367.82,2026-08-12,UTR101617
stl_001618,pay_001618,order_001618,12722.84,254.46,45.8,0.0,12422.58,2026-08-20,UTR101618
stl_001619,pay_001619,order_001619,12236.26,244.73,44.05,0.0,11947.48,2026-08-05,UTR101619
stl_001620,pay_001620,order_001620,7354.51,147.09,26.48,0.0,7180.94,2026-08-07,UTR101620
stl_001621,pay_001621,order_001621,10771.25,215.43,38.78,0.0,10517.04,2026-08-23,UTR101621
stl_001622,pay_001622,order_001622,22173.99,443.48,79.83,0.0,21650.68,2026-08-19,UTR101622
stl_001623,pay_001623,order_001623,6604.12,132.08,23.77,0.0,6448.27,2026-08-20,UTR101623
stl_001624,pay_001624,order_001624,19973.73,399.47,71.9,0.0,19502.36,2026-08-15,UTR101624
stl_001625,pay_001625,order_001625,19656.94,393.14,70.77,0.0,19193.03,2026-08-14,UTR101625
stl_001626,pay_001626,order_001626,12252.27,245.05,44.11,0.0,11963.11,2026-08-18,UTR101626
stl_001627,pay_001627,order_001627,8928.84,178.58,32.14,0.0,8718.12,2026-08-21,UTR101627
stl_001628,pay_001628,order_001628,12808.63,256.17,46.11,0.0,12506.35,2026-08-15,UTR101628
stl_001629,pay_001629,order_001629,7125.67,142.51,25.65,0.0,6957.51,2026-08-03,UTR101629
stl_001630,pay_001630,order_001630,8312.5,166.25,29.92,0.0,8116.33,2026-08-10,UTR101630
stl_001631,pay_001631,order_001631,1217.93,24.36,4.38,0.0,1189.19,2026-08-11,UTR101631
stl_001632,pay_001632,order_001632,1935.49,38.71,6.97,0.0,1889.81,2026-08-18,UTR101632
stl_001633,pay_001633,order_001633,13471.09,269.42,48.5,0.0,13153.17,2026-08-21,UTR101633
stl_001634,pay_001634,order_001634,24990.34,499.81,89.97,0.0,24400.56,2026-08-08,UTR101634
stl_001635,pay_001635,order_001635,2953.29,59.07,10.63,0.0,2883.59,2026-08-10,UTR101635
stl_001636,pay_001636,order_001636,7029.91,140.6,25.31,0.0,6864.0,2026-08-04,UTR101636
stl_001637,pay_001637,order_001637,19219.22,384.38,69.19,0.0,18765.65,2026-08-10,UTR101637
stl_001638,pay_001638,order_001638,14604.46,292.09,52.58,0.0,14259.79,2026-08-15,UTR101638
stl_001639,pay_001639,order_001639,9192.71,183.85,33.09,0.0,8975.77,2026-08-08,UTR101639
stl_001640,pay_001640,order_001640,4814.46,96.29,17.33,0.0,4700.84,2026-08-21,UTR101640
stl_001641,pay_001641,order_001641,8291.11,165.82,29.85,0.0,8095.44,2026-08-14,UTR101641
stl_001642,pay_001642,order_001642,22892.51,457.85,82.41,0.0,22352.25,2026-08-03,UTR101642
stl_001643,pay_001643,order_001643,17734.6,354.69,63.84,0.0,17316.07,2026-08-14,UTR101643
stl_001644,pay_001644,order_001644,23715.19,474.3,85.37,0.0,23155.52,2026-08-21,UTR101644
stl_001645,pay_001645,order_001645,3981.51,79.63,14.33,0.0,3887.55,2026-08-09,UTR101645
stl_001646,pay_001646,order_001646,20999.07,419.98,75.6,0.0,20503.49,2026-08-18,UTR101646
stl_001647,pay_001647,order_001647,13782.05,275.64,49.62,0.0,13456.79,2026-08-08,UTR101647
stl_001648,pay_001648,order_001648,12515.69,250.31,45.06,0.0,12220.32,2026-08-05,UTR101648
stl_001649,pay_001649,order_001649,1876.12,37.52,6.75,0.0,1831.85,2026-08-22,UTR101649
stl_001650,pay_001650,order_001650,5860.82,117.22,21.1,0.0,5722.5,2026-08-19,UTR101650
stl_001651,pay_001651,order_001651,12210.73,244.21,43.96,0.0,11922.56,2026-08-13,UTR101651
stl_001652,pay_001652,order_001652,22988.46,459.77,82.76,0.0,22445.93,2026-08-09,UTR101652
stl_001653,pay_001653,order_001653,20257.91,405.16,72.93,0.0,19779.82,2026-08-13,UTR101653
stl_001654,pay_001654,order_001654,18064.97,361.3,65.03,0.0,17638.64,2026-08-13,UTR101654
stl_001655,pay_001655,order_001655,1959.12,39.18,7.05,0.0,1912.89,2026-08-07,UTR101655
stl_001656,pay_001656,order_001656,14871.92,297.44,53.54,0.0,14520.94,2026-08-07,UTR101656
stl_001657,pay_001657,order_001657,19471.98,389.44,70.1,0.0,19012.44,2026-08-19,UTR101657
stl_001658,pay_001658,order_001658,21586.4,431.73,77.71,0.0,21076.96,2026-08-05,UTR101658
stl_001659,pay_001659,order_001659,9652.97,193.06,34.75,0.0,9425.16,2026-08-15,UTR101659
stl_001660,pay_001660,order_001660,14857.41,297.15,53.49,0.0,14506.77,2026-08-13,UTR101660
stl_001661,pay_001661,order_001661,7893.25,157.87,28.42,0.0,7706.96,2026-08-07,UTR101661
stl_001662,pay_001662,order_001662,24408.59,488.17,87.87,0.0,23832.55,2026-08-16,UTR101662
stl_001663,pay_001663,order_001663,19900.14,398.0,71.64,0.0,19430.5,2026-08-18,UTR101663
stl_001664,pay_001664,order_001664,16404.92,328.1,59.06,0.0,16017.76,2026-08-08,UTR101664
stl_001665,pay_001665,order_001665,17825.98,356.52,64.17,0.0,17405.29,2026-08-20,UTR101665
stl_001666,pay_001666,order_001666,17492.23,349.84,62.97,0.0,17079.42,2026-08-22,UTR101666
stl_001667,pay_001667,order_001667,19781.3,395.63,71.21,0.0,19314.46,2026-08-10,UTR101667
stl_001668,pay_001668,order_001668,16805.53,336.11,60.5,0.0,16408.92,2026-08-08,UTR101668
stl_001669,pay_001669,order_001669,9770.41,195.41,35.17,0.0,9539.83,2026-08-12,UTR101669
stl_001670,pay_001670,order_001670,3620.03,72.4,13.03,0.0,3534.6,2026-08-03,UTR101670
stl_001671,pay_001671,order_001671,23745.31,474.91,85.48,0.0,23184.92,2026-08-21,UTR101671
stl_001672,pay_001672,order_001672,10094.23,201.88,36.34,0.0,9856.01,2026-08-21,UTR101672
stl_001673,pay_001673,order_001673,1293.38,25.87,4.66,0.0,1262.85,2026-08-22,UTR101673
stl_001674,pay_001674,order_001674,8296.31,165.93,29.87,0.0,8100.51,2026-08-22,UTR101674
stl_001675,pay_001675,order_001675,5911.93,118.24,21.28,0.0,5772.41,2026-08-21,UTR101675
stl_001676,pay_001676,order_001676,3050.7,61.01,10.98,0.0,2978.71,2026-08-18,UTR101676
stl_001677,pay_001677,order_001677,3945.76,78.92,14.21,0.0,3852.63,2026-08-05,UTR101677
stl_001678,pay_001678,order_001678,6330.9,126.62,22.79,0.0,6181.49,2026-08-13,UTR101678
stl_001679,pay_001679,order_001679,4613.24,92.26,16.61,0.0,4504.37,2026-08-05,UTR101679
stl_001680,pay_001680,order_001680,20630.71,412.61,74.27,0.0,20143.83,2026-08-23,UTR101680
stl_001681,pay_001681,order_001681,18367.51,367.35,66.12,0.0,17934.04,2026-08-13,UTR101681
stl_001682,pay_001682,order_001682,11442.43,228.85,41.19,0.0,11172.39,2026-08-11,UTR101682
stl_001683,pay_001683,order_001683,5637.26,112.75,20.29,0.0,5504.22,2026-08-05,UTR101683
stl_001684,pay_001684,order_001684,9086.79,181.74,32.71,0.0,8872.34,2026-08-06,UTR101684
stl_001685,pay_001685,order_001685,18150.13,363.0,65.34,0.0,17721.79,2026-08-04,UTR101685
stl_001686,pay_001686,order_001686,9955.46,199.11,35.84,0.0,9720.51,2026-08-16,UTR101686
stl_001687,pay_001687,order_001687,24242.99,484.86,87.27,0.0,23670.86,2026-08-16,UTR101687
stl_001688,pay_001688,order_001688,12580.51,251.61,45.29,0.0,12283.61,2026-08-15,UTR101688
stl_001689,pay_001689,order_001689,9105.16,182.1,32.78,0.0,8890.28,2026-08-15,UTR101689
stl_001690,pay_001690,order_001690,2985.0,59.7,10.75,0.0,2914.55,2026-08-18,UTR101690
stl_001691,pay_001691,order_001691,19823.88,396.48,71.37,0.0,19356.03,2026-08-21,UTR101691
stl_001692,pay_001692,order_001692,16448.75,328.98,59.22,0.0,16060.55,2026-08-10,UTR101692
stl_001693,pay_001693,order_001693,4485.08,89.7,16.15,0.0,4379.23,2026-08-05,UTR101693
stl_001694,pay_001694,order_001694,20080.27,401.61,72.29,0.0,19606.37,2026-08-04,UTR101694
stl_001695,pay_001695,order_001695,7725.26,154.51,27.81,0.0,7542.94,2026-08-13,UTR101695
stl_001696,pay_001696,order_001696,6897.63,137.95,24.83,0.0,6734.85,2026-08-06,UTR101696
stl_001697,pay_001697,order_001697,2317.91,46.36,8.34,0.0,2263.21,2026-08-08,UTR101697
stl_001698,pay_001698,order_001698,22254.32,445.09,80.12,0.0,21729.11,2026-08-08,UTR101698
stl_001699,pay_001699,order_001699,18433.63,368.67,66.36,0.0,17998.6,2026-08-20,UTR101699
stl_001700,pay_001700,order_001700,23574.94,471.5,84.87,0.0,23018.57,2026-08-05,UTR101700
stl_001701,pay_001701,order_001701,8779.79,175.6,31.61,0.0,8572.58,2026-08-22,UTR101701
stl_001702,pay_001702,order_001702,22384.04,447.68,80.58,0.0,21855.78,2026-08-03,UTR101702
stl_001703,pay_001703,order_001703,11067.42,221.35,39.84,0.0,10806.23,2026-08-23,UTR101703
stl_001704,pay_001704,order_001704,4542.43,90.85,16.35,0.0,4435.23,2026-08-16,UTR101704
stl_001705,pay_001705,order_001705,4349.04,86.98,15.66,0.0,4246.4,2026-08-06,UTR101705
stl_001706,pay_001706,order_001706,8611.82,172.24,31.0,0.0,8408.58,2026-08-09,UTR101706
stl_001707,pay_001707,order_001707,10527.36,210.55,37.9,0.0,10278.91,2026-08-20,UTR101707
stl_001708,pay_001708,order_001708,18189.93,363.8,65.48,0.0,17760.65,2026-08-20,UTR101708
stl_001709,pay_001709,order_001709,6998.99,139.98,25.2,0.0,6833.81,2026-08-12,UTR101709
stl_001710,pay_001710,order_001710,7786.32,155.73,28.03,0.0,7602.56,2026-08-06,UTR101710
stl_001711,pay_001711,order_001711,1716.07,34.32,6.18,0.0,1675.57,2026-08-21,UTR101711
stl_001712,pay_001712,order_001712,13966.73,279.33,50.28,0.0,13637.12,2026-08-18,UTR101712
stl_001713,pay_001713,order_001713,4262.95,85.26,15.35,0.0,4162.34,2026-08-14,UTR101713
stl_001714,pay_001714,order_001714,593.48,11.87,2.14,0.0,579.47,2026-08-05,UTR101714
stl_001715,pay_001715,order_001715,7716.46,154.33,27.78,0.0,7534.35,2026-08-23,UTR101715
stl_001716,pay_001716,order_001716,15205.28,304.11,54.74,0.0,14846.43,2026-08-09,UTR101716
stl_001717,pay_001717,order_001717,2876.18,57.52,10.35,0.0,2808.31,2026-08-09,UTR101717
stl_001718,pay_001718,order_001718,4685.39,93.71,16.87,0.0,4574.81,2026-08-12,UTR101718
stl_001719,pay_001719,order_001719,24437.91,488.76,87.98,0.0,23861.17,2026-08-18,UTR101719
stl_001720,pay_001720,order_001720,21172.34,423.45,76.22,0.0,20672.67,2026-08-12,UTR101720
stl_001721,pay_001721,order_001721,19729.48,394.59,71.03,0.0,19263.86,2026-08-18,UTR101721
stl_001722,pay_001722,order_001722,12482.87,249.66,44.94,0.0,12188.27,2026-08-11,UTR101722
stl_001723,pay_001723,order_001723,2732.85,54.66,9.84,0.0,2668.35,2026-08-20,UTR101723
stl_001724,pay_001724,order_001724,9994.41,199.89,35.98,0.0,9758.54,2026-08-14,UTR101724
stl_001725,pay_001725,order_001725,22194.57,443.89,79.9,0.0,21670.78,2026-08-14,UTR101725
stl_001726,pay_001726,order_001726,5071.28,101.43,18.26,0.0,4951.59,2026-08-04,UTR101726
stl_001727,pay_001727,order_001727,6950.75,139.02,25.02,0.0,6786.71,2026-08-17,UTR101727
stl_001728,pay_001728,order_001728,6953.32,139.07,25.03,0.0,6789.22,2026-08-11,UTR101728
stl_001729,pay_001729,order_001729,14324.04,286.48,51.57,0.0,13985.99,2026-08-07,UTR101729
stl_001730,pay_001730,order_001730,18929.76,378.6,68.15,0.0,18483.01,2026-08-06,UTR101730
stl_001731,pay_001731,order_001731,2599.83,52.0,9.36,0.0,2538.47,2026-08-14,UTR101731
stl_001732,pay_001732,order_001732,20300.41,406.01,73.08,0.0,19821.32,2026-08-16,UTR101732
stl_001733,pay_001733,order_001733,24282.29,485.65,87.42,0.0,23709.22,2026-08-21,UTR101733
stl_001734,pay_001734,order_001734,6074.06,121.48,21.87,0.0,5930.71,2026-08-04,UTR101734
stl_001735,pay_001735,order_001735,21099.53,421.99,75.96,0.0,20601.58,2026-08-19,UTR101735
stl_001736,pay_001736,order_001736,10756.49,215.13,38.72,0.0,10502.64,2026-08-20,UTR101736
stl_001737,pay_001737,order_001737,17333.16,346.66,62.4,0.0,16924.1,2026-08-18,UTR101737
stl_001738,pay_001738,order_001738,14531.5,290.63,52.31,0.0,14188.56,2026-08-10,UTR101738
stl_001739,pay_001739,order_001739,12168.43,243.37,43.81,0.0,11881.25,2026-08-05,UTR101739
stl_001740,pay_001740,order_001740,10172.71,203.45,36.62,0.0,9932.64,2026-08-04,UTR101740
stl_001741,pay_001741,order_001741,12801.49,256.03,46.09,0.0,12499.37,2026-08-19,UTR101741
stl_001742,pay_001742,order_001742,20111.03,402.22,72.4,0.0,19636.41,2026-08-22,UTR101742
stl_001743,pay_001743,order_001743,4112.47,82.25,14.8,0.0,4015.42,2026-08-17,UTR101743
stl_001744,pay_001744,order_001744,4735.53,94.71,17.05,0.0,4623.77,2026-08-08,UTR101744
stl_001745,pay_001745,order_001745,24318.04,486.36,87.54,0.0,23744.14,2026-08-09,UTR101745
stl_001746,pay_001746,order_001746,3591.56,71.83,12.93,0.0,3506.8,2026-08-16,UTR101746
stl_001747,pay_001747,order_001747,2420.03,48.4,8.71,0.0,2362.92,2026-08-16,UTR101747
stl_001748,pay_001748,order_001748,5447.02,108.94,19.61,0.0,5318.47,2026-08-23,UTR101748
stl_001749,pay_001749,order_001749,4123.02,82.46,14.84,0.0,4025.72,2026-08-22,UTR101749
stl_001750,pay_001750,order_001750,6818.22,136.36,24.54,0.0,6657.32,2026-08-05,UTR101750
stl_001751,pay_001751,order_001751,2632.17,52.64,9.48,0.0,2570.05,2026-08-20,UTR101751
stl_001752,pay_001752,order_001752,10235.2,204.7,36.85,0.0,9993.65,2026-08-13,UTR101752
stl_001753,pay_001753,order_001753,21487.29,429.75,77.36,0.0,20980.18,2026-08-19,UTR101753
stl_001754,pay_001754,order_001754,11724.85,234.5,42.21,0.0,11448.14,2026-08-03,UTR101754
stl_001755,pay_001755,order_001755,19770.49,395.41,71.17,0.0,19303.91,2026-08-22,UTR101755
stl_001756,pay_001756,order_001756,14895.61,297.91,53.62,0.0,14544.08,2026-08-16,UTR101756
stl_001757,pay_001757,order_001757,3256.71,65.13,11.72,0.0,3179.86,2026-08-07,UTR101757
stl_001758,pay_001758,order_001758,4130.89,82.62,14.87,0.0,4033.4,2026-08-21,UTR101758
stl_001759,pay_001759,order_001759,14775.59,295.51,53.19,0.0,14426.89,2026-08-06,UTR101759
stl_001760,pay_001760,order_001760,23160.74,463.21,83.38,0.0,22614.15,2026-08-21,UTR101760
stl_001761,pay_001761,order_001761,19598.85,391.98,70.56,0.0,19136.31,2026-08-12,UTR101761
stl_001762,pay_001762,order_001762,21753.14,435.06,78.31,0.0,21239.77,2026-08-14,UTR101762
stl_001763,pay_001763,order_001763,22008.39,440.17,79.23,0.0,21488.99,2026-08-11,UTR101763
stl_001764,pay_001764,order_001764,9884.57,197.69,35.58,0.0,9651.3,2026-08-18,UTR101764
stl_001765,pay_001765,order_001765,14514.57,290.29,52.25,0.0,14172.03,2026-08-18,UTR101765
stl_001766,pay_001766,order_001766,1417.91,28.36,5.1,0.0,1384.45,2026-08-11,UTR101766
stl_001767,pay_001767,order_001767,10372.86,207.46,37.34,0.0,10128.06,2026-08-22,UTR101767
stl_001768,pay_001768,order_001768,15412.05,308.24,55.48,0.0,15048.33,2026-08-15,UTR101768
stl_001769,pay_001769,order_001769,1450.17,29.0,5.22,0.0,1415.95,2026-08-13,UTR101769
stl_001770,pay_001770,order_001770,17417.59,348.35,62.7,0.0,17006.54,2026-08-04,UTR101770
stl_001771,pay_001771,order_001771,18770.87,375.42,67.58,0.0,18327.87,2026-08-11,UTR101771
stl_001772,pay_001772,order_001772,22477.27,449.55,80.92,0.0,21946.8,2026-08-03,UTR101772
stl_001773,pay_001773,order_001773,8777.72,175.55,31.6,0.0,8570.57,2026-08-12,UTR101773
stl_001774,pay_001774,order_001774,8118.26,162.37,29.23,0.0,7926.66,2026-08-18,UTR101774
stl_001775,pay_001775,order_001775,21526.75,430.54,77.5,0.0,21018.71,2026-08-06,UTR101775
stl_001776,pay_001776,order_001776,24326.17,486.52,87.57,7297.85,16454.23,2026-08-10,UTR101776
stl_001777,pay_001777,order_001777,3792.45,75.85,13.65,0.0,3702.95,2026-08-17,UTR101777
stl_001778,pay_001777,order_001777,3792.45,75.85,13.65,0.0,3702.95,2026-08-17,UTR101777
stl_001779,pay_001779,order_001779,7100.79,142.02,25.56,0.0,6907.04,2026-08-16,UTR101779
stl_001780,pay_001780,order_001780,2687.53,53.75,9.67,0.0,2624.11,2026-08-17,UTR101780
stl_001781,pay_001781,order_001781,5679.07,113.58,20.44,0.0,5545.05,2026-08-16,UTR101781
stl_001782,pay_001782,order_001782,18653.15,373.06,67.15,0.0,18212.94,2026-08-19,UTR101782
stl_001783,pay_001783,order_001783,21746.13,434.92,78.29,0.0,21232.92,2026-08-04,UTR101783
stl_001784,pay_001784,order_001784,13124.11,262.48,47.25,0.0,12814.38,2026-08-08,UTR101784
stl_001785,pay_001785,order_001785,2107.62,42.15,7.59,0.0,2057.88,2026-08-19,UTR101785
stl_001786,pay_001786,order_001786,10382.94,207.66,37.38,0.0,10137.9,2026-08-19,UTR101786
stl_001787,pay_001787,order_001787,22043.65,440.87,79.36,0.0,21523.42,2026-08-03,UTR101787
stl_001788,pay_001788,order_001788,4756.57,95.13,17.12,0.0,4644.32,2026-08-09,UTR101788
stl_001789,pay_001789,order_001789,21005.93,420.12,75.62,0.0,20510.19,2026-08-10,UTR101789
stl_001790,pay_001790,order_001790,1310.24,26.2,4.72,0.0,1279.32,2026-08-04,UTR101790
stl_001791,pay_001791,order_001791,22991.76,459.84,82.77,0.0,22449.15,2026-08-09,UTR101791
stl_001792,pay_001792,order_001792,7212.45,144.25,25.96,0.0,7042.24,2026-08-17,UTR101792
stl_001793,pay_001793,order_001793,12875.6,257.51,46.35,0.0,12571.74,2026-08-23,UTR101793
stl_001794,pay_001794,order_001794,23115.3,462.31,83.22,0.0,22569.77,2026-08-03,UTR101794
stl_001795,pay_001795,order_001795,6427.48,128.55,23.14,0.0,6275.79,2026-08-18,UTR101795
stl_001796,pay_001796,order_001796,15054.07,301.08,54.19,0.0,14698.8,2026-08-08,UTR101796
stl_001797,pay_001797,order_001797,24032.75,480.66,86.52,0.0,23465.57,2026-08-18,UTR101797
stl_001798,pay_001798,order_001798,14878.57,297.57,53.56,0.0,14527.44,2026-08-14,UTR101798
stl_001799,pay_001799,order_001799,8934.1,178.68,32.16,0.0,8723.26,2026-08-11,UTR101799
stl_001800,pay_001800,order_001800,18849.55,376.99,67.86,0.0,18404.7,2026-08-05,UTR101800
stl_001801,pay_001801,order_001801,7484.2,149.68,26.94,0.0,7307.58,2026-08-15,UTR101801
stl_001802,pay_001802,order_001802,1716.45,34.33,6.18,0.0,1675.94,2026-08-21,UTR101802
stl_001803,pay_001803,order_001803,19605.84,392.12,70.58,0.0,19143.14,2026-08-09,UTR101803
stl_001804,pay_001804,order_001804,21499.22,429.98,77.4,0.0,20991.84,2026-08-23,UTR101804
stl_001805,pay_001805,order_001805,6015.25,120.31,21.66,0.0,5873.28,2026-08-09,UTR101805
stl_001806,pay_001806,order_001806,7092.55,141.85,25.53,0.0,6925.17,2026-08-16,UTR101806
stl_001807,pay_001807,order_001807,13075.39,261.51,47.07,0.0,12766.81,2026-08-03,UTR101807
stl_001808,pay_001808,order_001808,12115.38,242.31,43.62,0.0,11829.45,2026-08-07,UTR101808
stl_001809,pay_001809,order_001809,16360.6,327.21,58.9,0.0,15974.49,2026-08-22,UTR101809
stl_001810,pay_001810,order_001810,20121.19,402.42,72.44,0.0,19646.33,2026-08-10,UTR101810
stl_001811,pay_001811,order_001811,6683.57,133.67,24.06,0.0,6525.84,2026-08-12,UTR101811
stl_001812,pay_001812,order_001812,17962.14,359.24,64.66,0.0,17538.24,2026-08-23,UTR101812
stl_001813,pay_001813,order_001813,7246.77,144.94,26.09,0.0,7075.74,2026-08-15,UTR101813
stl_001814,pay_001814,order_001814,21363.86,427.28,76.91,0.0,20859.67,2026-08-17,UTR101814
stl_001815,pay_001815,order_001815,6673.97,133.48,24.03,0.0,6516.46,2026-08-17,UTR101815
stl_001816,pay_001816,order_001816,7902.55,158.05,28.45,0.0,7716.05,2026-08-19,UTR101816
stl_001817,pay_001817,order_001817,20695.62,413.91,74.5,0.0,20207.21,2026-08-15,UTR101817
stl_001818,pay_001818,order_001818,14819.94,296.4,53.35,0.0,14470.19,2026-08-03,UTR101818
stl_001819,pay_001819,order_001819,13032.09,260.64,46.92,0.0,12724.53,2026-08-14,UTR101819
stl_001820,pay_001820,order_001820,14255.7,285.11,51.32,0.0,13919.27,2026-08-22,UTR101820
stl_001821,pay_001821,order_001821,15421.73,308.43,55.52,0.0,15057.78,2026-08-12,UTR101821
stl_001822,pay_001822,order_001822,17268.12,345.36,62.16,0.0,16860.6,2026-08-18,UTR101822
stl_001823,pay_001823,order_001823,2064.01,41.28,7.43,0.0,2015.3,2026-08-11,UTR101823
stl_001824,pay_001824,order_001824,16194.57,323.89,58.3,0.0,15812.38,2026-08-11,UTR101824
stl_001825,pay_001825,order_001825,6898.1,137.96,24.83,0.0,6735.31,2026-08-23,UTR101825
stl_001826,pay_001826,order_001826,7820.38,156.41,28.15,0.0,7635.82,2026-08-07,UTR101826
stl_001827,pay_001827,order_001827,13173.69,263.47,47.42,0.0,12862.8,2026-08-10,UTR101827
stl_001828,pay_001828,order_001828,22542.33,450.85,81.15,0.0,22010.33,2026-08-22,UTR101828
stl_001829,pay_001829,order_001829,10400.41,208.01,37.44,0.0,10154.96,2026-08-13,UTR101829
stl_001830,pay_001830,order_001830,17178.52,343.57,61.84,0.0,16773.11,2026-08-03,UTR101830
stl_001831,pay_001831,order_001831,16557.31,331.15,59.61,0.0,16166.55,2026-08-12,UTR101831
stl_001832,pay_001832,order_001832,6855.94,137.12,24.68,0.0,6694.14,2026-08-16,UTR101832
stl_001833,pay_001833,order_001833,10412.67,208.25,37.48,0.0,10166.94,2026-08-04,UTR101833
stl_001834,pay_001834,order_001834,14784.08,295.68,53.22,0.0,14435.18,2026-08-21,UTR101834
stl_001835,pay_001835,order_001835,20492.36,409.85,73.77,0.0,20008.74,2026-08-13,UTR101835
stl_001836,pay_001836,order_001836,18300.47,366.01,65.88,0.0,17868.58,2026-08-10,UTR101836
stl_001837,pay_001837,order_001837,17314.79,346.3,62.33,0.0,16906.16,2026-08-23,UTR101837
stl_001838,pay_001838,order_001838,19729.98,394.6,71.03,0.0,19264.35,2026-08-14,UTR101838
stl_001839,pay_001839,order_001839,12929.21,258.58,46.54,0.0,12624.09,2026-08-08,UTR101839
stl_001840,pay_001840,order_001840,21095.65,421.91,75.94,0.0,20597.8,2026-08-20,UTR101840
stl_001841,pay_001841,order_001841,4937.83,98.76,17.78,0.0,4821.29,2026-08-06,UTR101841
stl_001842,pay_001842,order_001842,12034.13,240.68,43.32,0.0,11750.13,2026-08-11,UTR101842
stl_001843,pay_001843,order_001843,18267.07,365.34,65.76,0.0,17835.97,2026-08-20,UTR101843
stl_001844,pay_001844,order_001844,19191.5,383.83,69.09,0.0,18738.58,2026-08-08,UTR101844
stl_001845,pay_001845,order_001845,23699.62,473.99,85.32,0.0,23140.31,2026-08-13,UTR101845
stl_001846,pay_001846,order_001846,16533.65,330.67,59.52,0.0,16143.46,2026-08-10,UTR101846
stl_001847,pay_001847,order_001847,9204.44,184.09,33.14,0.0,8987.21,2026-08-12,UTR101847
stl_001848,pay_001848,order_001848,10801.58,216.03,38.89,0.0,10546.66,2026-08-13,UTR101848
stl_001849,pay_001849,order_001849,9606.22,192.12,34.58,0.0,9379.52,2026-08-21,UTR101849
stl_001850,pay_001850,order_001850,7704.25,154.09,27.74,0.0,7522.42,2026-08-06,UTR101850
stl_001851,pay_001851,order_001851,12028.15,240.56,43.3,0.0,11744.29,2026-08-23,UTR101851
stl_001852,pay_001852,order_001852,14797.58,295.95,53.27,0.0,14448.36,2026-08-22,UTR101852
stl_001853,pay_001853,order_001853,2244.79,44.9,8.08,0.0,2191.81,2026-08-09,UTR101853
stl_001854,pay_001854,order_001854,12761.7,255.23,45.94,0.0,12460.53,2026-08-15,UTR101854
stl_001855,pay_001855,order_001855,13481.04,269.62,48.53,0.0,13162.89,2026-08-16,UTR101855
stl_001856,pay_001856,order_001856,1824.52,36.49,6.57,0.0,1781.46,2026-08-07,UTR101856
stl_001857,pay_001857,order_001857,3865.45,77.31,13.92,0.0,3774.22,2026-08-09,UTR101857
stl_001858,pay_001858,order_001858,8895.41,177.91,32.02,0.0,8685.48,2026-08-21,UTR101858
stl_001859,pay_001859,order_001859,22374.71,447.49,80.55,0.0,21846.67,2026-08-17,UTR101859
stl_001860,pay_001860,order_001860,4008.99,80.18,14.43,0.0,3914.38,2026-08-08,UTR101860
stl_001861,pay_001861,order_001861,19584.06,391.68,70.5,0.0,19121.88,2026-08-18,UTR101861
stl_001862,pay_001862,order_001862,8649.42,172.99,31.14,0.0,8445.29,2026-08-08,UTR101862
stl_001863,pay_001863,order_001863,8178.64,163.57,29.44,0.0,7985.63,2026-08-04,UTR101863
stl_001864,pay_001864,order_001864,615.48,12.31,2.22,0.0,600.95,2026-08-11,UTR101864
stl_001865,pay_001865,order_001865,5629.87,112.6,20.27,0.0,5497.0,2026-08-08,UTR101865
stl_001866,pay_001866,order_001866,14618.83,292.38,52.63,0.0,14273.82,2026-08-08,UTR101866
stl_001867,pay_001867,order_001867,12494.64,249.89,44.98,0.0,12199.77,2026-08-05,UTR101867
stl_001868,pay_001868,order_001868,3670.45,73.41,13.21,0.0,3583.83,2026-08-16,UTR101868
stl_001869,pay_001869,order_001869,16020.44,320.41,57.67,0.0,15642.36,2026-08-15,UTR101869
stl_001870,pay_001870,order_001870,11011.12,220.22,39.64,0.0,10751.26,2026-08-18,UTR101870
stl_001871,pay_001871,order_001871,9891.25,197.83,35.61,0.0,9657.81,2026-08-04,UTR101871
stl_001872,pay_001872,order_001872,13577.67,271.55,48.88,0.0,13257.24,2026-08-14,UTR101872
stl_001873,pay_001873,order_001873,23776.68,475.53,85.6,0.0,23215.55,2026-08-13,UTR101873
stl_001874,pay_001874,order_001874,19042.77,380.86,68.55,0.0,18593.36,2026-08-19,UTR101874
stl_001875,pay_001875,order_001875,5169.13,103.38,18.61,0.0,5047.14,2026-08-03,UTR101875
stl_001876,pay_001876,order_001876,15853.83,317.08,57.07,0.0,15479.68,2026-08-10,UTR101876
stl_001877,pay_001877,order_001877,6043.51,120.87,21.76,0.0,5900.88,2026-08-14,UTR101877
stl_001878,pay_001878,order_001878,8146.26,162.93,29.33,0.0,7954.0,2026-08-06,UTR101878
stl_001879,pay_001879,order_001879,9896.99,197.94,35.63,0.0,9663.42,2026-08-21,UTR101879
stl_001880,pay_001880,order_001880,7999.82,160.0,28.8,0.0,7811.02,2026-08-05,UTR101880
stl_001881,pay_001881,order_001881,20684.17,413.68,74.46,0.0,20196.03,2026-08-12,UTR101881
stl_001882,pay_001882,order_001882,23737.35,474.75,85.45,0.0,23177.15,2026-08-17,UTR101882
stl_001883,pay_001883,order_001883,18331.88,366.64,66.0,0.0,17899.24,2026-08-22,UTR101883
stl_001884,pay_001884,order_001884,13340.88,266.82,48.03,0.0,13026.03,2026-08-16,UTR101884
stl_001885,pay_001885,order_001885,22255.36,445.11,80.12,0.0,21730.13,2026-08-07,UTR101885
stl_001886,pay_001886,order_001886,8896.95,177.94,32.03,0.0,8686.98,2026-08-18,UTR101886
stl_001887,pay_001887,order_001887,9301.65,186.03,33.49,0.0,9082.13,2026-08-09,UTR101887
stl_001888,pay_001888,order_001888,4539.65,90.79,16.34,0.0,4432.52,2026-08-15,UTR101888
stl_001889,pay_001889,order_001889,968.56,19.37,3.49,0.0,945.7,2026-08-10,UTR101889
stl_001890,pay_001890,order_001890,18315.64,366.31,65.94,0.0,17883.39,2026-08-07,UTR101890
stl_001891,pay_001891,order_001891,5674.16,113.48,20.43,0.0,5540.25,2026-08-03,UTR101891
stl_001892,pay_001892,order_001892,14947.47,298.95,53.81,0.0,14594.71,2026-08-08,UTR101892
stl_001893,pay_001893,order_001893,3517.47,70.35,12.66,0.0,3434.46,2026-08-23,UTR101893
stl_001894,pay_001894,order_001894,19907.12,398.14,71.67,0.0,19437.31,2026-08-15,UTR101894
stl_001895,pay_001895,order_001895,21975.33,439.51,79.11,0.0,21456.71,2026-08-11,UTR101895
stl_001896,pay_001896,order_001896,19395.62,387.91,69.82,0.0,18937.89,2026-08-22,UTR101896
stl_001897,pay_001897,order_001897,1690.38,33.81,6.09,0.0,1650.48,2026-08-04,UTR101897
stl_001898,pay_001898,order_001898,16718.26,334.37,60.19,0.0,16323.7,2026-08-23,UTR101898
stl_001899,pay_001899,order_001899,20984.94,419.7,75.55,0.0,20489.69,2026-08-04,UTR101899
stl_001900,pay_001900,order_001900,17398.87,347.98,62.64,0.0,16988.25,2026-08-16,UTR101900
stl_001901,pay_001901,order_001901,11385.7,227.71,40.99,0.0,11117.0,2026-08-06,UTR101901
stl_001902,pay_001902,order_001902,13908.42,278.17,50.07,0.0,13580.18,2026-08-18,UTR101902
stl_001903,pay_001903,order_001903,17695.77,353.92,63.71,0.0,17278.14,2026-08-09,UTR101903
stl_001904,pay_001904,order_001904,17532.2,350.64,63.12,0.0,17118.44,2026-08-23,UTR101904
stl_001905,pay_001905,order_001905,727.96,14.56,2.62,0.0,710.78,2026-08-16,UTR101905
stl_001906,pay_001906,order_001906,16710.78,334.22,60.16,0.0,16316.4,2026-08-19,UTR101906
stl_001907,pay_001907,order_001907,7114.44,142.29,25.61,0.0,6946.54,2026-08-22,UTR101907
stl_001908,pay_001908,order_001908,17667.8,353.36,63.6,0.0,17250.84,2026-08-16,UTR101908
stl_001909,pay_001909,order_001909,20850.99,417.02,75.06,0.0,20358.91,2026-08-06,UTR101909
stl_001910,pay_001910,order_001910,13033.83,260.68,46.92,0.0,12726.23,2026-08-22,UTR101910
stl_001911,pay_001911,order_001911,3384.5,67.69,12.18,0.0,3304.63,2026-08-06,UTR101911
stl_001912,pay_001912,order_001912,19726.62,394.53,71.02,0.0,19261.07,2026-08-18,UTR101912
stl_001913,pay_001913,order_001913,5366.84,107.34,19.32,0.0,5240.18,2026-08-09,UTR101913
stl_001914,pay_001914,order_001914,19559.99,391.2,70.42,0.0,19098.37,2026-08-19,UTR101914
stl_001915,pay_001915,order_001915,24341.43,486.83,87.63,0.0,23766.97,2026-08-14,UTR101915
stl_001916,pay_001916,order_001916,17734.2,354.68,63.84,0.0,17315.68,2026-08-12,UTR101916
stl_001917,pay_001917,order_001917,4429.15,88.58,15.94,0.0,4324.63,2026-08-20,UTR101917
stl_001918,pay_001918,order_001918,12660.69,253.21,45.58,0.0,12361.9,2026-08-09,UTR101918
stl_001919,pay_001919,order_001919,17361.0,347.22,62.5,0.0,16951.28,2026-08-18,UTR101919
stl_001920,pay_001920,order_001920,8599.79,172.0,30.96,0.0,8396.83,2026-08-03,UTR101920
stl_001921,pay_001921,order_001921,812.36,16.25,2.92,0.0,793.19,2026-08-05,UTR101921
stl_001922,pay_001922,order_001922,22718.56,454.37,81.79,0.0,22182.4,2026-08-21,UTR101922
stl_001923,pay_001923,order_001923,16891.04,337.82,60.81,0.0,16492.41,2026-08-07,UTR101923
stl_001924,pay_001924,order_001924,23761.43,475.23,85.54,0.0,23200.66,2026-08-19,UTR101924
stl_001925,pay_001925,order_001925,2338.68,46.77,8.42,0.0,2283.49,2026-08-06,UTR101925
stl_001926,pay_001926,order_001926,22667.09,453.34,81.6,0.0,22132.15,2026-08-23,UTR101926
stl_001927,pay_001927,order_001927,6163.43,123.27,22.19,0.0,6017.97,2026-08-12,UTR101927
stl_001928,pay_001928,order_001928,6971.06,139.42,25.1,0.0,6806.54,2026-08-04,UTR101928
stl_001929,pay_001929,order_001929,2945.32,58.91,10.6,0.0,2875.81,2026-08-08,UTR101929
stl_001930,pay_001930,order_001930,21916.44,438.33,78.9,0.0,21399.21,2026-08-12,UTR101930
stl_001931,pay_001931,order_001931,9325.26,186.51,33.57,0.0,9105.18,2026-08-13,UTR101931
stl_001932,pay_001932,order_001932,10936.88,218.74,39.37,0.0,10678.77,2026-08-06,UTR101932
stl_001933,pay_001933,order_001933,2827.46,56.55,10.18,0.0,2760.73,2026-08-04,UTR101933
stl_001934,pay_001934,order_001934,736.97,14.74,2.65,0.0,719.58,2026-08-07,UTR101934
stl_001935,pay_001935,order_001935,16752.2,335.04,60.31,0.0,16356.85,2026-08-08,UTR101935
stl_001936,pay_001936,order_001936,8552.19,171.04,30.79,0.0,8350.36,2026-08-17,UTR101936
stl_001937,pay_001937,order_001937,23899.68,477.99,86.04,0.0,23335.65,2026-08-11,UTR101937
stl_001938,pay_001938,order_001938,22022.65,440.45,79.28,0.0,21502.92,2026-08-05,UTR101938
stl_001939,pay_001939,order_001939,9629.24,192.58,34.66,0.0,9402.0,2026-08-13,UTR101939
stl_001940,pay_001940,order_001940,4980.3,99.61,17.93,0.0,4862.76,2026-08-15,UTR101940
stl_001941,pay_001941,order_001941,10306.13,206.12,37.1,0.0,10062.91,2026-08-17,UTR101941
stl_001942,pay_001942,order_001942,7159.91,143.2,25.78,0.0,6990.93,2026-08-15,UTR101942
stl_001943,pay_001943,order_001943,17402.61,348.05,62.65,0.0,16991.91,2026-08-18,UTR101943
stl_001944,pay_001944,order_001944,20097.53,401.95,72.35,0.0,19623.23,2026-08-23,UTR101944
stl_001945,pay_001945,order_001945,22210.04,444.2,79.96,0.0,21685.88,2026-08-08,UTR101945
stl_001946,pay_001946,order_001946,3269.89,65.4,11.77,0.0,3192.72,2026-08-04,UTR101946
stl_001947,pay_001947,order_001947,24548.44,490.97,88.37,0.0,23969.1,2026-08-08,UTR101947
stl_001948,pay_001948,order_001948,3040.97,60.82,10.95,0.0,2969.2,2026-08-21,UTR101948
stl_001949,pay_001949,order_001949,12325.53,246.51,44.37,0.0,12034.65,2026-08-21,UTR101949
stl_001950,pay_001950,order_001950,17120.63,342.41,61.63,0.0,16716.59,2026-08-08,UTR101950
stl_001951,pay_001951,order_001951,15477.42,309.55,55.72,0.0,15112.15,2026-08-14,UTR101951
stl_001952,pay_001952,order_001952,15478.28,309.57,55.72,0.0,15112.99,2026-08-07,UTR101952
stl_001953,pay_001953,order_001953,12335.45,246.71,44.41,0.0,12044.33,2026-08-18,UTR101953
stl_001954,pay_001954,order_001954,3266.97,65.34,11.76,0.0,3189.87,2026-08-16,UTR101954
stl_001955,pay_001955,order_001955,11296.85,225.94,40.67,0.0,11030.24,2026-08-05,UTR101955
stl_001956,pay_001956,order_001956,6909.52,138.19,24.87,0.0,6746.46,2026-08-13,UTR101956
stl_001957,pay_001957,order_001957,802.83,16.06,2.89,0.0,783.88,2026-08-19,UTR101957
stl_001958,pay_001958,order_001958,19304.45,386.09,69.5,0.0,18848.86,2026-08-21,UTR101958
stl_001959,pay_001959,order_001959,18232.45,364.65,65.64,0.0,17802.16,2026-08-10,UTR101959
stl_001960,pay_001960,order_001960,24458.44,489.17,88.05,0.0,23881.22,2026-08-13,UTR101960
stl_001961,pay_001961,order_001961,13217.94,264.36,47.58,0.0,12906.0,2026-08-22,UTR101961
stl_001962,pay_001962,order_001962,2833.43,56.67,10.2,0.0,2766.56,2026-08-10,UTR101962
stl_001963,pay_001963,order_001963,12307.28,246.15,44.31,0.0,12016.82,2026-08-23,UTR101963
stl_001964,pay_001964,order_001964,9929.48,198.59,35.75,0.0,9695.14,2026-08-20,UTR101964
stl_001965,pay_001965,order_001965,22355.52,447.11,80.48,0.0,21827.93,2026-08-22,UTR101965
stl_001966,pay_001966,order_001966,1836.87,36.74,6.61,0.0,1793.52,2026-08-23,UTR101966
stl_001967,pay_001967,order_001967,23392.1,467.84,84.21,0.0,22840.05,2026-08-19,UTR101967
stl_001968,pay_001968,order_001968,21296.72,425.93,76.67,0.0,20794.12,2026-08-18,UTR101968
stl_001969,pay_001969,order_001969,21800.68,436.01,78.48,0.0,21286.19,2026-08-05,UTR101969
stl_001970,pay_001970,order_001970,18910.04,378.2,68.08,0.0,18463.76,2026-08-13,UTR101970
stl_001971,pay_001971,order_001971,6401.85,128.04,23.05,0.0,6250.76,2026-08-11,UTR101971
stl_001972,pay_001972,order_001972,1733.59,34.67,6.24,0.0,1692.68,2026-08-10,UTR101972
stl_001973,pay_001973,order_001973,13987.14,279.74,50.35,0.0,13657.05,2026-08-15,UTR101973
stl_001974,pay_001974,order_001974,10380.29,207.61,37.37,0.0,10135.31,2026-08-10,UTR101974
stl_001975,pay_001975,order_001975,2431.35,48.63,8.75,0.0,2373.97,2026-08-17,UTR101975
stl_001976,pay_001976,order_001976,20130.9,402.62,72.47,0.0,19655.81,2026-08-17,UTR101976
stl_001977,pay_001977,order_001977,2656.49,53.13,9.56,0.0,2593.8,2026-08-18,UTR101977
stl_001978,pay_001978,order_001978,11453.17,229.06,41.23,0.0,11182.88,2026-08-06,UTR101978
stl_001979,pay_001979,order_001979,24526.43,490.53,88.3,0.0,23947.6,2026-08-23,UTR101979
stl_001980,pay_001980,order_001980,935.34,18.71,3.37,0.0,913.26,2026-08-15,UTR101980
stl_001981,pay_001981,order_001981,10602.29,212.05,38.17,0.0,10352.07,2026-08-20,UTR101981
stl_001982,pay_001982,order_001982,13952.92,279.06,50.23,0.0,13623.63,2026-08-05,UTR101982
stl_001983,pay_001983,order_001983,19898.69,397.97,71.63,0.0,19429.09,2026-08-22,UTR101983
stl_001984,pay_001984,order_001984,16119.68,322.39,58.03,0.0,15739.26,2026-08-19,UTR101984
stl_001985,pay_001985,order_001985,14277.15,285.54,51.4,0.0,13940.21,2026-08-23,UTR101985
stl_001986,pay_001986,order_001986,16951.12,339.02,61.02,0.0,16551.08,2026-08-13,UTR101986
stl_001987,pay_001987,order_001987,9401.89,188.04,33.85,0.0,9180.0,2026-08-04,UTR101987
stl_001988,pay_001988,order_001988,20506.42,410.13,73.82,0.0,20022.47,2026-08-17,UTR101988
stl_001989,pay_001989,order_001989,8633.33,172.67,31.08,0.0,8429.58,2026-08-22,UTR101989
stl_001990,pay_001990,order_001990,15198.8,303.98,54.72,0.0,14840.1,2026-08-14,UTR101990
stl_001991,pay_001991,order_001991,18039.88,360.8,64.94,0.0,17614.14,2026-08-06,UTR101991
stl_001992,pay_001992,order_001992,2887.21,57.74,10.39,0.0,2819.08,2026-08-10,UTR101992
stl_001993,pay_001993,order_001993,553.83,11.08,1.99,0.0,540.76,2026-08-14,UTR101993
stl_001994,pay_001994,order_001994,20832.16,416.64,75.0,0.0,20340.52,2026-08-12,UTR101994
stl_001995,pay_001995,order_001995,13918.42,278.37,50.11,0.0,13589.94,2026-08-14,UTR101995
stl_001996,pay_001996,order_001996,17701.35,354.03,63.73,0.0,17283.59,2026-08-04,UTR101996
stl_001997,pay_001997,order_001997,22473.49,449.47,80.9,0.0,21943.12,2026-08-18,UTR101997
stl_001998,pay_001998,order_001998,3941.01,78.82,14.19,1182.3,2665.7,2026-08-16,UTR101998
stl_001999,pay_001999,order_001999,3120.56,62.41,11.23,0.0,3046.92,2026-08-22,UTR101999
stl_002000,pay_001999,order_001999,3120.56,62.41,11.23,0.0,3046.92,2026-08-22,UTR101999
stl_002001,pay_002901,order_002901,17023.03,340.46,61.28,0.0,16621.29,2026-08-15,UTR102901
stl_002002,pay_002902,order_002902,7018.25,140.37,25.27,0.0,6852.61,2026-08-09,UTR102902
